{"type":"FeatureCollection","features":[{"type":"Feature","id":0,"geometry":{"type":"Polygon","coordinates":[[[50.204537730525452,26.296218524916142],[50.204604811524057,26.296208291914557],[50.204606523524347,26.296218190914537],[50.204728284521529,26.296191752911657],[50.204726852521304,26.296182621911687],[50.204726344521255,26.296179382911738],[50.204766970520417,26.296174183910789],[50.204786255522848,26.296269611910322],[50.204793925522736,26.29626968791019],[50.204822349526459,26.296416355909543],[50.204581622531563,26.296455462915187],[50.204537730525452,26.296218524916142]]]},"properties":{"FID":0,"OBJECTID":1172056,"fclass":"Building","name":"Private","type":"Commercial/Residential","Shape_Leng":0.0009952560604520001,"Shape_Area":5.71686256681e-08,"Road_Name":"Prince Miqren Bin Abdulaziz Street","GlobalID":"{DE7AE8BA-1197-40B4-8165-7EE5923E96E8}","created_us":" ","created_da":null,"last_edite":"RASOO","last_edi_1":1769990400000,"VALIDATION":2}},{"type":"Feature","id":1,"geometry":{"type":"Polygon","coordinates":[[[50.204621803492302,26.295113777913805],[50.20462277949251,26.295120307913795],[50.20470088049089,26.295109318911926],[50.20471541149287,26.295185481911631],[50.204710684492944,26.295186455911736],[50.20468393549357,26.295191962912391],[50.20468776849409,26.295212403912309],[50.204616452495706,26.295227636913982],[50.204593264492978,26.295119723914457],[50.204621803492302,26.295113777913805]]]},"properties":{"FID":1,"OBJECTID":1172060,"fclass":"Building","name":"Private","type":"Residential","Shape_Leng":0.00042839592243399999,"Shape_Area":1.03284398505e-08,"Road_Name":"Prince Ahmad Street","GlobalID":"{7C41FA7D-7F1E-4C93-8DDD-5775AE6FF602}","created_us":" ","created_da":null,"last_edite":"RASOO","last_edi_1":1769990400000,"VALIDATION":2}},{"type":"Feature","id":2,"geometry":{"type":"Polygon","coordinates":[[[50.205257563530665,26.296812442899526],[50.205284239529391,26.296783053898878],[50.205383225527306,26.296767125896572],[50.205382356526975,26.29675592489658],[50.205468264525209,26.29674281189461],[50.20547414252578,26.296767227894453],[50.205461099526069,26.29676859989474],[50.205483913528973,26.296883445894274],[50.205280170533271,26.296915984899066],[50.205257563530665,26.296812442899526]]]},"properties":{"FID":2,"OBJECTID":1172067,"fclass":"Building","name":"Private","type":"Commercial","Shape_Leng":0.00070571213860599999,"Shape_Area":2.7862245875400002e-08,"Road_Name":"19th Street","GlobalID":"{A16295BA-3EC7-4A75-A935-6C07854439C1}","created_us":" ","created_da":null,"last_edite":"RASOO","last_edi_1":1769990400000,"VALIDATION":2}},{"type":"Feature","id":3,"geometry":{"type":"Polygon","coordinates":[[[50.206937205455496,26.295160187859736],[50.207083350452251,26.29513185985633],[50.207148295450864,26.295120316854838],[50.207153924451767,26.295155720854677],[50.20715923545167,26.295155119854542],[50.207175106453199,26.295217023854207],[50.207157523453596,26.295220474854609],[50.20715171645265,26.295185635854772],[50.207098336453775,26.295193885856033],[50.207105312454722,26.295230722855859],[50.206989000457305,26.295253551858572],[50.206985752456951,26.295238530858668],[50.206955307457655,26.295245370859355],[50.206937205455496,26.295160187859736]]]},"properties":{"FID":3,"OBJECTID":1172070,"fclass":"Building","name":"Private","type":"Residential","Shape_Leng":0.00071685971251099999,"Shape_Area":1.9588383078800001e-08,"Road_Name":"Prince Abdul Mohshin Street","GlobalID":"{F8D9F59B-712C-4E0B-9DD3-52C11760875F}","created_us":" ","created_da":null,"last_edite":"RASOO","last_edi_1":1769990400000,"VALIDATION":2}},{"type":"Feature","id":4,"geometry":{"type":"Polygon","coordinates":[[[50.20382240858099,26.297740978933351],[50.204013733576808,26.297705248928892],[50.204035299579843,26.297823599928396],[50.203841403583908,26.297852960932971],[50.20382240858099,26.297740978933351]]]},"properties":{"FID":4,"OBJECTID":1172071,"fclass":"Building","name":"Private","type":"Residential","Shape_Leng":0.000624620553023,"Shape_Area":2.2842316159299999e-08,"Road_Name":"20th Street","GlobalID":"{8E68949E-8B1E-4AC0-9DF0-D6B5928C668E}","created_us":" ","created_da":null,"last_edite":"RASOO","last_edi_1":1769990400000,"VALIDATION":2}},{"type":"Feature","id":5,"geometry":{"type":"Polygon","coordinates":[[[50.205086124572809,26.29817978290399],[50.205165712571265,26.298171444902145],[50.205179355573897,26.298271497901855],[50.205104695575415,26.298281350903594],[50.205086124572809,26.29817978290399]]]},"properties":{"FID":5,"OBJECTID":1172074,"fclass":"Building","name":"Private","type":"Residential","Shape_Leng":0.00035956163459900003,"Shape_Area":7.9214102193399992e-09,"Road_Name":"Prince Miqren Bin Abdulaziz Street","GlobalID":"{AB6CDE83-6EA9-4A51-B43F-AEB0C05DD107}","created_us":" ","created_da":null,"last_edite":"RASOO","last_edi_1":1769990400000,"VALIDATION":2}},{"type":"Feature","id":6,"geometry":{"type":"Polygon","coordinates":[[[50.20719885548862,26.296463976854092],[50.20741264248403,26.296426873849072],[50.207439144487203,26.296551611848503],[50.20722641749164,26.296584474853489],[50.20719885548862,26.296463976854092]]]},"properties":{"FID":6,"OBJECTID":1172085,"fclass":"Building","name":"Private","type":"Residential","Shape_Leng":0.00068336544422400005,"Shape_Area":2.7094807285700001e-08,"Road_Name":"19th Street","GlobalID":"{7C26D9C7-371E-41DB-AE66-5C64B186A2C9}","created_us":" ","created_da":null,"last_edite":"RASOO","last_edi_1":1769990400000,"VALIDATION":2}},{"type":"Feature","id":7,"geometry":{"type":"Polygon","coordinates":[[[50.206668867457147,26.295064316865986],[50.206756914455276,26.295048811863911],[50.206767236456564,26.295100421863697],[50.206731293457345,26.295107079864554],[50.206733683457777,26.295122413864515],[50.206760492457207,26.295119582863872],[50.206772970458694,26.295177324863626],[50.206698551460313,26.295190354865355],[50.206668867457147,26.295064316865986]]]},"properties":{"FID":7,"OBJECTID":1172086,"fclass":"Building","name":"Private","type":"Residential","Shape_Leng":0.00048517783705599997,"Shape_Area":1.00691186445e-08,"Road_Name":"Prince Abdul Rahman Street","GlobalID":"{C113D3FF-8DBA-4AAD-A4F4-1BCF257D55F8}","created_us":" ","created_da":null,"last_edite":"RASOO","last_edi_1":1769990400000,"VALIDATION":2}},{"type":"Feature","id":8,"geometry":{"type":"Polygon","coordinates":[[[50.205758511476127,26.295202956887287],[50.205968775471668,26.295167504882404],[50.205979370472804,26.295213143882108],[50.205989964472558,26.295210698881913],[50.206003819474446,26.295283638881614],[50.205779701479159,26.29531949788684],[50.205758511476127,26.295202956887287]]]},"properties":{"FID":8,"OBJECTID":1172100,"fclass":"Building","name":"Private","type":"Residential","Shape_Leng":0.000690621522257,"Shape_Area":2.64888178834e-08,"Road_Name":"Prince Methab Street","GlobalID":"{6DE6B9D3-E06F-4B2B-B108-6CD337EFFEDD}","created_us":" ","created_da":null,"last_edite":"RASOO","last_edi_1":1769990400000,"VALIDATION":2}},{"type":"Feature","id":9,"geometry":{"type":"Polygon","coordinates":[[[50.204585824595469,26.298681289915876],[50.204806172590828,26.298647170910691],[50.204831128594321,26.298783055910185],[50.204618183599067,26.29882549891515],[50.204585824595469,26.298681289915876]]]},"properties":{"FID":9,"OBJECTID":1172101,"fclass":"Building","name":"Private","type":"Commercial/Residential","Shape_Leng":0.00072606000096300002,"Shape_Area":3.1437730140399999e-08,"Road_Name":"22nd Street","GlobalID":"{8190E254-39E2-4855-BCA2-276E55A26490}","created_us":" ","created_da":null,"last_edite":"RASOO","last_edi_1":1769990400000,"VALIDATION":2}},{"type":"Feature","id":10,"geometry":{"type":"Polygon","coordinates":[[[50.206985068493246,26.296500727859083],[50.207175183489277,26.296473252854668],[50.207199915492318,26.296591895854139],[50.207062809495191,26.296613097857307],[50.207058922494717,26.296594369857399],[50.207002710495971,26.296606078858705],[50.206985068493246,26.296500727859083]]]},"properties":{"FID":10,"OBJECTID":1172104,"fclass":"Building","name":"Private","type":"Commercial/Residential","Shape_Leng":0.00063538268700100002,"Shape_Area":2.26998004379e-08,"Road_Name":"19th Street","GlobalID":"{1ECBE75E-00A5-415A-BDE9-9A796CF8C0AD}","created_us":" ","created_da":null,"last_edite":"RASOO","last_edi_1":1769990400000,"VALIDATION":2}},{"type":"Feature","id":11,"geometry":{"type":"Polygon","coordinates":[[[50.206403991505496,26.296595306872685],[50.206600928501182,26.296558059868097],[50.206628328504422,26.296686069867484],[50.206431391508701,26.296722031872125],[50.206403991505496,26.296595306872685]]]},"properties":{"FID":11,"OBJECTID":1172115,"fclass":"Building","name":"Private","type":"Residential","Shape_Leng":0.00066118478478799998,"Shape_Area":2.6086336647899999e-08,"Road_Name":"19th Street","GlobalID":"{93A4D6F6-24F6-4EB7-8A83-FDD838EFE5F6}","created_us":" ","created_da":null,"last_edite":"RASOO","last_edi_1":1769990400000,"VALIDATION":2}},{"type":"Feature","id":12,"geometry":{"type":"Polygon","coordinates":[[[50.203708556570575,26.297312280935866],[50.203943129565765,26.297279765930384],[50.203970535568857,26.297404251929798],[50.203734424573838,26.297441686935272],[50.203708556570575,26.297312280935866]]]},"properties":{"FID":12,"OBJECTID":1172123,"fclass":"Building","name":"Private","type":"Residential","Shape_Leng":0.00073530921942399998,"Shape_Area":3.0807354603299997e-08,"Road_Name":"Prince Mamdouh Street","GlobalID":"{083760EC-A02A-452D-A192-0642076D33F3}","created_us":" ","created_da":null,"last_edite":"RASOO","last_edi_1":1769990400000,"VALIDATION":2}},{"type":"Feature","id":13,"geometry":{"type":"Polygon","coordinates":[[[50.204289644526519,26.296113116921873],[50.204348506534046,26.2964084759206],[50.204125518538618,26.296440274925811],[50.204067159531192,26.296147879927112],[50.204289644526519,26.296113116921873]]]},"properties":{"FID":13,"OBJECTID":1172144,"fclass":"Building","name":"Private","type":"Commercial/Residential","Shape_Leng":0.00104975762056,"Shape_Area":6.7407750461300003e-08,"Road_Name":"Prince Miqren Bin Abdulaziz Street","GlobalID":"{A48AF906-7153-4DA8-9713-9796BAF96158}","created_us":" ","created_da":null,"last_edite":"RASOO","last_edi_1":1769990400000,"VALIDATION":2}},{"type":"Feature","id":14,"geometry":{"type":"Polygon","coordinates":[[[50.203596569524024,26.295628971937912],[50.203625570527549,26.295767320937273],[50.203411972532209,26.295807296942268],[50.203384144528492,26.295661893942885],[50.203596569524024,26.295628971937912]]]},"properties":{"FID":14,"OBJECTID":1172146,"fclass":"Building","name":"Private","type":"Residential","Shape_Leng":0.00072166561503199996,"Shape_Area":3.1256899680899999e-08,"Road_Name":"Prince Mamdouh Street","GlobalID":"{CD3D1A27-9BD8-457E-8911-3F04FFEC8BA7}","created_us":" ","created_da":null,"last_edite":"RASOO","last_edi_1":1769990400000,"VALIDATION":2}},{"type":"Feature","id":15,"geometry":{"type":"Polygon","coordinates":[[[50.203739770607619,26.298619312935568],[50.203953299603008,26.29858149993057],[50.203974272606573,26.298717105930141],[50.203763850611196,26.298757548935058],[50.203739770607619,26.298619312935568]]]},"properties":{"FID":15,"OBJECTID":1172151,"fclass":"Building","name":"Private","type":"Residential","Shape_Leng":0.00070866045302699998,"Shape_Area":2.9905314330099999e-08,"Road_Name":"Prince Abdul Salam Street","GlobalID":"{12937A34-AA46-4DB3-A89E-2AFCA354622F}","created_us":" ","created_da":null,"last_edite":"RASOO","last_edi_1":1769990400000,"VALIDATION":2}},{"type":"Feature","id":16,"geometry":{"type":"Polygon","coordinates":[[[50.205863600488506,26.295692499885003],[50.206049767484721,26.295668126880681],[50.206081912484926,26.295694707879917],[50.206104166487258,26.295786815879421],[50.20588860049174,26.295819799884445],[50.205863600488506,26.295692499885003]]]},"properties":{"FID":16,"OBJECTID":1172161,"fclass":"Building","name":"Private","type":"Residential","Shape_Leng":0.00067203190358000001,"Shape_Area":2.7028635879899999e-08,"Road_Name":"17th Street","GlobalID":"{6A9DFFB6-2267-4A5E-9E7B-760741DBBE99}","created_us":" ","created_da":null,"last_edite":"RASOO","last_edi_1":1769990400000,"VALIDATION":2}},{"type":"Feature","id":17,"geometry":{"type":"Polygon","coordinates":[[[50.20482879251054,26.295867203909243],[50.204941351508211,26.295850907906598],[50.204965607511546,26.29598014190605],[50.204848879513925,26.295996438908787],[50.20482879251054,26.295867203909243]]]},"properties":{"FID":17,"OBJECTID":1172172,"fclass":"Building","name":"Private","type":"Residential","Shape_Leng":0.00049387004709100003,"Shape_Area":1.517721325e-08,"Road_Name":"17th Street","GlobalID":"{1867D14F-612A-48A8-AF7C-CAE4A7ABB785}","created_us":" ","created_da":null,"last_edite":"RASOO","last_edi_1":1769990400000,"VALIDATION":2}},{"type":"Feature","id":18,"geometry":{"type":"Polygon","coordinates":[[[50.206661670504239,26.296699306866724],[50.206798041501372,26.296677284863534],[50.206802780501889,26.296697662863416],[50.20685346950075,26.296687798862244],[50.206872565503048,26.296777915861846],[50.206686878507035,26.296810002866152],[50.206661670504239,26.296699306866724]]]},"properties":{"FID":18,"OBJECTID":1172174,"fclass":"Building","name":"Private","type":"Residential","Shape_Leng":0.00060478622041899995,"Shape_Area":2.0221259334199999e-08,"Road_Name":"Prince Abdul Rahman Street","GlobalID":"{25C58C50-FF76-4F9B-BA60-977032178EBF}","created_us":" ","created_da":null,"last_edite":"RASOO","last_edi_1":1769990400000,"VALIDATION":2}},{"type":"Feature","id":19,"geometry":{"type":"Polygon","coordinates":[[[50.203979178518402,26.295653304928994],[50.204133665515172,26.295628552925375],[50.204137079515988,26.295659279925317],[50.204172927515295,26.295656291924487],[50.204185832517069,26.295724932924188],[50.203993907520889,26.29574725692866],[50.203979178518402,26.295653304928994]]]},"properties":{"FID":19,"OBJECTID":1172180,"fclass":"Building","name":"Private","type":"Commercial/Residential","Shape_Leng":0.00058150779432199998,"Shape_Area":1.7883275526899998e-08,"Road_Name":"Prince Miqren Bin Abdulaziz Street","GlobalID":"{BDE9EA61-275D-47AB-B8A8-192727C81ACA}","created_us":" ","created_da":null,"last_edite":"RASOO","last_edi_1":1769990400000,"VALIDATION":2}},{"type":"Feature","id":20,"geometry":{"type":"Polygon","coordinates":[[[50.206315335482522,26.295744966874469],[50.206303827482763,26.295746610874744],[50.206306508483237,26.295764739874699],[50.206264230484209,26.295772844875692],[50.206221610485102,26.295781014876695],[50.206211429483183,26.295708487876873],[50.206235143482722,26.295705198876362],[50.206251932482388,26.295702256875927],[50.206240501480721,26.295638743876189],[50.20624370048057,26.295635499876077],[50.206412553476703,26.295597777872128],[50.206415440477102,26.295613702872082],[50.206369861478066,26.295619749873147],[50.206372601478513,26.295638106873074],[50.206407399477762,26.295632078872288],[50.206414533478778,26.295670364872141],[50.206397261479147,26.295674274872525],[50.206400549479532,26.295689070872463],[50.20642813947893,26.295683755871806],[50.206438241480342,26.295739486871618],[50.206384406481561,26.295749806872891],[50.206381643481194,26.295735102872925],[50.206315335482522,26.295744966874469]]]},"properties":{"FID":20,"OBJECTID":1172184,"fclass":"Building","name":"Private","type":"Residential","Shape_Leng":0.00088212476098399996,"Shape_Area":2.5028364274300001e-08,"Road_Name":"17th Street","GlobalID":"{D8BECB98-999A-43E1-A1EE-2EE200B2BBD3}","created_us":" ","created_da":null,"last_edite":"RASOO","last_edi_1":1769990400000,"VALIDATION":2}},{"type":"Feature","id":21,"geometry":{"type":"Polygon","coordinates":[[[50.206965862458866,26.295295128859113],[50.207058951456901,26.29527913885692],[50.207067113458109,26.295324656856792],[50.207077678457843,26.295322895856515],[50.207092104459704,26.295395475856207],[50.207073135460085,26.295397916856636],[50.207073890460435,26.295411092856671],[50.206980295462401,26.295424434858852],[50.20696990646087,26.295365613859076],[50.206980414460645,26.295363731858849],[50.206965862458866,26.295295128859113]]]},"properties":{"FID":21,"OBJECTID":1172192,"fclass":"Building","name":"Private","type":"Residential","Shape_Leng":0.00049280705344299997,"Shape_Area":1.3590530137300001e-08,"Road_Name":"17th Street","GlobalID":"{09195243-A17F-4DB3-AB91-313C5AAE1C83}","created_us":" ","created_da":null,"last_edite":"RASOO","last_edi_1":1769990400000,"VALIDATION":2}},{"type":"Feature","id":22,"geometry":{"type":"Polygon","coordinates":[[[50.203280997551502,26.296403667945558],[50.203314194550792,26.296397677944753],[50.203308156549795,26.296359124944907],[50.203290504550139,26.296360982945334],[50.203281183548668,26.296306088945517],[50.203483737544445,26.296275514940792],[50.203512537548299,26.296424154940134],[50.203292827553035,26.296463172945266],[50.203280997551502,26.296403667945558]]]},"properties":{"FID":22,"OBJECTID":1172200,"fclass":"Building","name":"Private","type":"Residential","Shape_Leng":0.00078625536824199996,"Shape_Area":3.2074634580299999e-08,"Road_Name":"Prince Abdul Salam Street","GlobalID":"{E7E4BA4C-0CA9-4E53-9AAD-E67DC0876960}","created_us":" ","created_da":null,"last_edite":"RASOO","last_edi_1":1769990400000,"VALIDATION":2}},{"type":"Feature","id":23,"geometry":{"type":"Polygon","coordinates":[[[50.2054300675211,26.296579224895421],[50.205461737520473,26.296575460894697],[50.20546962152163,26.296619714894508],[50.205438084522299,26.296624292895267],[50.2054300675211,26.296579224895421]]]},"properties":{"FID":23,"OBJECTID":1172202,"fclass":"Building","name":"Private","type":"Commercial/Residential","Shape_Leng":0.00015448673862100001,"Shape_Area":1.44460544882e-09,"Road_Name":"19th Street","GlobalID":"{8D7AD1CB-913D-40B9-9606-D6D9946C207B}","created_us":" ","created_da":null,"last_edite":"RASOO","last_edi_1":1769990400000,"VALIDATION":2}},{"type":"Feature","id":24,"geometry":{"type":"Polygon","coordinates":[[[50.205911031495262,26.295955138884004],[50.206144052490217,26.295913964878508],[50.206197745497086,26.296184684877357],[50.205965410502046,26.296222665882784],[50.205911031495262,26.295955138884004]]]},"properties":{"FID":24,"OBJECTID":1172216,"fclass":"Building","name":"Private","type":"Residential","Shape_Leng":0.00102104066725,"Shape_Area":6.4757727511399999e-08,"Road_Name":"Prince Methab Street","GlobalID":"{217788AE-EE4F-4C9B-91A1-6BBB028A4E83}","created_us":" ","created_da":null,"last_edite":"RASOO","last_edi_1":1769990400000,"VALIDATION":2}},{"type":"Feature","id":25,"geometry":{"type":"Polygon","coordinates":[[[50.205584378488048,26.295516963891494],[50.205803637483314,26.295477844886353],[50.205825369487037,26.295620314885856],[50.205647644490966,26.295655569890016],[50.205601764490851,26.295623694891091],[50.205584378488048,26.295516963891494]]]},"properties":{"FID":25,"OBJECTID":1172217,"fclass":"Building","name":"Private","type":"Residential","Shape_Leng":0.000712030901779,"Shape_Area":3.1647398762600002e-08,"Road_Name":"17th Street","GlobalID":"{F6627E45-52AE-4A29-8DC0-305F3DAC0566}","created_us":" ","created_da":null,"last_edite":"RASOO","last_edi_1":1769990400000,"VALIDATION":2}},{"type":"Feature","id":26,"geometry":{"type":"Polygon","coordinates":[[[50.20374407957803,26.297591612935122],[50.203773586581121,26.297717325934517],[50.203551555585989,26.297758201939669],[50.20352290458267,26.29762757094031],[50.20374407957803,26.297591612935122]]]},"properties":{"FID":26,"OBJECTID":1172219,"fclass":"Building","name":"Private","type":"Residential","Shape_Leng":0.00071270675393999997,"Shape_Area":2.9520427662599999e-08,"Road_Name":"Prince Abdul Salam Street","GlobalID":"{17924B78-790D-4972-BF52-86B04F0DA15E}","created_us":" ","created_da":null,"last_edite":"RASOO","last_edi_1":1769990400000,"VALIDATION":2}},{"type":"Feature","id":27,"geometry":{"type":"Polygon","coordinates":[[[50.206789433472643,26.295671831863398],[50.206783136471678,26.29563530886352],[50.206801961471292,26.295633320863072],[50.206796286470329,26.295595147863182],[50.206817140469845,26.295591859862682],[50.206808954468578,26.295543372862898],[50.206994587464393,26.295503747858554],[50.207016054467097,26.295609492858073],[50.206987431467773,26.295616647858726],[50.206984648467376,26.295602137858829],[50.206951802468133,26.295608038859537],[50.20695677146891,26.295638474859466],[50.206789433472643,26.295671831863398]]]},"properties":{"FID":27,"OBJECTID":1172230,"fclass":"Building","name":"Private","type":"Residential","Shape_Leng":0.00074170519401400002,"Shape_Area":2.44445388949e-08,"Road_Name":"17th Street","GlobalID":"{480EA76A-2A29-4916-AED1-F6C2A5B5CF4C}","created_us":" ","created_da":null,"last_edite":"RASOO","last_edi_1":1769990400000,"VALIDATION":2}},{"type":"Feature","id":28,"geometry":{"type":"Polygon","coordinates":[[[50.203279106515382,26.295146004945192],[50.203475680511112,26.295110571940583],[50.20350976851114,26.295131267939773],[50.203519873512363,26.295179583939564],[50.20354681851601,26.295321655939002],[50.203320238520845,26.295360235944273],[50.203296797517552,26.295232111944756],[50.203279106515382,26.295146004945192]]]},"properties":{"FID":28,"OBJECTID":1172231,"fclass":"Building","name":"Private","type":"Commercial/Residential","Shape_Leng":0.00088158396301700004,"Shape_Area":4.9875153143399999e-08,"Road_Name":"16th Street","GlobalID":"{09F35635-C22A-448B-B440-EF2990A3785C}","created_us":" ","created_da":null,"last_edite":"RASOO","last_edi_1":1769990400000,"VALIDATION":2}},{"type":"Feature","id":29,"geometry":{"type":"Polygon","coordinates":[[[50.203176353584297,26.297485510948377],[50.20337658958001,26.29745090794367],[50.203401053583278,26.297577275943141],[50.203197682587465,26.297606541947914],[50.203176353584297,26.297485510948377]]]},"properties":{"FID":29,"OBJECTID":1172233,"fclass":"Building","name":"Private","type":"Residential","Shape_Leng":0.00066028012190199996,"Shape_Area":2.5694180328599999e-08,"Road_Name":"Prince Abdul Salam Street","GlobalID":"{AD00E7F1-507A-4F8D-9344-93345F8D4A7E}","created_us":" ","created_da":null,"last_edite":"RASOO","last_edi_1":1769990400000,"VALIDATION":2}},{"type":"Feature","id":30,"geometry":{"type":"Polygon","coordinates":[[[50.206208989529564,26.297320860877448],[50.206433497524472,26.297271570872219],[50.206462868528433,26.297426868871625],[50.206234309533365,26.297466706876932],[50.206208989529564,26.297320860877448]]]},"properties":{"FID":30,"OBJECTID":1172243,"fclass":"Building","name":"Private","type":"Residential","Shape_Leng":0.00076793855148500005,"Shape_Area":3.5328227030599998e-08,"Road_Name":"20th Street","GlobalID":"{BED19D34-5B7D-4A64-B27D-51F27D1F6A79}","created_us":" ","created_da":null,"last_edite":"RASOO","last_edi_1":1769990400000,"VALIDATION":2}},{"type":"Feature","id":31,"geometry":{"type":"Polygon","coordinates":[[[50.202892800612084,26.298288900955264],[50.202983466610412,26.298282450953138],[50.202987335611645,26.298327046953069],[50.202901461613237,26.298334970955068],[50.202892800612084,26.298288900955264]]]},"properties":{"FID":31,"OBJECTID":1172245,"fclass":"Building","name":"Private","type":"Residential","Shape_Leng":0.00026877452146499998,"Shape_Area":4.0465704661100002e-09,"Road_Name":"Prince Hathool Street","GlobalID":"{F57BC1E7-098D-4231-BB98-173DDF442D5F}","created_us":" ","created_da":null,"last_edite":"RASOO","last_edi_1":1769990400000,"VALIDATION":2}},{"type":"Feature","id":32,"geometry":{"type":"Polygon","coordinates":[[[50.205885332492088,26.295829933884558],[50.206102775487643,26.29579979787945],[50.206122247490526,26.295912923879058],[50.205907000495095,26.29594759988408],[50.205885332492088,26.295829933884558]]]},"properties":{"FID":32,"OBJECTID":1172256,"fclass":"Building","name":"Private","type":"Residential","Shape_Leng":0.00067197764203600003,"Shape_Area":2.56319390401e-08,"Road_Name":"Prince Methab Street","GlobalID":"{F18734EC-9EFD-4BC4-AE8E-FD3812D54269}","created_us":" ","created_da":null,"last_edite":"RASOO","last_edi_1":1769990400000,"VALIDATION":2}},{"type":"Feature","id":33,"geometry":{"type":"Polygon","coordinates":[[[50.206317510495793,26.29620742687457],[50.206750771486618,26.29613635786443],[50.206786300490712,26.296299199863661],[50.206803566492567,26.296373902863291],[50.206444765500272,26.29643653487172],[50.206431380498721,26.296374138871968],[50.20635169450037,26.296385567873813],[50.206317510495793,26.29620742687457]]]},"properties":{"FID":33,"OBJECTID":1172261,"fclass":"Building","name":"Mosque","type":"Religious","Shape_Leng":0.0013723309198499999,"Shape_Area":1.03200209982e-07,"Road_Name":"19th Street","GlobalID":"{18D3CE33-D9C8-4D24-8148-4020E5E5F2CE}","created_us":" ","created_da":null,"last_edite":"RASOO","last_edi_1":1769472000000,"VALIDATION":0}},{"type":"Feature","id":34,"geometry":{"type":"Polygon","coordinates":[[[50.203441932563443,26.296910951941943],[50.203421494564822,26.296948576942448],[50.203384799564873,26.296927673943287],[50.203357858561056,26.296780891943868],[50.203573851556591,26.296747911938855],[50.203585230558424,26.296818513938611],[50.203558057558944,26.296822231939203],[50.203570201560815,26.29689284793896],[50.203441932563443,26.296910951941943]]]},"properties":{"FID":34,"OBJECTID":1172262,"fclass":"Building","name":"Private","type":"Residential","Shape_Leng":0.00075291118626099999,"Shape_Area":2.9988459330599998e-08,"Road_Name":"19th Street","GlobalID":"{0566DDB5-5795-43AA-8C46-B4A47890545E}","created_us":" ","created_da":null,"last_edite":"RASOO","last_edi_1":1769990400000,"VALIDATION":2}},{"type":"Feature","id":35,"geometry":{"type":"Polygon","coordinates":[[[50.205459352517849,26.296481467894708],[50.205627451514204,26.296452855890774],[50.205652089513642,26.29644729189021],[50.205660037514889,26.296494581890034],[50.205636164515347,26.2964974678906],[50.205647321516814,26.296554588890352],[50.205485581520222,26.296580817894149],[50.205459352517849,26.296481467894708]]]},"properties":{"FID":35,"OBJECTID":1172271,"fclass":"Building","name":"Private","type":"Residential","Shape_Leng":0.00059258248725800003,"Shape_Area":1.8363023162900001e-08,"Road_Name":"19th Street","GlobalID":"{6BA31717-3C09-4D30-AA3D-AC58A34955FD}","created_us":" ","created_da":null,"last_edite":"RASOO","last_edi_1":1769990400000,"VALIDATION":2}},{"type":"Feature","id":36,"geometry":{"type":"Polygon","coordinates":[[[50.206128155554765,26.298150412879661],[50.206333363550257,26.298112586874879],[50.206353457552993,26.298217919874407],[50.206150246557485,26.298256811879192],[50.206128155554765,26.298150412879661]]]},"properties":{"FID":36,"OBJECTID":1172275,"fclass":"Building","name":"Private","type":"Residential","Shape_Leng":0.00063146497908500002,"Shape_Area":2.24279301288e-08,"Road_Name":"Prince Mashari Street","GlobalID":"{5A847E4B-0FCF-4F5A-9BED-499FB5D31384}","created_us":" ","created_da":null,"last_edite":"RASOO","last_edi_1":1769990400000,"VALIDATION":2}},{"type":"Feature","id":37,"geometry":{"type":"Polygon","coordinates":[[[50.202656531603694,26.297862160960612],[50.202881894598988,26.297827117955364],[50.202918749603825,26.298015624954527],[50.202689640608675,26.29805429295989],[50.202656531603694,26.297862160960612]]]},"properties":{"FID":37,"OBJECTID":1172279,"fclass":"Building","name":"Private","type":"Residential","Shape_Leng":0.00084746028768599999,"Shape_Area":4.4536721003700003e-08,"Road_Name":"20th Street","GlobalID":"{FCC69BF1-8C72-478B-A8D6-65279D533133}","created_us":" ","created_da":null,"last_edite":"RASOO","last_edi_1":1769990400000,"VALIDATION":2}},{"type":"Feature","id":38,"geometry":{"type":"Polygon","coordinates":[[[50.204665949498562,26.29535689091286],[50.204671892499263,26.295383995912754],[50.204609920500587,26.295393757914191],[50.204601022499212,26.295341548914386],[50.204624490498695,26.295337441913798],[50.204646500498235,26.295333589913312],[50.204637783496636,26.295273709913456],[50.204760196493986,26.295250212910609],[50.204770095495526,26.295310347910419],[50.204821971494411,26.295301754909186],[50.20483068849569,26.295351023908996],[50.204777251496893,26.295361255910265],[50.204772429496295,26.295338941910394],[50.204665949498562,26.29535689091286]]]},"properties":{"FID":38,"OBJECTID":1172286,"fclass":"Building","name":"Private","type":"Residential","Shape_Leng":0.00072355534617499998,"Shape_Area":1.6665774889600002e-08,"Road_Name":"Prince Ahmad Street","GlobalID":"{95B9A211-6468-4792-872B-1005221774F7}","created_us":" ","created_da":null,"last_edite":"RASOO","last_edi_1":1769990400000,"VALIDATION":2}},{"type":"Feature","id":39,"geometry":{"type":"Polygon","coordinates":[[[50.205094438568885,26.29804957690375],[50.205152414567586,26.298037630902435],[50.205181149570585,26.29815869490178],[50.205120494571894,26.298168602903186],[50.205094438568885,26.29804957690375]]]},"properties":{"FID":39,"OBJECTID":1172287,"fclass":"Building","name":"Private","type":"Residential","Shape_Leng":0.00036692490382399999,"Shape_Area":7.4198798226500003e-09,"Road_Name":"Prince Miqren Bin Abdulaziz Street","GlobalID":"{54051933-B492-4D7C-8E27-CB6670449C82}","created_us":" ","created_da":null,"last_edite":"RASOO","last_edi_1":1769990400000,"VALIDATION":2}},{"type":"Feature","id":40,"geometry":{"type":"Polygon","coordinates":[[[50.203529699543182,26.296257899939715],[50.203576799542233,26.296251299938611],[50.20358129954289,26.296277099938525],[50.20353419954391,26.296283699939568],[50.203529699543182,26.296257899939715]]]},"properties":{"FID":40,"OBJECTID":1172290,"fclass":"Building","name":"Private","type":"Residential","Shape_Leng":0.00014749934818199999,"Shape_Area":1.2448799985399999e-09,"Road_Name":"Prince Miqren Bin Abdulaziz Street","GlobalID":"{58B2CE04-761E-43E4-8C1F-808326711B6D}","created_us":" ","created_da":null,"last_edite":"RASOO","last_edi_1":1769990400000,"VALIDATION":2}},{"type":"Feature","id":41,"geometry":{"type":"Polygon","coordinates":[[[50.205042146585001,26.298579203905152],[50.205027816583417,26.298515745905462],[50.205011676583744,26.298518644905815],[50.205000686582459,26.298467726906058],[50.205070390580985,26.29845714690445],[50.205071946581398,26.298471149904415],[50.205175880579112,26.298451856902005],[50.205194923581402,26.29854229290159],[50.205139161582579,26.298550811902889],[50.205132003581667,26.298515648903035],[50.205113955582014,26.298517826903456],[50.205116756582711,26.298542098903415],[50.205093417583186,26.298546455903981],[50.205096539583856,26.298571419903901],[50.205042146585001,26.298579203905152]]]},"properties":{"FID":41,"OBJECTID":1172292,"fclass":"Building","name":"Restaurant","type":"Commercial/Residential","Shape_Leng":0.00065501791568900003,"Shape_Area":1.5611557789099999e-08,"Road_Name":"Prince Miqren Bin Abdulaziz Street","GlobalID":"{D26911E7-7091-4CC8-90F9-17A9898026C0}","created_us":" ","created_da":null,"last_edite":"RASOO","last_edi_1":1769990400000,"VALIDATION":2}},{"type":"Feature","id":42,"geometry":{"type":"Polygon","coordinates":[[[50.203015846556994,26.296442998951733],[50.203019980557748,26.296471244951658],[50.203076349556618,26.29646497695034],[50.203078911557029,26.296480007950272],[50.203091697556815,26.296478905949961],[50.203094175557311,26.29649801794994],[50.202964177559927,26.296515680952975],[50.202955910558231,26.296451610953142],[50.203015846556994,26.296442998951733]]]},"properties":{"FID":42,"OBJECTID":1172294,"fclass":"Building","name":"Private","type":"Residential","Shape_Leng":0.00038896165216900002,"Shape_Area":6.2500871744599997e-09,"Road_Name":"Prince Abdul Salam Street","GlobalID":"{1B53C743-7295-4713-8BCD-576A60EDC9A0}","created_us":" ","created_da":null,"last_edite":"RASOO","last_edi_1":1769990400000,"VALIDATION":2}},{"type":"Feature","id":43,"geometry":{"type":"Polygon","coordinates":[[[50.205009102492163,26.295330607904834],[50.205173227488658,26.295301597901005],[50.20519773949183,26.295426633900458],[50.205188631491993,26.295428381900656],[50.205178486492244,26.295430328900935],[50.205148082492869,26.295433795901644],[50.205145214492561,26.295422228901707],[50.205037457494925,26.295443226904201],[50.205028993494004,26.295405137904396],[50.205021368494151,26.295406876904554],[50.205019715494224,26.295407253904632],[50.205013530493503,26.295379419904734],[50.205016863493434,26.295378863904677],[50.205020366493365,26.295378279904583],[50.205009102492163,26.295330607904834]]]},"properties":{"FID":43,"OBJECTID":1172306,"fclass":"Building","name":"Private","type":"Residential","Shape_Leng":0.00059895389618499996,"Shape_Area":1.9631773039599998e-08,"Road_Name":"Prince Ahmad Street","GlobalID":"{89D0EC64-AAD9-4955-B6AA-7FE24E6EEB73}","created_us":" ","created_da":null,"last_edite":"RASOO","last_edi_1":1769990400000,"VALIDATION":2}},{"type":"Feature","id":44,"geometry":{"type":"Polygon","coordinates":[[[50.205828056483234,26.295489012885746],[50.206037233478604,26.295448807880842],[50.206054619481201,26.295548234880478],[50.205971220482915,26.295560187882447],[50.205977196483865,26.295596046882299],[50.205852777486356,26.295612617885205],[50.205828056483234,26.295489012885746]]]},"properties":{"FID":44,"OBJECTID":1172308,"fclass":"Building","name":"Private","type":"Residential","Shape_Leng":0.00068611669869500004,"Shape_Area":2.4820423546600002e-08,"Road_Name":"17th Street","GlobalID":"{A250F1F0-5F32-4CA1-BF5E-FCA91FCC9428}","created_us":" ","created_da":null,"last_edite":"RASOO","last_edi_1":1769990400000,"VALIDATION":2}},{"type":"Feature","id":45,"geometry":{"type":"Polygon","coordinates":[[[50.20688223848294,26.296083400861356],[50.206931710481967,26.296077747860185],[50.20693418348224,26.296088701860143],[50.20709496547876,26.296061138856366],[50.207118287481634,26.296174216855889],[50.206907681486079,26.296208139860806],[50.20688223848294,26.296083400861356]]]},"properties":{"FID":45,"OBJECTID":1172316,"fclass":"Building","name":"Private","type":"Residential","Shape_Leng":0.000680236992237,"Shape_Area":2.4989826767699998e-08,"Road_Name":"Prince Abdul Rahman Street","GlobalID":"{324CBE45-6CF6-4E61-A865-1F685AFA1CC7}","created_us":" ","created_da":null,"last_edite":"RASOO","last_edi_1":1769990400000,"VALIDATION":2}},{"type":"Feature","id":46,"geometry":{"type":"Polygon","coordinates":[[[50.203137626530207,26.295581549948597],[50.203256378527698,26.295560385945834],[50.203323295526275,26.295550245944245],[50.203330299527281,26.295589599944119],[50.203342799529054,26.295657499943832],[50.203157776532812,26.295683068948154],[50.203137626530207,26.295581549948597]]]},"properties":{"FID":46,"OBJECTID":1172318,"fclass":"Building","name":"Private","type":"Residential","Shape_Leng":0.00058759829557600003,"Shape_Area":2.00092970672e-08,"Road_Name":"Prince Abdul Salam Street","GlobalID":"{E5278A0D-D4A5-43A6-B1FB-88645765A197}","created_us":" ","created_da":null,"last_edite":"RASOO","last_edi_1":1769990400000,"VALIDATION":2}},{"type":"Feature","id":47,"geometry":{"type":"Polygon","coordinates":[[[50.203014124563794,26.296677578951847],[50.203214947559509,26.296643476947168],[50.203244226563449,26.296797796946521],[50.203203235564352,26.296805718947493],[50.203193934563096,26.296757838947681],[50.203075357565623,26.296776804950483],[50.203070277564827,26.296745622950606],[50.203030314565666,26.29675198295152],[50.203014124563794,26.296677578951847]]]},"properties":{"FID":47,"OBJECTID":1172333,"fclass":"Building","name":"Private","type":"Residential","Shape_Leng":0.00071958365470800004,"Shape_Area":2.27378699842e-08,"Road_Name":"Prince Abdul Salam Street","GlobalID":"{0FBD99DA-A8FA-4919-8C0A-8E64D4175602}","created_us":" ","created_da":null,"last_edite":"RASOO","last_edi_1":1769990400000,"VALIDATION":2}},{"type":"Feature","id":48,"geometry":{"type":"Polygon","coordinates":[[[50.206305818543193,26.297849403875414],[50.206514712538549,26.297809312870502],[50.206532848541499,26.297919789870139],[50.206326945545712,26.297950250874948],[50.206305818543193,26.297849403875414]]]},"properties":{"FID":48,"OBJECTID":1172344,"fclass":"Building","name":"Private","type":"Residential","Shape_Leng":0.00063584229251099997,"Shape_Area":2.26066611045e-08,"Road_Name":"Prince Methab Street","GlobalID":"{9B79AB6F-7CA0-41F0-8F28-DE0D5DDB251F}","created_us":" ","created_da":null,"last_edite":"RASOO","last_edi_1":1769990400000,"VALIDATION":2}},{"type":"Feature","id":49,"geometry":{"type":"Polygon","coordinates":[[[50.204235300584266,26.298089855923852],[50.204396482580883,26.298065237920081],[50.204418314583499,26.29817021491959],[50.204259919586768,26.298192046923322],[50.204235300584266,26.298089855923852]]]},"properties":{"FID":49,"OBJECTID":1172345,"fclass":"Building","name":"Private","type":"Residential","Shape_Leng":0.00053528151091600002,"Shape_Area":1.7090944217500001e-08,"Road_Name":"Prince Mamdouh Street","GlobalID":"{40EC92B9-CFA6-418D-ABFE-51A3E188D942}","created_us":" ","created_da":null,"last_edite":"RASOO","last_edi_1":1769990400000,"VALIDATION":2}},{"type":"Feature","id":50,"geometry":{"type":"Polygon","coordinates":[[[50.207106067510622,26.297174772856525],[50.207305487506268,26.297137718851836],[50.207334626509798,26.297278133851176],[50.207128574514215,26.297313313855998],[50.207106067510622,26.297174772856525]]]},"properties":{"FID":50,"OBJECTID":1172351,"fclass":"Building","name":"Private","type":"Residential","Shape_Leng":0.000695630810735,"Shape_Area":2.9209861092600001e-08,"Road_Name":"20th Street","GlobalID":"{8BF6C007-5EB7-42BF-AAED-FF392330679D}","created_us":" ","created_da":null,"last_edite":"RASOO","last_edi_1":1769990400000,"VALIDATION":2}},{"type":"Feature","id":51,"geometry":{"type":"Polygon","coordinates":[[[50.204892509569056,26.297938249908423],[50.20511516456429,26.297901534903243],[50.205127008566706,26.29799154490296],[50.205054171568229,26.298002795904704],[50.205060093569301,26.298043062904554],[50.204915012572222,26.298062604907976],[50.204892509569056,26.297938249908423]]]},"properties":{"FID":51,"OBJECTID":1172358,"fclass":"Building","name":"Private","type":"Commercial/Residential","Shape_Leng":0.000703614520652,"Shape_Area":2.5802464447e-08,"Road_Name":"Prince Miqren Bin Abdulaziz Street","GlobalID":"{FC1B0FC5-6D40-4B3D-904F-259BA6889F32}","created_us":" ","created_da":null,"last_edite":"RASOO","last_edi_1":1769990400000,"VALIDATION":2}},{"type":"Feature","id":52,"geometry":{"type":"Polygon","coordinates":[[[50.206418894552662,26.298243979872922],[50.20657709054921,26.298215954869221],[50.206594790552089,26.298326580868821],[50.206441388555419,26.298352762872408],[50.206418894552662,26.298243979872922]]]},"properties":{"FID":52,"OBJECTID":1172361,"fclass":"Building","name":"Private","type":"Residential","Shape_Leng":0.000539396802959,"Shape_Area":1.76365504282e-08,"Road_Name":"Prince Methab Street","GlobalID":"{4A12DF5F-BD5A-4FC1-9A5D-BAE48CFF7ADC}","created_us":" ","created_da":null,"last_edite":"RASOO","last_edi_1":1769990400000,"VALIDATION":2}},{"type":"Feature","id":53,"geometry":{"type":"Polygon","coordinates":[[[50.203668399595699,26.298163399937096],[50.203843199591937,26.298133799932987],[50.203868099594963,26.29825229993244],[50.203693299598669,26.298281799936571],[50.203668399595699,26.298163399937096]]]},"properties":{"FID":53,"OBJECTID":1172365,"fclass":"Building","name":"Private","type":"Residential","Shape_Leng":0.00059663804010499997,"Shape_Area":2.1440855000500001e-08,"Road_Name":"Prince Abdul Salam Street","GlobalID":"{AB6C90A5-90BE-4B6B-8074-0DF3921CB437}","created_us":" ","created_da":null,"last_edite":"RASOO","last_edi_1":1769990400000,"VALIDATION":2}},{"type":"Feature","id":54,"geometry":{"type":"Polygon","coordinates":[[[50.206304566512181,26.296769823875078],[50.206311272512977,26.296800923874919],[50.206284388513566,26.296806320875547],[50.206289729514097,26.296827684875449],[50.206268068514561,26.29683183887596],[50.206274713515256,26.296859541875815],[50.206287307514984,26.296857654875527],[50.206290322515287,26.296869819875447],[50.206298927515107,26.29686833587526],[50.206295663514382,26.296840740875314],[50.206319165513875,26.296837527874764],[50.206332736515478,26.296900456874479],[50.20620905851807,26.29692049987738],[50.20619952551688,26.296872490877565],[50.206177567517315,26.296876644878107],[50.206173413516908,26.296858840878148],[50.206141367517603,26.296864478878906],[50.206131872516117,26.296808101879154],[50.206200415514658,26.296797122877525],[50.206199617514436,26.296787924877538],[50.206304566512181,26.296769823875078]]]},"properties":{"FID":54,"OBJECTID":1172376,"fclass":"Building","name":"Private","type":"Residential","Shape_Leng":0.00077140901980899995,"Shape_Area":1.8098141112300002e-08,"Road_Name":"Prince Methab Street","GlobalID":"{F8F4DA3B-9D7B-40EE-8995-C0F9AFB70C58}","created_us":" ","created_da":null,"last_edite":"RASOO","last_edi_1":1769990400000,"VALIDATION":2}},{"type":"Feature","id":55,"geometry":{"type":"Polygon","coordinates":[[[50.205349273503714,26.295927099897092],[50.205544364499637,26.295896358892527],[50.205571102502475,26.296011377891908],[50.20551141150375,26.296021679893336],[50.205513933504008,26.296031845893264],[50.205367554507156,26.296057843896698],[50.205363545506387,26.29602917389678],[50.205376534506129,26.296026607896486],[50.205370685505379,26.295996596896639],[50.205365598505445,26.295997104896735],[50.205349273503714,26.295927099897092]]]},"properties":{"FID":55,"OBJECTID":1172379,"fclass":"Building","name":"Private","type":"Residential","Shape_Leng":0.00068506171334700001,"Shape_Area":2.5183065421199999e-08,"Road_Name":"Prince Mashari Street","GlobalID":"{C073696D-EAC9-4EFF-AE00-EB88CD5255D6}","created_us":" ","created_da":null,"last_edite":"RASOO","last_edi_1":1769990400000,"VALIDATION":2}},{"type":"Feature","id":56,"geometry":{"type":"Polygon","coordinates":[[[50.203221507626679,26.29898537794784],[50.203206590625044,26.298919635948156],[50.203255759621989,26.298842843946961],[50.203348020620204,26.298832899944806],[50.203411552620757,26.298888145943337],[50.203429221620425,26.298886784942933],[50.203453094623377,26.299004186942419],[50.20343672262409,26.299017972942814],[50.20341267962413,26.299007365943343],[50.203411619623488,26.298983676943362],[50.203399399623528,26.298977643943665],[50.203376615625189,26.299022569944203],[50.20328504062698,26.299032115946353],[50.203252882626821,26.299008458947107],[50.203240089627393,26.299021121947412],[50.203219691627332,26.299007399947879],[50.203229781626696,26.298991464947626],[50.203221507626679,26.29898537794784]]]},"properties":{"FID":56,"OBJECTID":1172390,"fclass":"Building","name":"Mosque","type":"Religious","Shape_Leng":0.00081221819062399995,"Shape_Area":3.6033739831399998e-08,"Road_Name":"22nd Street","GlobalID":"{58BAA98B-50F3-4175-A071-9FDB4A1821B0}","created_us":" ","created_da":null,"last_edite":"RASOO","last_edi_1":1769472000000,"VALIDATION":0}},{"type":"Feature","id":57,"geometry":{"type":"Polygon","coordinates":[[[50.206035190462373,26.294882432880744],[50.206242115458046,26.294851318875885],[50.206263482460514,26.294949533875389],[50.206058432465163,26.294993017880213],[50.206035190462373,26.294882432880744]]]},"properties":{"FID":57,"OBJECTID":1172391,"fclass":"Building","name":"Private","type":"Residential","Shape_Leng":0.00063237454548699997,"Shape_Area":2.2337030537300001e-08,"Road_Name":"Prince Methab Street","GlobalID":"{1565BBFF-03DA-48A3-8D0E-246ECA07BCD2}","created_us":" ","created_da":null,"last_edite":"RASOO","last_edi_1":1769990400000,"VALIDATION":2}},{"type":"Feature","id":58,"geometry":{"type":"Polygon","coordinates":[[[50.206252007484807,26.295786580875955],[50.206422400481159,26.295758752871976],[50.20644310048371,26.295859799871518],[50.206273841487359,26.295888045875472],[50.206252007484807,26.295786580875955]]]},"properties":{"FID":58,"OBJECTID":1172404,"fclass":"Building","name":"Private","type":"Residential","Shape_Leng":0.00055118317965400002,"Shape_Area":1.7792164329699999e-08,"Road_Name":"Prince Methab Street","GlobalID":"{983E2512-9423-4C0E-996C-7D257AF5F85D}","created_us":" ","created_da":null,"last_edite":"RASOO","last_edi_1":1769990400000,"VALIDATION":2}},{"type":"Feature","id":59,"geometry":{"type":"Polygon","coordinates":[[[50.203898504511287,26.295357910930793],[50.20412914450646,26.29532295092535],[50.204150120509347,26.295436007924923],[50.203966482513025,26.295459392929232],[50.20395907751179,26.295410384929376],[50.203907244512877,26.295417634930605],[50.203898504511287,26.295357910930793]]]},"properties":{"FID":59,"OBJECTID":1172406,"fclass":"Building","name":"Private","type":"Commercial/Residential","Shape_Leng":0.00069564391507499995,"Shape_Area":2.3806725981199999e-08,"Road_Name":"Prince Miqren Bin Abdulaziz Street","GlobalID":"{1F458FCF-3AA4-49E0-88E5-8C4D2AEF2351}","created_us":" ","created_da":null,"last_edite":"RASOO","last_edi_1":1769990400000,"VALIDATION":2}},{"type":"Feature","id":60,"geometry":{"type":"Polygon","coordinates":[[[50.206435589475916,26.295583318871586],[50.206632609471868,26.295556249866973],[50.206656700472074,26.295577399866428],[50.206684412474644,26.295682118865859],[50.206463046479442,26.295722020871004],[50.206435589475916,26.295583318871586]]]},"properties":{"FID":60,"OBJECTID":1172412,"fclass":"Building","name":"Private","type":"Residential","Shape_Leng":0.00070557930754099995,"Shape_Area":2.99685692853e-08,"Road_Name":"17th Street","GlobalID":"{B47C057B-B799-4562-A34D-EC3FFCBC6DCD}","created_us":" ","created_da":null,"last_edite":"RASOO","last_edi_1":1769990400000,"VALIDATION":2}},{"type":"Feature","id":61,"geometry":{"type":"Polygon","coordinates":[[[50.205939083523404,26.296950759883661],[50.206105093519767,26.296919928879763],[50.206125956523337,26.297054845879355],[50.20596315252677,26.29708130988314],[50.205939083523404,26.296950759883661]]]},"properties":{"FID":61,"OBJECTID":1172417,"fclass":"Building","name":"Private","type":"Residential","Shape_Leng":0.000603060284985,"Shape_Area":2.2465911271399999e-08,"Road_Name":"Prince Mashari Street","GlobalID":"{B4F62564-755B-4B25-B71B-3A92D8B4693A}","created_us":" ","created_da":null,"last_edite":"RASOO","last_edi_1":1769990400000,"VALIDATION":2}},{"type":"Feature","id":62,"geometry":{"type":"Polygon","coordinates":[[[50.205106847481488,26.295015014902457],[50.205124290484761,26.295139007902087],[50.204912650489135,26.295168915907013],[50.204892544486171,26.295055051907443],[50.205106847481488,26.295015014902457]]]},"properties":{"FID":62,"OBJECTID":1172418,"fclass":"Building","name":"Private","type":"Residential","Shape_Leng":0.00067259307949100002,"Shape_Area":2.5984972237900001e-08,"Road_Name":"Prince Ahmad Street","GlobalID":"{2AEB2C11-4F1F-4E39-B43F-8B737905C4CF}","created_us":" ","created_da":null,"last_edite":"RASOO","last_edi_1":1769990400000,"VALIDATION":2}},{"type":"Feature","id":63,"geometry":{"type":"Polygon","coordinates":[[[50.204622273491346,26.295079320913754],[50.204601154488728,26.294976383914257],[50.204654629487536,26.294966871912997],[50.204722879486091,26.29495473291141],[50.204724615486306,26.294962942911354],[50.204744481488675,26.295056852910893],[50.204623091491321,26.295079274913771],[50.204622273491346,26.295079320913754]]]},"properties":{"FID":63,"OBJECTID":1172420,"fclass":"Building","name":"Private","type":"Commercial/Residential","Shape_Leng":0.00045735912554400001,"Shape_Area":1.29826173072e-08,"Road_Name":"16th Street","GlobalID":"{03FAFBC5-3C7A-43D2-B7F3-3791BE678D6D}","created_us":" ","created_da":null,"last_edite":"RASOO","last_edi_1":1769990400000,"VALIDATION":3}},{"type":"Feature","id":64,"geometry":{"type":"Polygon","coordinates":[[[50.206355402549711,26.298104483874329],[50.206573846544927,26.298063970869229],[50.206598967547826,26.298178636868691],[50.206378737552491,26.298215326873844],[50.206355402549711,26.298104483874329]]]},"properties":{"FID":64,"OBJECTID":1172421,"fclass":"Building","name":"Private","type":"Residential","Shape_Leng":0.00067609252853099999,"Shape_Area":2.56664709108e-08,"Road_Name":"Prince Methab Street","GlobalID":"{D61996F7-0B66-459D-9212-E0A070EAB9B5}","created_us":" ","created_da":null,"last_edite":"RASOO","last_edi_1":1769990400000,"VALIDATION":2}},{"type":"Feature","id":65,"geometry":{"type":"Polygon","coordinates":[[[50.203639345595839,26.298153027937747],[50.203616120593033,26.298040154938267],[50.203633771592017,26.298016464937874],[50.203810746588076,26.297979304933694],[50.203834977590795,26.298087980933186],[50.203760115592402,26.298101932934962],[50.20376527059333,26.298137050934823],[50.203639345595839,26.298153027937747]]]},"properties":{"FID":65,"OBJECTID":1172423,"fclass":"Building","name":"Private","type":"Residential","Shape_Leng":0.00067553905441599998,"Shape_Area":2.6059525081800001e-08,"Road_Name":"20th Street","GlobalID":"{93C698D7-250E-4B19-98B8-466E03172301}","created_us":" ","created_da":null,"last_edite":"RASOO","last_edi_1":1769990400000,"VALIDATION":2}},{"type":"Feature","id":66,"geometry":{"type":"Polygon","coordinates":[[[50.206892854508347,26.296973206861381],[50.206910968510691,26.297065200860999],[50.206741130514189,26.297090851865018],[50.206717122511201,26.296972125865491],[50.206877923507697,26.296942515861716],[50.206876617507433,26.296932563861777],[50.206923620506331,26.296922730860686],[50.20693171150748,26.296965588860498],[50.206892854508347,26.296973206861381]]]},"properties":{"FID":66,"OBJECTID":1172425,"fclass":"Building","name":"Private","type":"Residential","Shape_Leng":0.00069142768349800005,"Shape_Area":2.3104728569700001e-08,"Road_Name":"Prince Abdul Rahman Street","GlobalID":"{0F1814FA-38EB-4DFF-8BC9-E583EECE4792}","created_us":" ","created_da":null,"last_edite":"RASOO","last_edi_1":1769990400000,"VALIDATION":2}},{"type":"Feature","id":67,"geometry":{"type":"Polygon","coordinates":[[[50.206935254459005,26.295280937859825],[50.206966341462767,26.295431184859176],[50.206742629467463,26.295465154864416],[50.206713054463641,26.295315102865018],[50.206935254459005,26.295280937859825]]]},"properties":{"FID":67,"OBJECTID":1172430,"fclass":"Building","name":"Private","type":"Residential","Shape_Leng":0.00075745581215000001,"Shape_Area":3.4510033268400002e-08,"Road_Name":"17th Street","GlobalID":"{9A0E41F4-6526-495A-B9F5-4580B95FFE81}","created_us":" ","created_da":null,"last_edite":"RASOO","last_edi_1":1769990400000,"VALIDATION":2}},{"type":"Feature","id":68,"geometry":{"type":"Polygon","coordinates":[[[50.203746299574753,26.297478999935027],[50.203923299571223,26.297459399930911],[50.203927899572115,26.297492599930834],[50.203948999571722,26.297490199930312],[50.203956399573151,26.297543599930172],[50.203758199577067,26.297565599934806],[50.203746299574753,26.297478999935027]]]},"properties":{"FID":68,"OBJECTID":1172431,"fclass":"Building","name":"Private","type":"Residential","Shape_Leng":0.00057357643831999999,"Shape_Area":1.6705490001699999e-08,"Road_Name":"Prince Mamdouh Street","GlobalID":"{6654B227-66FB-4A97-9091-BDF012AD547D}","created_us":" ","created_da":null,"last_edite":"RASOO","last_edi_1":1769990400000,"VALIDATION":2}},{"type":"Feature","id":69,"geometry":{"type":"Polygon","coordinates":[[[50.205063725508786,26.295941177903757],[50.20530879750379,26.295906463898049],[50.205337352507378,26.296048404897402],[50.205097672512643,26.296093732903014],[50.205063725508786,26.295941177903757]]]},"properties":{"FID":69,"OBJECTID":1172434,"fclass":"Building","name":"Private","type":"Residential","Shape_Leng":0.00079251806360000003,"Shape_Area":3.6940077518700001e-08,"Road_Name":"Prince Ahmad Street","GlobalID":"{084D8B57-AB00-4F39-9F1E-ED8611D6AD31}","created_us":" ","created_da":null,"last_edite":"RASOO","last_edi_1":1769990400000,"VALIDATION":2}},{"type":"Feature","id":70,"geometry":{"type":"Polygon","coordinates":[[[50.20427022956455,26.297424788922815],[50.204276630565523,26.297462343922678],[50.204238651566364,26.297470194923537],[50.204247013567247,26.297505172923387],[50.20413281256964,26.297523796926061],[50.204126411568716,26.297488375926196],[50.204141270568421,26.297485471925807],[50.204130251567278,26.297439297926072],[50.2041673795664,26.297431189925227],[50.204163112565809,26.297408144925285],[50.204202374564993,26.297401316924386],[50.204206215565414,26.297419666924302],[50.204235234564756,26.297412838923584],[50.204239075565226,26.297430762923515],[50.20427022956455,26.297424788922815]]]},"properties":{"FID":70,"OBJECTID":1172438,"fclass":"Building","name":"Private","type":"Residential","Shape_Leng":0.00052706000914900001,"Shape_Area":1.1782561084300001e-08,"Road_Name":"Prince Mamdouh Street","GlobalID":"{8C85FE18-E529-49D8-A4A4-6DEBFBDC5693}","created_us":" ","created_da":null,"last_edite":"RASOO","last_edi_1":1769990400000,"VALIDATION":2}},{"type":"Feature","id":71,"geometry":{"type":"Polygon","coordinates":[[[50.203766640519518,26.295569124933927],[50.203768715519473,26.295568818933884],[50.203765713518834,26.29554415193396],[50.203860494516846,26.295530477931742],[50.203859582516394,26.295514600931742],[50.203918046515248,26.295507941930364],[50.203926002516567,26.295558856930175],[50.203869169517731,26.2955657259315],[50.203879081519503,26.295633222931343],[50.203769442521612,26.295644525933898],[50.203763226520856,26.295613450933995],[50.20371070852196,26.295622151935234],[50.203704182520795,26.295578334935382],[50.203766640519518,26.295569124933927]]]},"properties":{"FID":71,"OBJECTID":1172445,"fclass":"Building","name":"Private","type":"Residential","Shape_Leng":0.00067703257939899996,"Shape_Area":1.64034874937e-08,"Road_Name":"Prince Mamdouh Street","GlobalID":"{B5AD458F-6957-4A84-A544-C61E645CA496}","created_us":" ","created_da":null,"last_edite":"RASOO","last_edi_1":1769990400000,"VALIDATION":2}},{"type":"Feature","id":72,"geometry":{"type":"Polygon","coordinates":[[[50.206086775542651,26.297705730880452],[50.206080698541705,26.29766791988061],[50.206040345542533,26.297674611881558],[50.206032227541861,26.297646147881711],[50.206072596540913,26.297637196880778],[50.206066713540118,26.297605227880887],[50.206216142536846,26.297577736877418],[50.206229785538213,26.297633771877123],[50.206247813539925,26.297703705876739],[50.2061782665414,26.297713158878324],[50.206173932540672,26.29768686687844],[50.206086775542651,26.297705730880452]]]},"properties":{"FID":72,"OBJECTID":1172449,"fclass":"Building","name":"Private","type":"Residential","Shape_Leng":0.00065049200704200003,"Shape_Area":1.86588858183e-08,"Road_Name":"20th Street","GlobalID":"{8B6C4934-D86D-485B-9AA3-DA1ACB0895D7}","created_us":" ","created_da":null,"last_edite":"RASOO","last_edi_1":1769990400000,"VALIDATION":2}},{"type":"Feature","id":73,"geometry":{"type":"Polygon","coordinates":[[[50.20516925351243,26.296127784901344],[50.205250719510708,26.296113875899479],[50.205266299513049,26.296204899899106],[50.205188399514697,26.296217599900945],[50.20516925351243,26.296127784901344]]]},"properties":{"FID":73,"OBJECTID":1172452,"fclass":"Building","name":"Private","type":"Residential","Shape_Leng":0.00034575404709000001,"Shape_Area":7.43590305353e-09,"Road_Name":"Prince Ahmad Street","GlobalID":"{A99C418D-8B3B-4C01-A405-976C887A9510}","created_us":" ","created_da":null,"last_edite":"RASOO","last_edi_1":1769990400000,"VALIDATION":2}},{"type":"Feature","id":74,"geometry":{"type":"Polygon","coordinates":[[[50.20301022056249,26.296631305951973],[50.20300086956113,26.296576788952152],[50.202991518561284,26.296577619952384],[50.202990948561286,26.29657767095237],[50.202984996559969,26.296529390952511],[50.202985551559998,26.296529317952466],[50.203022253559233,26.296524540951648],[50.203020877559055,26.296517168951659],[50.203079131557807,26.29650668395028],[50.203079254557942,26.296511341950293],[50.20307935155806,26.296515060950295],[50.203136172556825,26.296505660948956],[50.203192211555653,26.29649639094762],[50.203192714555712,26.296500017947618],[50.203205453558141,26.296591999947385],[50.20319817855831,26.296592881947554],[50.203201880559263,26.296627684947474],[50.203149498560336,26.296635898948697],[50.20312028456037,26.296620277949369],[50.203099895560413,26.296609374949821],[50.203090297560948,26.29662328195009],[50.20301022056249,26.296631305951973]]]},"properties":{"FID":74,"OBJECTID":1172461,"fclass":"Building","name":"Private","type":"Residential","Shape_Leng":0.00068644941296400002,"Shape_Area":2.3714005569800001e-08,"Road_Name":"Prince Abdul Salam Street","GlobalID":"{68CC94CE-1A8C-43A1-BDF3-D40553559CF4}","created_us":" ","created_da":null,"last_edite":"RASOO","last_edi_1":1769990400000,"VALIDATION":3}},{"type":"Feature","id":75,"geometry":{"type":"Polygon","coordinates":[[[50.202846968612157,26.29826555195632],[50.202845417611975,26.298257411956374],[50.202770554613608,26.298271520958068],[50.202755005611998,26.298206446958467],[50.202720428612714,26.298211979959245],[50.202707982611138,26.298149417959529],[50.202839017608248,26.298124763956448],[50.202892005608504,26.29816404795524],[50.202908188610579,26.29824524695486],[50.202949074609805,26.298242150953907],[50.202953105610881,26.298282461953846],[50.20289782161187,26.298284477955132],[50.20289638261135,26.298266337955155],[50.202847994612299,26.298270940956321],[50.202846968612157,26.29826555195632]]]},"properties":{"FID":75,"OBJECTID":1172465,"fclass":"Building","name":"Private","type":"Residential","Shape_Leng":0.00074139507765299997,"Shape_Area":2.27964983363e-08,"Road_Name":"20th Street","GlobalID":"{3A08364E-098D-4BBC-B606-F3ABDCA0CF46}","created_us":" ","created_da":null,"last_edite":"RASOO","last_edi_1":1769990400000,"VALIDATION":2}},{"type":"Feature","id":76,"geometry":{"type":"Polygon","coordinates":[[[50.206061032465321,26.294999319880173],[50.206295908460064,26.294951876874645],[50.206323437463531,26.295087178874049],[50.206085633468675,26.295129936879608],[50.206061032465321,26.294999319880173]]]},"properties":{"FID":76,"OBJECTID":1172467,"fclass":"Building","name":"Private","type":"Residential","Shape_Leng":0.00075222480222299996,"Shape_Area":3.2599192756799998e-08,"Road_Name":"Prince Methab Street","GlobalID":"{4374E27E-2488-4F66-B9CB-E88208E7A008}","created_us":" ","created_da":null,"last_edite":"RASOO","last_edi_1":1769990400000,"VALIDATION":2}},{"type":"Feature","id":77,"geometry":{"type":"Polygon","coordinates":[[[50.207263896495121,26.296726837852678],[50.207476200490689,26.296693999847665],[50.207499300493531,26.296805799847181],[50.207283221498166,26.296844442852269],[50.207263896495121,26.296726837852678]]]},"properties":{"FID":77,"OBJECTID":1172477,"fclass":"Building","name":"Private","type":"Residential","Shape_Leng":0.00066767948692899996,"Shape_Area":2.5326445891199999e-08,"Road_Name":"Prince Abdul Mohshin Street","GlobalID":"{B471C7A9-7A77-4B2C-B7C6-54544E4661DE}","created_us":" ","created_da":null,"last_edite":"RASOO","last_edi_1":1769990400000,"VALIDATION":2}},{"type":"Feature","id":78,"geometry":{"type":"Polygon","coordinates":[[[50.204770428520234,26.296170393910728],[50.204852248518428,26.296154739908765],[50.204854180518886,26.29617099090876],[50.204854887519019,26.296176937908722],[50.204888417518383,26.296173833907908],[50.204888188518339,26.296171233907955],[50.204887486518096,26.296163277907983],[50.204897002517946,26.296162505907738],[50.204898973517885,26.296162345907671],[50.20489601751742,26.296145073907759],[50.204997820515494,26.296135905905349],[50.205020939518263,26.2962458119049],[50.204897768520809,26.296263245907738],[50.204906173520278,26.296248755907527],[50.204811378522244,26.296262995909778],[50.204796199520374,26.296189342910115],[50.20477582552077,26.296192237910542],[50.204770428520234,26.296170393910728]]]},"properties":{"FID":78,"OBJECTID":1172478,"fclass":"Building","name":"Private","type":"Residential","Shape_Leng":0.00074879167315400005,"Shape_Area":2.2160145994000001e-08,"Road_Name":"Prince Ahmad Street","GlobalID":"{6934B36E-57EF-452D-9EC4-B307FEC5C233}","created_us":" ","created_da":null,"last_edite":"RASOO","last_edi_1":1769990400000,"VALIDATION":2}},{"type":"Feature","id":79,"geometry":{"type":"Polygon","coordinates":[[[50.207023231500514,26.296775646858283],[50.207240905495816,26.296736775853219],[50.207263167498645,26.296849853852702],[50.207046200503385,26.296889077857813],[50.207023231500514,26.296775646858283]]]},"properties":{"FID":79,"OBJECTID":1172492,"fclass":"Building","name":"Private","type":"Residential","Shape_Leng":0.00067258319284299996,"Shape_Area":2.5495603302299999e-08,"Road_Name":"Prince Abdul Rahman Street","GlobalID":"{AB46D8A9-AEC0-4BCB-9E26-EB33B62A5078}","created_us":" ","created_da":null,"last_edite":"RASOO","last_edi_1":1769990400000,"VALIDATION":2}},{"type":"Feature","id":80,"geometry":{"type":"Polygon","coordinates":[[[50.204541240489547,26.294970488915631],[50.204594406488361,26.294960214914369],[50.204598591488931,26.294981904914316],[50.204584939489216,26.294983975914615],[50.204571004489466,26.294986089914929],[50.204577207490338,26.295019618914797],[50.204550551490925,26.295024821915426],[50.204541240489547,26.294970488915631]]]},"properties":{"FID":80,"OBJECTID":1172493,"fclass":"Building","name":"Restaurant","type":"Commercial/Residential","Shape_Leng":0.00022052431630599999,"Shape_Area":2.07452157363e-09,"Road_Name":"16th Street","GlobalID":"{09ED7DC5-F895-495A-827B-1E84DE35301B}","created_us":" ","created_da":null,"last_edite":"RASOO","last_edi_1":1769990400000,"VALIDATION":2}},{"type":"Feature","id":81,"geometry":{"type":"Polygon","coordinates":[[[50.204996300496504,26.295474799905172],[50.205191507492366,26.295441083900585],[50.205211774495176,26.295551162900168],[50.205018242499406,26.295586530904696],[50.204996300496504,26.295474799905172]]]},"properties":{"FID":81,"OBJECTID":1172496,"fclass":"Building","name":"Private","type":"Residential","Shape_Leng":0.00062062880736300004,"Shape_Area":2.2285541040500001e-08,"Road_Name":"Prince Ahmad Street","GlobalID":"{1FD886EC-1913-4E26-AF05-D014F350C1A6}","created_us":" ","created_da":null,"last_edite":"RASOO","last_edi_1":1769990400000,"VALIDATION":2}},{"type":"Feature","id":82,"geometry":{"type":"Polygon","coordinates":[[[50.206269838557418,26.298324548876405],[50.206248625557841,26.298327495876894],[50.20623247255589,26.29825007587727],[50.206366421552978,26.298224401874112],[50.206387810555967,26.298341263873681],[50.206278118558323,26.298361456876265],[50.206269838557418,26.298324548876405]]]},"properties":{"FID":82,"OBJECTID":1172500,"fclass":"Building","name":"Private","type":"Residential","Shape_Leng":0.000505054944291,"Shape_Area":1.51347345129e-08,"Road_Name":"Prince Mashari Street","GlobalID":"{82C5368A-E286-4FA7-908E-5B9AD9E10535}","created_us":" ","created_da":null,"last_edite":"RASOO","last_edi_1":1769990400000,"VALIDATION":2}},{"type":"Feature","id":83,"geometry":{"type":"Polygon","coordinates":[[[50.207352543505117,26.297125705850728],[50.207561610500775,26.297094345845853],[50.20758895050426,26.297232249845251],[50.207385109508635,26.297266826850027],[50.207352543505117,26.297125705850728]]]},"properties":{"FID":83,"OBJECTID":1172507,"fclass":"Building","name":"Private","type":"Residential","Shape_Leng":0.00070357656321999996,"Shape_Area":2.9790419153999998e-08,"Road_Name":"20th Street","GlobalID":"{767B239A-DC52-46DB-AEA9-B082E794C4DF}","created_us":" ","created_da":null,"last_edite":"RASOO","last_edi_1":1769990400000,"VALIDATION":2}},{"type":"Feature","id":84,"geometry":{"type":"Polygon","coordinates":[[[50.205142230516323,26.29624700390201],[50.205331399512453,26.296220199897629],[50.205353099515115,26.296326299897146],[50.205229999517741,26.296346399899981],[50.205221899516737,26.296306899900216],[50.205156933518133,26.296319330901699],[50.205142230516323,26.29624700390201]]]},"properties":{"FID":84,"OBJECTID":1172521,"fclass":"Building","name":"Private","type":"Residential","Shape_Leng":0.00060435797685000001,"Shape_Area":1.84360415864e-08,"Road_Name":"Prince Ahmad Street","GlobalID":"{9EBCAC16-80FE-41C4-9EF6-A9348EF8C4C6}","created_us":" ","created_da":null,"last_edite":"RASOO","last_edi_1":1769990400000,"VALIDATION":2}},{"type":"Feature","id":85,"geometry":{"type":"Polygon","coordinates":[[[50.206610077529049,26.297531375868225],[50.20666220652781,26.297518825866995],[50.206660156527533,26.297509139867032],[50.206778999525007,26.297488099864228],[50.206803499527801,26.297599099863696],[50.206632957531447,26.297629388867673],[50.206610077529049,26.297531375868225]]]},"properties":{"FID":85,"OBJECTID":1172527,"fclass":"Building","name":"Private","type":"Residential","Shape_Leng":0.000571740711654,"Shape_Area":1.9138615578600001e-08,"Road_Name":"20th Street","GlobalID":"{78CAD881-B7ED-489D-8EA6-FE0BCA8ED209}","created_us":" ","created_da":null,"last_edite":"RASOO","last_edi_1":1769990400000,"VALIDATION":2}},{"type":"Feature","id":86,"geometry":{"type":"Polygon","coordinates":[[[50.204962607493187,26.295339349905898],[50.204996385492528,26.295336170905141],[50.205019037495603,26.295456581904659],[50.204986450496293,26.2954605559054],[50.204962607493187,26.295339349905898]]]},"properties":{"FID":86,"OBJECTID":1172540,"fclass":"Building","name":"Private","type":"Residential","Shape_Leng":0.00031280771093599997,"Shape_Area":4.0918727320800001e-09,"Road_Name":"Prince Ahmad Street","GlobalID":"{9BFD26E8-44FD-460E-8D33-1BA46EB059C6}","created_us":" ","created_da":null,"last_edite":"RASOO","last_edi_1":1769990400000,"VALIDATION":2}},{"type":"Feature","id":87,"geometry":{"type":"Polygon","coordinates":[[[50.20492567157239,26.298074447907716],[50.205082003569238,26.298053721904044],[50.205110427572109,26.29817037890346],[50.204944620575702,26.298199394907321],[50.20492567157239,26.298074447907716]]]},"properties":{"FID":87,"OBJECTID":1172548,"fclass":"Building","name":"Restaurant","type":"Commercial","Shape_Leng":0.00057247223678200002,"Shape_Area":2.0046624684400001e-08,"Road_Name":"Prince Miqren Bin Abdulaziz Street","GlobalID":"{FE4C372F-49CB-4008-9F69-C79FF8975B1E}","created_us":" ","created_da":null,"last_edite":"RASOO","last_edi_1":1769990400000,"VALIDATION":2}},{"type":"Feature","id":88,"geometry":{"type":"Polygon","coordinates":[[[50.207050903503877,26.296908640857673],[50.207268514499063,26.296866783852597],[50.207293441501953,26.296980564852035],[50.207077538506709,26.297023182857103],[50.207050903503877,26.296908640857673]]]},"properties":{"FID":88,"OBJECTID":1172549,"fclass":"Building","name":"Private","type":"Residential","Shape_Leng":0.00067574657210199996,"Shape_Area":2.5834229242200001e-08,"Road_Name":"Prince Abdul Rahman Street","GlobalID":"{16B846B6-F6B3-4327-8E3F-0FEAD1FAB7AA}","created_us":" ","created_da":null,"last_edite":"RASOO","last_edi_1":1769990400000,"VALIDATION":2}},{"type":"Feature","id":89,"geometry":{"type":"Polygon","coordinates":[[[50.20309867158052,26.2973089059501],[50.203115065583091,26.297407689949789],[50.20312523758291,26.297406296949507],[50.203131159582753,26.297405484949365],[50.203136495584005,26.297451846949286],[50.202901291589072,26.297492751954792],[50.202873683585274,26.297345676955352],[50.203095263580586,26.297309284950195],[50.20309867158052,26.2973089059501]]]},"properties":{"FID":89,"OBJECTID":1172565,"fclass":"Building","name":"Private","type":"Residential","Shape_Leng":0.00077940336245300003,"Shape_Area":3.4338844501799997e-08,"Road_Name":"Prince Hathool Street","GlobalID":"{5F31343A-6AF3-4E59-8C6E-FEBD8670E319}","created_us":" ","created_da":null,"last_edite":"RASOO","last_edi_1":1769990400000,"VALIDATION":2}},{"type":"Feature","id":90,"geometry":{"type":"Polygon","coordinates":[[[50.203829385536331,26.296191023932689],[50.203899637534896,26.296181246931052],[50.203902361535249,26.296194863930975],[50.204046588532279,26.2961733519276],[50.204071785535298,26.296294299927073],[50.203859700539937,26.296334067931998],[50.203829385536331,26.296191023932689]]]},"properties":{"FID":90,"OBJECTID":1172570,"fclass":"Building","name":"Private","type":"Residential","Shape_Leng":0.00071618534053199999,"Shape_Area":2.8559083064299999e-08,"Road_Name":"Prince Mamdouh Street","GlobalID":"{D84AB543-42D8-48D3-A377-D242E952CEB5}","created_us":" ","created_da":null,"last_edite":"RASOO","last_edi_1":1769990400000,"VALIDATION":2}},{"type":"Feature","id":91,"geometry":{"type":"Polygon","coordinates":[[[50.205507820524282,26.296733643893663],[50.205692699520199,26.296699011889334],[50.205712621520718,26.29672723088888],[50.205732271523182,26.29682402288848],[50.205525781527513,26.296857817893297],[50.205507820524282,26.296733643893663]]]},"properties":{"FID":91,"OBJECTID":1172576,"fclass":"Building","name":"Private","type":"Commercial/Residential","Shape_Leng":0.00065610735848400004,"Shape_Area":2.60519171555e-08,"Road_Name":"19th Street","GlobalID":"{F2EF5245-C621-49C5-860A-9AE62678E256}","created_us":" ","created_da":null,"last_edite":"RASOO","last_edi_1":1769990400000,"VALIDATION":2}},{"type":"Feature","id":92,"geometry":{"type":"Polygon","coordinates":[[[50.203154479533886,26.295717938948279],[50.20335044052964,26.295683449943667],[50.203375523532877,26.295809648943145],[50.203181129536894,26.295838258947715],[50.203154479533886,26.295717938948279]]]},"properties":{"FID":92,"OBJECTID":1172583,"fclass":"Building","name":"Private","type":"Residential","Shape_Leng":0.00064736456540899999,"Shape_Area":2.4873556205499999e-08,"Road_Name":"Prince Abdul Salam Street","GlobalID":"{9CC634F2-FFA3-424C-8506-C26F5DF238B5}","created_us":" ","created_da":null,"last_edite":"RASOO","last_edi_1":1769990400000,"VALIDATION":2}},{"type":"Feature","id":93,"geometry":{"type":"Polygon","coordinates":[[[50.20496636457564,26.298210480906793],[50.205074376573428,26.298195699904262],[50.205092567575761,26.298287793903892],[50.204981524578095,26.298305605906503],[50.20496636457564,26.298210480906793]]]},"properties":{"FID":93,"OBJECTID":1172592,"fclass":"Building","name":"Restaurant","type":"Commercial/Residential","Shape_Leng":0.00041168002983599998,"Shape_Area":1.05245667998e-08,"Road_Name":"Prince Miqren Bin Abdulaziz Street","GlobalID":"{1AE11A04-7722-48C0-9448-21684E8F50B2}","created_us":" ","created_da":null,"last_edite":"RASOO","last_edi_1":1769990400000,"VALIDATION":2}},{"type":"Feature","id":94,"geometry":{"type":"Polygon","coordinates":[[[50.205497833477288,26.295092584893336],[50.205629985474424,26.295069256890237],[50.205633608474812,26.295084597890149],[50.205662760474212,26.295079405889474],[50.20566475747448,26.295090986889452],[50.205695174473846,26.295086521888724],[50.205709802475909,26.295167260888405],[50.205611405478038,26.295184895890724],[50.205615750478842,26.295213775890627],[50.205528342480669,26.295227576892689],[50.205497833477288,26.295092584893336]]]},"properties":{"FID":94,"OBJECTID":1172595,"fclass":"Building","name":"Private","type":"Residential","Shape_Leng":0.00066017457059499999,"Shape_Area":2.2543229457099999e-08,"Road_Name":"Prince Mashari Street","GlobalID":"{F57A8B2C-7041-4443-B5ED-90FA746C3463}","created_us":" ","created_da":null,"last_edite":"RASOO","last_edi_1":1769990400000,"VALIDATION":2}},{"type":"Feature","id":95,"geometry":{"type":"Polygon","coordinates":[[[50.206038899544538,26.29774390188161],[50.206263618539722,26.297704865876316],[50.20628471854225,26.29780562087587],[50.206115354545936,26.297836307879884],[50.206103782544012,26.297762891880097],[50.206043668545341,26.297775064881531],[50.206038899544538,26.29774390188161]]]},"properties":{"FID":95,"OBJECTID":1172597,"fclass":"Building","name":"Private","type":"Residential","Shape_Leng":0.00067032890484,"Shape_Area":1.9424667196899998e-08,"Road_Name":"Prince Mashari Street","GlobalID":"{534FFE89-BF8B-4FEF-AEDA-A8DF3A0E5135}","created_us":" ","created_da":null,"last_edite":"RASOO","last_edi_1":1769990400000,"VALIDATION":2}},{"type":"Feature","id":96,"geometry":{"type":"Polygon","coordinates":[[[50.205735528507034,26.296263521888154],[50.205964710502208,26.296227377882829],[50.205976811503859,26.296292635882569],[50.205965386504076,26.296294215882831],[50.205976532505716,26.296356810882575],[50.205763552510383,26.296397861887598],[50.205735528507034,26.296263521888154]]]},"properties":{"FID":96,"OBJECTID":1172607,"fclass":"Building","name":"Private","type":"Residential","Shape_Leng":0.00072763041164000002,"Shape_Area":2.9957592351700003e-08,"Road_Name":"Prince Mashari Street","GlobalID":"{68E890F0-0DE0-4458-993D-4B4328E2F1B2}","created_us":" ","created_da":null,"last_edite":"RASOO","last_edi_1":1769990400000,"VALIDATION":2}},{"type":"Feature","id":97,"geometry":{"type":"Polygon","coordinates":[[[50.205113033477218,26.294869330902245],[50.205295704473421,26.294841664897977],[50.205328297473528,26.294864025897215],[50.205348485476144,26.294968620896764],[50.205291536477453,26.294981131898123],[50.205289641477023,26.294964077898157],[50.205164268479813,26.294988872901083],[50.205153206478208,26.294926936901305],[50.205123091478832,26.29493195590204],[50.205113033477218,26.294869330902245]]]},"properties":{"FID":97,"OBJECTID":1172612,"fclass":"Building","name":"Private","type":"Commercial/Residential","Shape_Leng":0.00069094715684500001,"Shape_Area":2.4860082555600001e-08,"Road_Name":"16th Street","GlobalID":"{DA726036-D30E-4877-BEC9-CAFFD52B00EB}","created_us":" ","created_da":null,"last_edite":"RASOO","last_edi_1":1769990400000,"VALIDATION":2}},{"type":"Feature","id":98,"geometry":{"type":"Polygon","coordinates":[[[50.205807817480789,26.295391623886228],[50.205797630480959,26.295393253886445],[50.205788665479453,26.295335797886661],[50.206007500474676,26.295295299881499],[50.206034380478023,26.295427074880912],[50.205822079482552,26.295462118885908],[50.205807817480789,26.295391623886228]]]},"properties":{"FID":98,"OBJECTID":1172620,"fclass":"Building","name":"Private","type":"Residential","Shape_Leng":0.00071260426301899995,"Shape_Area":2.8980295294600001e-08,"Road_Name":"Prince Methab Street","GlobalID":"{E1A4C1AC-BE0C-43CF-8963-631F493E3E46}","created_us":" ","created_da":null,"last_edite":"RASOO","last_edi_1":1769990400000,"VALIDATION":2}},{"type":"Feature","id":99,"geometry":{"type":"Polygon","coordinates":[[[50.205955769535166,26.297370025883406],[50.206162299530675,26.29733209987857],[50.206193499534102,26.297468199877894],[50.205989353538499,26.297505780882695],[50.205955769535166,26.297370025883406]]]},"properties":{"FID":99,"OBJECTID":1172626,"fclass":"Building","name":"Private","type":"Residential","Shape_Leng":0.00069703752742,"Shape_Area":2.9133992376800001e-08,"Road_Name":"20th Street","GlobalID":"{43D58E5E-3656-4C6E-A86E-F1EB467BEDB1}","created_us":" ","created_da":null,"last_edite":"RASOO","last_edi_1":1769990400000,"VALIDATION":2}},{"type":"Feature","id":100,"geometry":{"type":"Polygon","coordinates":[[[50.206153296523432,26.297074571878717],[50.206359899518965,26.297038453873856],[50.206363199519608,26.297062699873795],[50.206312454520706,26.29707228887499],[50.206319241521719,26.297110475874881],[50.206359170520905,26.297104037873918],[50.206364510521567,26.297131437873773],[50.20636852152208,26.297152016873703],[50.206337279522764,26.297157121874459],[50.206339611523248,26.297175144874405],[50.206307834523948,26.297181115875155],[50.206304531523507,26.297164886875187],[50.206175208526403,26.297189800878204],[50.206153296523432,26.297074571878717]]]},"properties":{"FID":100,"OBJECTID":1172627,"fclass":"Building","name":"Private","type":"Residential","Shape_Leng":0.00076168002751299995,"Shape_Area":2.1986923804500001e-08,"Road_Name":"Prince Methab Street","GlobalID":"{F689F181-B513-4DDA-B8C9-C2D01BC78ABE}","created_us":" ","created_da":null,"last_edite":"RASOO","last_edi_1":1769990400000,"VALIDATION":2}},{"type":"Feature","id":101,"geometry":{"type":"Polygon","coordinates":[[[50.203752851603369,26.298478401935256],[50.203919625599873,26.298453132931311],[50.203943408602733,26.298565207930793],[50.203772471606378,26.298594638934819],[50.203752851603369,26.298478401935256]]]},"properties":{"FID":101,"OBJECTID":1172631,"fclass":"Building","name":"Private","type":"Residential","Shape_Leng":0.00057458149588300003,"Shape_Area":1.9869404482300002e-08,"Road_Name":"Prince Abdul Salam Street","GlobalID":"{A95F9EBA-A3F4-4095-987B-F983D9F87A3A}","created_us":" ","created_da":null,"last_edite":"RASOO","last_edi_1":1769990400000,"VALIDATION":2}},{"type":"Feature","id":102,"geometry":{"type":"Polygon","coordinates":[[[50.204807386523321,26.29629879590987],[50.205020560518882,26.29626621690489],[50.205049098522132,26.296396362904268],[50.205013842522916,26.296403037905105],[50.205009896522569,26.296388476905193],[50.204829914526492,26.296422176909367],[50.204807386523321,26.29629879590987]]]},"properties":{"FID":102,"OBJECTID":1172641,"fclass":"Building","name":"Private","type":"Commercial/Residential","Shape_Leng":0.00070838643533200003,"Shape_Area":2.70487092577e-08,"Road_Name":"19th Street","GlobalID":"{76F75634-8099-4348-BE6A-CAD34EB41AA6}","created_us":" ","created_da":null,"last_edite":"RASOO","last_edi_1":1769990400000,"VALIDATION":2}},{"type":"Feature","id":103,"geometry":{"type":"Polygon","coordinates":[[[50.207230545491967,26.296598086853376],[50.207320554490039,26.29658202985128],[50.207323215490462,26.296598626851249],[50.207444798487877,26.296578114848401],[50.207468474490611,26.296686244847884],[50.20725790949497,26.296718400852789],[50.207230545491967,26.296598086853376]]]},"properties":{"FID":103,"OBJECTID":1172642,"fclass":"Building","name":"Private","type":"Residential","Shape_Leng":0.00067862453868200001,"Shape_Area":2.4711986676299999e-08,"Road_Name":"Prince Abdul Mohshin Street","GlobalID":"{B0C9CC24-D89F-4A42-85E7-8841851EBEF5}","created_us":" ","created_da":null,"last_edite":"RASOO","last_edi_1":1769990400000,"VALIDATION":2}},{"type":"Feature","id":104,"geometry":{"type":"Polygon","coordinates":[[[50.203942974517688,26.295606784929802],[50.203926816514922,26.295500671930139],[50.203923219514301,26.295477045930227],[50.204165019509396,26.295445845924558],[50.204185719512765,26.295575445924158],[50.203942974517688,26.295606784929802]]]},"properties":{"FID":104,"OBJECTID":1172651,"fclass":"Building","name":"Private","type":"Commercial","Shape_Leng":0.00075104132204999998,"Shape_Area":3.2047887972999998e-08,"Road_Name":"Prince Miqren Bin Abdulaziz Street","GlobalID":"{9509D841-69D2-4D22-98BF-BC4CEA71DF67}","created_us":" ","created_da":null,"last_edite":"RASOO","last_edi_1":1769990400000,"VALIDATION":2}},{"type":"Feature","id":105,"geometry":{"type":"Polygon","coordinates":[[[50.20317543262103,26.298762339948837],[50.203398537616202,26.298723446943605],[50.203413657618256,26.298803438943278],[50.20319019962291,26.29883689994849],[50.20317543262103,26.298762339948837]]]},"properties":{"FID":105,"OBJECTID":1172652,"fclass":"Building","name":"Private","type":"Residential","Shape_Leng":0.000609835742985,"Shape_Area":1.7794912188499999e-08,"Road_Name":"Prince Hathool Street","GlobalID":"{5B5B03FF-455B-4C7A-9E1F-A4E1140A67FF}","created_us":" ","created_da":null,"last_edite":"RASOO","last_edi_1":1769990400000,"VALIDATION":2}},{"type":"Feature","id":106,"geometry":{"type":"Polygon","coordinates":[[[50.203426469615991,26.298731247942943],[50.203624124611665,26.298692904938335],[50.203630633612327,26.298719786938182],[50.203638966613148,26.298754207938],[50.203633151613275,26.298755382938111],[50.203605730613923,26.298760925938787],[50.203612095615114,26.298806536938613],[50.203636385614544,26.298801111938062],[50.203648513614262,26.298798403937766],[50.203660534615935,26.298862047937543],[50.203540383618488,26.298883665940355],[50.20353819861834,26.298875836940372],[50.203468684619871,26.298889887941996],[50.20345298761773,26.298805828942328],[50.20344646161783,26.29880742094252],[50.203438490618019,26.29880936494267],[50.203426469615991,26.298731247942943]]]},"properties":{"FID":106,"OBJECTID":1172657,"fclass":"Building","name":"Private","type":"Residential","Shape_Leng":0.00082705829582599996,"Shape_Area":3.1945670540999997e-08,"Road_Name":"Prince Abdul Salam Street","GlobalID":"{15E74A28-02FF-436E-820A-3431C2FEB67F}","created_us":" ","created_da":null,"last_edite":"RASOO","last_edi_1":1769990400000,"VALIDATION":2}},{"type":"Feature","id":107,"geometry":{"type":"Polygon","coordinates":[[[50.204873133556845,26.297502532908766],[50.204880618556281,26.297488666908574],[50.204858371556341,26.29747770490906],[50.204891112553902,26.297410481908297],[50.204916381553822,26.297422421907687],[50.20492960255293,26.297397931907383],[50.204939390552887,26.297402329907154],[50.204972807550391,26.297334641906346],[50.205066796549907,26.297372160904203],[50.205125918545633,26.297258085902779],[50.205152749545498,26.297268031902142],[50.205162300544899,26.297252779901893],[50.205217632543743,26.297244442900595],[50.205223173545072,26.297294135900476],[50.205299320552903,26.29760928789884],[50.205269655554311,26.297641466899506],[50.205119854557637,26.297671939903047],[50.205061869558037,26.297652990904371],[50.205067992557538,26.297639537904267],[50.205029299558326,26.297643599905133],[50.204854184559196,26.297574919909227],[50.204886448556806,26.297509566908442],[50.204873133556845,26.297502532908766]]]},"properties":{"FID":107,"OBJECTID":1172668,"fclass":"Building","name":"Mosque","type":"Religious","Shape_Leng":0.0015511714134000001,"Shape_Area":1.2142723059199999e-07,"Road_Name":"20th Street","GlobalID":"{076F5F2D-EE51-48B9-A0AB-B53FA3B209A9}","created_us":" ","created_da":null,"last_edite":"RASOO","last_edi_1":1769472000000,"VALIDATION":0}},{"type":"Feature","id":108,"geometry":{"type":"Polygon","coordinates":[[[50.203239447591926,26.297785508947015],[50.203401033588534,26.297760746943219],[50.203436589592187,26.29790868194241],[50.203265285595904,26.297939237946427],[50.203239447591926,26.297785508947015]]]},"properties":{"FID":108,"OBJECTID":1172685,"fclass":"Building","name":"Private","type":"Residential","Shape_Leng":0.00064551331208799999,"Shape_Area":2.5954280557700001e-08,"Road_Name":"20th Street","GlobalID":"{4150F118-24FB-4E78-B13E-B5532E005500}","created_us":" ","created_da":null,"last_edite":"RASOO","last_edi_1":1769990400000,"VALIDATION":2}},{"type":"Feature","id":109,"geometry":{"type":"Polygon","coordinates":[[[50.202993815588542,26.297528169952617],[50.20311056058609,26.297509319949889],[50.203132833588924,26.297620519949405],[50.203023308591348,26.297642717951977],[50.20302071959108,26.297630906952048],[50.202987068591817,26.297637890952821],[50.202982602591341,26.297618676952897],[50.202978827590954,26.297602436953003],[50.202960745591341,26.297605484953422],[50.202948554589824,26.297545548953675],[50.202923564590307,26.297549408954314],[50.2029203135899,26.297531732954351],[50.202992440588332,26.297520557952662],[50.202993815588542,26.297528169952617]]]},"properties":{"FID":109,"OBJECTID":1172697,"fclass":"Building","name":"Private","type":"Residential","Shape_Leng":0.00062975816991999996,"Shape_Area":1.8847910221500001e-08,"Road_Name":"Prince Hathool Street","GlobalID":"{C4090C35-2120-4EC8-A1EB-96C81E4CA4BF}","created_us":" ","created_da":null,"last_edite":"RASOO","last_edi_1":1769990400000,"VALIDATION":2}},{"type":"Feature","id":110,"geometry":{"type":"Polygon","coordinates":[[[50.205712910468868,26.294922990888264],[50.205834607466244,26.294901421885395],[50.205849858468234,26.294980178885101],[50.205880272467631,26.29497685588435],[50.205887106468381,26.295006348884186],[50.205734673471632,26.295031132887772],[50.205712910468868,26.294922990888264]]]},"properties":{"FID":110,"OBJECTID":1172699,"fclass":"Building","name":"Private","type":"Residential","Shape_Leng":0.00052942786757999999,"Shape_Area":1.4655361569100001e-08,"Road_Name":"Prince Methab Street","GlobalID":"{0CD349D0-E495-466E-849A-C5A600D158DB}","created_us":" ","created_da":null,"last_edite":"RASOO","last_edi_1":1769990400000,"VALIDATION":2}},{"type":"Feature","id":111,"geometry":{"type":"Polygon","coordinates":[[[50.204427260573738,26.297834332919269],[50.204618513569777,26.297807438914809],[50.20464499056984,26.297824625914167],[50.204670073572551,26.29793238991364],[50.204536451575308,26.297952082916773],[50.204456111576945,26.297963423918659],[50.204427260573738,26.297834332919269]]]},"properties":{"FID":111,"OBJECTID":1172707,"fclass":"Building","name":"Private","type":"Commercial/Residential","Shape_Leng":0.00068382309570700001,"Shape_Area":2.81443665721e-08,"Road_Name":"20th Street","GlobalID":"{BE6D6A69-E222-45AD-B564-B461E16752F4}","created_us":" ","created_da":null,"last_edite":"RASOO","last_edi_1":1769990400000,"VALIDATION":2}},{"type":"Feature","id":112,"geometry":{"type":"Polygon","coordinates":[[[50.207069394456489,26.295270819856714],[50.20711765045548,26.29526298885558],[50.207115584455181,26.295252535855617],[50.207183802453848,26.295244353854038],[50.207198072455718,26.295317215853746],[50.207084814458156,26.295337127856371],[50.207069394456489,26.295270819856714]]]},"properties":{"FID":112,"OBJECTID":1172711,"fclass":"Building","name":"Private","type":"Residential","Shape_Leng":0.00038556806543699998,"Shape_Area":8.43969627044e-09,"Road_Name":"17th Street","GlobalID":"{3393B680-4095-4BDE-A521-ED9B72A039D4}","created_us":" ","created_da":null,"last_edite":"RASOO","last_edi_1":1769990400000,"VALIDATION":2}},{"type":"Feature","id":113,"geometry":{"type":"Polygon","coordinates":[[[50.204446704577443,26.297975105918855],[50.204560265574941,26.297954295916231],[50.204561751575227,26.29796380891614],[50.204668937572883,26.297944377913652],[50.204694066576259,26.298076653913153],[50.20446205658115,26.298113402918524],[50.204448691579479,26.298046580918864],[50.204461865579191,26.298043777918519],[50.204446704577443,26.297975105918855]]]},"properties":{"FID":113,"OBJECTID":1172712,"fclass":"Building","name":"Private","type":"Commercial/Residential","Shape_Leng":0.000755497516786,"Shape_Area":3.1390326059900003e-08,"Road_Name":"Prince Miqren Bin Abdulaziz Street","GlobalID":"{6EF0E85E-927B-4243-B5E4-172BF65372D3}","created_us":" ","created_da":null,"last_edite":"RASOO","last_edi_1":1769990400000,"VALIDATION":2}},{"type":"Feature","id":114,"geometry":{"type":"Polygon","coordinates":[[[50.206176018561322,26.29840672687865],[50.206381330556752,26.298365709873838],[50.206412794560705,26.298520813873147],[50.206242568564399,26.298550693877122],[50.20620227656422,26.298523076878052],[50.206176018561322,26.29840672687865]]]},"properties":{"FID":114,"OBJECTID":1172714,"fclass":"Building","name":"Private","type":"Commercial/Residential","Shape_Leng":0.00070858514725399997,"Shape_Area":3.1796759444000003e-08,"Road_Name":"22nd Street","GlobalID":"{DB1A94D1-49E7-496A-BC6F-41E23C621D03}","created_us":" ","created_da":null,"last_edite":"RASOO","last_edi_1":1769990400000,"VALIDATION":2}},{"type":"Feature","id":115,"geometry":{"type":"Polygon","coordinates":[[[50.205577287534936,26.297143902892149],[50.205786248530714,26.297117212887301],[50.205807799533758,26.29723649988685],[50.205600253538115,26.297269311891686],[50.205577287534936,26.297143902892149]]]},"properties":{"FID":115,"OBJECTID":1172715,"fclass":"Building","name":"Private","type":"Residential","Shape_Leng":0.00066949497649499996,"Shape_Area":2.6141611854600001e-08,"Road_Name":"Prince Mashari Street","GlobalID":"{041FCE62-A3CC-45C4-943A-EFAAEE65E057}","created_us":" ","created_da":null,"last_edite":"RASOO","last_edi_1":1769990400000,"VALIDATION":2}},{"type":"Feature","id":116,"geometry":{"type":"Polygon","coordinates":[[[50.202841827542777,26.29584725295561],[50.202838980542289,26.295829244955698],[50.203032982538069,26.29579397195111],[50.203053754540825,26.295900574950672],[50.202855833545044,26.295935847955342],[50.202841827542777,26.29584725295561]]]},"properties":{"FID":116,"OBJECTID":1172723,"fclass":"Building","name":"Private","type":"Residential","Shape_Leng":0.00061475695464300001,"Shape_Area":2.1553652141899999e-08,"Road_Name":"Prince Abdul Salam Street","GlobalID":"{4B729122-C8B6-49D9-9098-2DEC7CCB31E4}","created_us":" ","created_da":null,"last_edite":"RASOO","last_edi_1":1769990400000,"VALIDATION":2}},{"type":"Feature","id":117,"geometry":{"type":"Polygon","coordinates":[[[50.204121290570392,26.297542147926332],[50.204301383566609,26.297514407922115],[50.204321014569096,26.29761298992166],[50.204140921572957,26.297643289925901],[50.204121290570392,26.297542147926332]]]},"properties":{"FID":117,"OBJECTID":1172728,"fclass":"Building","name":"Private","type":"Residential","Shape_Leng":0.00056838814603399996,"Shape_Area":1.8554138781699999e-08,"Road_Name":"Prince Mamdouh Street","GlobalID":"{5D9981C7-E64F-44B4-AF37-F79E4D8CE469}","created_us":" ","created_da":null,"last_edite":"RASOO","last_edi_1":1769990400000,"VALIDATION":2}},{"type":"Feature","id":118,"geometry":{"type":"Polygon","coordinates":[[[50.205943119527419,26.297092728883641],[50.206127811523473,26.297060872879282],[50.206148674526318,26.297172607878853],[50.205962418530412,26.297208485883225],[50.205943119527419,26.297092728883641]]]},"properties":{"FID":118,"OBJECTID":1172738,"fclass":"Building","name":"Private","type":"Residential","Shape_Leng":0.00060812002901899996,"Shape_Area":2.1777008833e-08,"Road_Name":"Prince Mashari Street","GlobalID":"{BDC8C8F4-14BA-4671-AC4C-A29E0111747B}","created_us":" ","created_da":null,"last_edite":"RASOO","last_edi_1":1769990400000,"VALIDATION":2}},{"type":"Feature","id":119,"geometry":{"type":"Polygon","coordinates":[[[50.206047842563862,26.298420879881633],[50.206077672567588,26.298567224881005],[50.205887189571747,26.298603964885462],[50.205858435567862,26.29845141688606],[50.206047842563862,26.298420879881633]]]},"properties":{"FID":119,"OBJECTID":1172743,"fclass":"Building","name":"Private","type":"Commercial/Residential","Shape_Leng":0.00069043520349099997,"Shape_Area":2.9371954389699999e-08,"Road_Name":"22nd Street","GlobalID":"{6E089943-DD82-4606-A218-B32B1430BFDA}","created_us":" ","created_da":null,"last_edite":"RASOO","last_edi_1":1769990400000,"VALIDATION":2}},{"type":"Feature","id":120,"geometry":{"type":"Polygon","coordinates":[[[50.206887016478895,26.295947213861194],[50.207062102475135,26.29591625885708],[50.207088251477906,26.296027569856534],[50.206910820481859,26.296063055860685],[50.206887016478895,26.295947213861194]]]},"properties":{"FID":120,"OBJECTID":1172744,"fclass":"Building","name":"Private","type":"Residential","Shape_Leng":0.00059134974793499998,"Shape_Area":2.0848555346899998e-08,"Road_Name":"Prince Abdul Rahman Street","GlobalID":"{43BE9907-902D-4EE1-9103-97CAA9929416}","created_us":" ","created_da":null,"last_edite":"RASOO","last_edi_1":1769990400000,"VALIDATION":2}},{"type":"Feature","id":121,"geometry":{"type":"Polygon","coordinates":[[[50.206265624489795,26.295968782875718],[50.20631314348875,26.295959234874623],[50.206306812487654,26.295917426874716],[50.206404646485502,26.295899705872468],[50.206402401485086,26.295882682872463],[50.20644765948412,26.295874774871415],[50.206468637487212,26.295996361870984],[50.206277249491372,26.296029652875436],[50.206265624489795,26.295968782875718]]]},"properties":{"FID":121,"OBJECTID":1172751,"fclass":"Building","name":"Private","type":"Residential","Shape_Leng":0.00063290886424199997,"Shape_Area":1.9341382163400001e-08,"Road_Name":"Prince Methab Street","GlobalID":"{7F0DA1FF-E86A-44D3-91F5-3662232320F4}","created_us":" ","created_da":null,"last_edite":"RASOO","last_edi_1":1769990400000,"VALIDATION":2}},{"type":"Feature","id":122,"geometry":{"type":"Polygon","coordinates":[[[50.203157399616011,26.298577499949157],[50.203126285612662,26.298444123949825],[50.203131899612536,26.298441899949744],[50.203264179609732,26.298420080946613],[50.203263118609478,26.298409827946667],[50.203321457608233,26.298401341945286],[50.203325582608805,26.298422246945179],[50.203351511611793,26.298541356944629],[50.203157399616011,26.298577499949157]]]},"properties":{"FID":122,"OBJECTID":1172756,"fclass":"Building","name":"Private","type":"Residential","Shape_Leng":0.00068697948934300004,"Shape_Area":2.7574243893999998e-08,"Road_Name":"Prince Hathool Street","GlobalID":"{640B976E-15DC-4705-9F3B-0469950DC021}","created_us":" ","created_da":null,"last_edite":"RASOO","last_edi_1":1769990400000,"VALIDATION":2}},{"type":"Feature","id":123,"geometry":{"type":"Polygon","coordinates":[[[50.204788923497048,26.295374111910011],[50.204834900496138,26.29536829990889],[50.204843739497463,26.295420438908746],[50.204798867498418,26.295427472909758],[50.204788923497048,26.295374111910011]]]},"properties":{"FID":123,"OBJECTID":1172757,"fclass":"Building","name":"Private","type":"Residential","Shape_Leng":0.000198925424468,"Shape_Area":2.45646397992e-09,"Road_Name":"Prince Ahmad Street","GlobalID":"{C9881D71-E0DC-422F-8C0A-319F8D5E1E29}","created_us":" ","created_da":null,"last_edite":"RASOO","last_edi_1":1769990400000,"VALIDATION":2}},{"type":"Feature","id":124,"geometry":{"type":"Polygon","coordinates":[[[50.203199170588228,26.297635310947872],[50.203408494583776,26.297599596942991],[50.203437263587553,26.29774790994238],[50.203221987592059,26.297781639947406],[50.203199170588228,26.297635310947872]]]},"properties":{"FID":124,"OBJECTID":1172767,"fclass":"Building","name":"Private","type":"Residential","Shape_Leng":0.00072942596836900002,"Shape_Area":3.2171832850500003e-08,"Road_Name":"Prince Abdul Salam Street","GlobalID":"{7459AEF8-7C37-4C4D-9ADE-8F8E5B32BDE3}","created_us":" ","created_da":null,"last_edite":"RASOO","last_edi_1":1769990400000,"VALIDATION":2}},{"type":"Feature","id":125,"geometry":{"type":"Polygon","coordinates":[[[50.202734187527867,26.295267592957902],[50.202786527526769,26.295260138956728],[50.202805001529107,26.295352396956318],[50.202856225527931,26.295340516955132],[50.202915399526631,26.295329299953739],[50.202947298531086,26.29550169495305],[50.202775220534697,26.295528639957077],[50.202739630530871,26.295376651957824],[50.20275681353047,26.295371854957448],[50.202734187527867,26.295267592957902]]]},"properties":{"FID":125,"OBJECTID":1172768,"fclass":"Building","name":"Private","type":"Residential","Shape_Leng":0.00088989327846300005,"Shape_Area":3.5274456364900002e-08,"Road_Name":"16th Street","GlobalID":"{4758093F-B486-4EA1-9FAC-FF0ED0663D84}","created_us":" ","created_da":null,"last_edite":"RASOO","last_edi_1":1769990400000,"VALIDATION":2}},{"type":"Feature","id":126,"geometry":{"type":"Polygon","coordinates":[[[50.206080868551538,26.298011770880695],[50.206308751546779,26.297975308875397],[50.206335123549756,26.298095076874795],[50.206178390553191,26.298124074878483],[50.206159360551418,26.298052282878874],[50.206095218552832,26.298064251880387],[50.206080868551538,26.298011770880695]]]},"properties":{"FID":126,"OBJECTID":1172770,"fclass":"Building","name":"Private","type":"Residential","Shape_Leng":0.00070673965963500001,"Shape_Area":2.3679094973800001e-08,"Road_Name":"Prince Mashari Street","GlobalID":"{3CB1DC80-3BE3-4E4B-8018-B3DCC156CBBC}","created_us":" ","created_da":null,"last_edite":"RASOO","last_edi_1":1769990400000,"VALIDATION":2}},{"type":"Feature","id":127,"geometry":{"type":"Polygon","coordinates":[[[50.206631530531865,26.297642138867712],[50.206819493527789,26.297609258863321],[50.206841961530884,26.297729544862861],[50.206658108534825,26.297761602867151],[50.206631530531865,26.297642138867712]]]},"properties":{"FID":127,"OBJECTID":1172782,"fclass":"Building","name":"Private","type":"Residential","Shape_Leng":0.00062219533768600001,"Shape_Area":2.3081958789599998e-08,"Road_Name":"Prince Methab Street","GlobalID":"{670C72E3-3D1E-480E-84CF-5B5F4401BE0E}","created_us":" ","created_da":null,"last_edite":"RASOO","last_edi_1":1769990400000,"VALIDATION":2}},{"type":"Feature","id":128,"geometry":{"type":"Polygon","coordinates":[[[50.207065282471078,26.295775618856993],[50.207275535466593,26.295741341852072],[50.207293910469694,26.295859013851672],[50.207087567474176,26.295896190856517],[50.207065282471078,26.295775618856993]]]},"properties":{"FID":128,"OBJECTID":1172783,"fclass":"Building","name":"Private","type":"Residential","Shape_Leng":0.00066440625443600003,"Shape_Area":2.5539204265599999e-08,"Road_Name":"Prince Abdul Mohshin Street","GlobalID":"{60E0BFB1-154A-4FAB-9FCB-41546038FCA8}","created_us":" ","created_da":null,"last_edite":"RASOO","last_edi_1":1769990400000,"VALIDATION":2}},{"type":"Feature","id":129,"geometry":{"type":"Polygon","coordinates":[[[50.203590214554431,26.296683016938417],[50.203625793553705,26.2966786409376],[50.203642726555948,26.296766730937243],[50.203606767556693,26.296772057938067],[50.203590214554431,26.296683016938417]]]},"properties":{"FID":129,"OBJECTID":1172785,"fclass":"Building","name":"Private","type":"Residential","Shape_Leng":0.00025246779204499999,"Shape_Area":3.2491280339500001e-09,"Road_Name":"Prince Miqren Bin Abdulaziz Street","GlobalID":"{DF232C1F-2323-4FAE-82D9-5BF11CD7D3D3}","created_us":" ","created_da":null,"last_edite":"RASOO","last_edi_1":1769990400000,"VALIDATION":2}},{"type":"Feature","id":130,"geometry":{"type":"Polygon","coordinates":[[[50.20358421858618,26.297784915938923],[50.203775147582121,26.297751847934457],[50.20379595758471,26.297855003934032],[50.203605697588728,26.297886515938448],[50.20358421858618,26.297784915938923]]]},"properties":{"FID":130,"OBJECTID":1172787,"fclass":"Building","name":"Private","type":"Residential","Shape_Leng":0.00059570309716499995,"Shape_Area":2.0195439629199999e-08,"Road_Name":"20th Street","GlobalID":"{B84A13A7-4E04-4E92-9404-0011727EBFC2}","created_us":" ","created_da":null,"last_edite":"RASOO","last_edi_1":1769990400000,"VALIDATION":2}},{"type":"Feature","id":131,"geometry":{"type":"Polygon","coordinates":[[[50.204064287563781,26.297279268927575],[50.204264151559443,26.297243971922889],[50.204277057561818,26.29733431492263],[50.204082028566098,26.297371443927162],[50.204064287563781,26.297279268927575]]]},"properties":{"FID":131,"OBJECTID":1172792,"fclass":"Building","name":"Private","type":"Residential","Shape_Leng":0.000586615656574,"Shape_Area":1.8573680043899999e-08,"Road_Name":"Prince Mamdouh Street","GlobalID":"{E34F500F-6F9D-4C05-8FD7-4212992EC42E}","created_us":" ","created_da":null,"last_edite":"RASOO","last_edi_1":1769990400000,"VALIDATION":2}},{"type":"Feature","id":132,"geometry":{"type":"Polygon","coordinates":[[[50.20474200451676,26.296032820911318],[50.204983798511655,26.295994922905638],[50.205005021514815,26.296115819905172],[50.204766259520049,26.296159781910777],[50.20474200451676,26.296032820911318]]]},"properties":{"FID":132,"OBJECTID":1172807,"fclass":"Building","name":"Private","type":"Residential","Shape_Leng":0.00073952428166299997,"Shape_Area":3.0708119526799999e-08,"Road_Name":"Prince Ahmad Street","GlobalID":"{C7EDA0F6-5811-4601-ACE7-F5085A4814DC}","created_us":" ","created_da":null,"last_edite":"RASOO","last_edi_1":1769990400000,"VALIDATION":2}},{"type":"Feature","id":133,"geometry":{"type":"Polygon","coordinates":[[[50.205657673497292,26.295880685889877],[50.205843915493496,26.295856051885519],[50.205865806495979,26.295954765885035],[50.205776224497896,26.295969486887131],[50.205779006498588,26.295996376887089],[50.20568342450062,26.296011695889337],[50.205657673497292,26.295880685889877]]]},"properties":{"FID":133,"OBJECTID":1172808,"fclass":"Building","name":"Private","type":"Residential","Shape_Leng":0.00063711187861199999,"Shape_Area":2.22407927665e-08,"Road_Name":"Prince Mashari Street","GlobalID":"{3123BB7A-518C-4F0E-8C51-BE8D3AFE5208}","created_us":" ","created_da":null,"last_edite":"RASOO","last_edi_1":1769990400000,"VALIDATION":2}},{"type":"Feature","id":134,"geometry":{"type":"Polygon","coordinates":[[[50.204304095494486,26.295007531921211],[50.204512106490093,26.294972569916311],[50.204534699493252,26.29509594191585],[50.204326008497702,26.295131614920685],[50.204304095494486,26.295007531921211]]]},"properties":{"FID":134,"OBJECTID":1172815,"fclass":"Building","name":"Private","type":"Commercial/Residential","Shape_Leng":0.00067407338240599995,"Shape_Area":2.6564668679299999e-08,"Road_Name":"16th Street","GlobalID":"{C485328F-F4CE-41CD-A474-96197EA870F8}","created_us":" ","created_da":null,"last_edite":"RASOO","last_edi_1":1769990400000,"VALIDATION":2}},{"type":"Feature","id":135,"geometry":{"type":"Polygon","coordinates":[[[50.203358583607653,26.29840240294439],[50.203421328606389,26.298393342942958],[50.20341877560606,26.298380353942985],[50.203464711605143,26.298374922941939],[50.203467074605406,26.298386737941879],[50.203469916605776,26.298400945941808],[50.203488698605383,26.298398456941367],[50.203556938603562,26.298373762939772],[50.203563866604583,26.298412874939661],[50.203541649605107,26.29841769094017],[50.203561788606805,26.29849010293967],[50.203541649607267,26.298493043940194],[50.203542549607427,26.298500048940159],[50.203543685607649,26.298508884940151],[50.203447504609684,26.2985247249424],[50.203445332609292,26.298509807942409],[50.203415643609951,26.298514731943147],[50.203414958609763,26.298508955943142],[50.203414629609703,26.298506186943158],[50.203376080610454,26.298510531944036],[50.203358583607653,26.29840240294439]]]},"properties":{"FID":135,"OBJECTID":1172816,"fclass":"Building","name":"Private","type":"Residential","Shape_Leng":0.00071446154435599995,"Shape_Area":2.3181843295600001e-08,"Road_Name":"Prince Abdul Salam Street","GlobalID":"{6B96B53F-2489-4618-A812-811A64EA024D}","created_us":" ","created_da":null,"last_edite":"RASOO","last_edi_1":1769990400000,"VALIDATION":2}},{"type":"Feature","id":136,"geometry":{"type":"Polygon","coordinates":[[[50.205483577576331,26.298530366894809],[50.205513200579894,26.298671549894209],[50.2053245925838,26.298700495898615],[50.205298957580219,26.298560612899131],[50.205483577576331,26.298530366894809]]]},"properties":{"FID":136,"OBJECTID":1172826,"fclass":"Building","name":"Private","type":"Commercial/Residential","Shape_Leng":0.000664367258413,"Shape_Area":2.7043133155999999e-08,"Road_Name":"22nd Street","GlobalID":"{F1622A93-251F-44E2-8339-D005D9052042}","created_us":" ","created_da":null,"last_edite":"RASOO","last_edi_1":1769990400000,"VALIDATION":2}},{"type":"Feature","id":137,"geometry":{"type":"Polygon","coordinates":[[[50.204720324580741,26.298246069912548],[50.204740038583068,26.298339532912156],[50.204531425587312,26.298367034917],[50.204513630584863,26.298272209917425],[50.204630949582373,26.298251927914645],[50.204632449582583,26.298260327914623],[50.204720324580741,26.298246069912548]]]},"properties":{"FID":137,"OBJECTID":1172827,"fclass":"Building","name":"Private","type":"Commercial/Residential","Shape_Leng":0.00061903411451499999,"Shape_Area":2.0235301574599999e-08,"Road_Name":"Prince Miqren Bin Abdulaziz Street","GlobalID":"{3C36F257-49FC-453F-BFA7-E103128329EC}","created_us":" ","created_da":null,"last_edite":"RASOO","last_edi_1":1769990400000,"VALIDATION":2}},{"type":"Feature","id":138,"geometry":{"type":"Polygon","coordinates":[[[50.20563653649468,26.295777272890362],[50.205670343493452,26.295755539889527],[50.205844204489615,26.295720767885456],[50.205858896491833,26.295805128885156],[50.205795910493087,26.295814459886632],[50.205800077493855,26.295841940886557],[50.205765442494567,26.295847518887335],[50.205761138494026,26.295826533887428],[50.205705480495276,26.295838850888746],[50.205691733494248,26.295794295889081],[50.205641673495229,26.295800646890214],[50.20563653649468,26.295777272890362]]]},"properties":{"FID":138,"OBJECTID":1172828,"fclass":"Building","name":"Private","type":"Residential","Shape_Leng":0.00062912176873100004,"Shape_Area":1.6504799880900001e-08,"Road_Name":"17th Street","GlobalID":"{2A177C89-64B0-45AA-BFA3-019306C889AA}","created_us":" ","created_da":null,"last_edite":"RASOO","last_edi_1":1769990400000,"VALIDATION":2}},{"type":"Feature","id":139,"geometry":{"type":"Polygon","coordinates":[[[50.206905914475172,26.295827916860734],[50.207028532472336,26.295798234857823],[50.207051854475004,26.295904597857355],[50.206929589477625,26.295926506860212],[50.206905914475172,26.295827916860734]]]},"properties":{"FID":139,"OBJECTID":1172831,"fclass":"Building","name":"Private","type":"Residential","Shape_Leng":0.00046065449860599998,"Shape_Area":1.3153531937200001e-08,"Road_Name":"Prince Abdul Rahman Street","GlobalID":"{CF1F172E-3B26-4152-815B-AC5FB2D6FA6A}","created_us":" ","created_da":null,"last_edite":"RASOO","last_edi_1":1769990400000,"VALIDATION":2}},{"type":"Feature","id":140,"geometry":{"type":"Polygon","coordinates":[[[50.205325265563836,26.298006585898371],[50.205326217564114,26.298015096898325],[50.205381355563112,26.298011890897069],[50.20538362956389,26.298040693896986],[50.20532956056492,26.298044975898272],[50.205335370566274,26.298096897898162],[50.205395059565113,26.298090690896753],[50.205403354566016,26.298127213896581],[50.205341562567341,26.298137714898054],[50.205339515566784,26.298115672898071],[50.205274457568038,26.298122413899595],[50.205270904567108,26.298088067899656],[50.205235374567856,26.298093396900462],[50.205224455566082,26.29802667190074],[50.205325265563836,26.298006585898371]]]},"properties":{"FID":140,"OBJECTID":1172838,"fclass":"Building","name":"Private","type":"Residential","Shape_Leng":0.000687717992867,"Shape_Area":1.33536135589e-08,"Road_Name":"Prince Ahmad Street","GlobalID":"{D6DD817B-A836-48F0-BA3A-4BBBB53EB0F2}","created_us":" ","created_da":null,"last_edite":"RASOO","last_edi_1":1769990400000,"VALIDATION":2}},{"type":"Feature","id":141,"geometry":{"type":"Polygon","coordinates":[[[50.203382999611719,26.298556704943881],[50.203594416607253,26.298522418938965],[50.203622974611115,26.298673956938313],[50.203413210615473,26.298705834943231],[50.203382999611719,26.298556704943881]]]},"properties":{"FID":141,"OBJECTID":1172841,"fclass":"Building","name":"Private","type":"Residential","Shape_Leng":0.00073271630651700005,"Shape_Area":3.2631010254099997e-08,"Road_Name":"Prince Abdul Salam Street","GlobalID":"{7C219F3C-7418-426C-9149-E900227B5E8B}","created_us":" ","created_da":null,"last_edite":"RASOO","last_edi_1":1769990400000,"VALIDATION":2}},{"type":"Feature","id":142,"geometry":{"type":"Polygon","coordinates":[[[50.20629187753709,26.297630323875644],[50.206279006535482,26.297565225875928],[50.206441288531742,26.297529852872131],[50.206464948531909,26.297548649871572],[50.2064873115349,26.297665002871106],[50.206390747536908,26.297680673873387],[50.206388784536585,26.29766824387341],[50.206350864537399,26.297675049874275],[50.206348271536974,26.297658196874359],[50.206313475537748,26.29766553087515],[50.206306462536823,26.297628054875304],[50.20629187753709,26.297630323875644]]]},"properties":{"FID":142,"OBJECTID":1172843,"fclass":"Building","name":"Private","type":"Residential","Shape_Leng":0.00063558726442600004,"Shape_Area":2.2745262196099999e-08,"Road_Name":"20th Street","GlobalID":"{0B814F31-9C71-4EEC-9B3F-D300248A6F06}","created_us":" ","created_da":null,"last_edite":"RASOO","last_edi_1":1769990400000,"VALIDATION":2}},{"type":"Feature","id":143,"geometry":{"type":"Polygon","coordinates":[[[50.205407293514121,26.296323304895896],[50.205519359511868,26.29630820289325],[50.205522523512322,26.296326721893159],[50.205601111510639,26.296312733891337],[50.205598947510346,26.29630209389142],[50.205598059510237,26.296297727891396],[50.205621967509757,26.29629467589082],[50.205640963512849,26.29641311589047],[50.205445045517038,26.296445525895024],[50.205433521515531,26.296386887895281],[50.205417553515815,26.29638794589566],[50.205407293514121,26.296323304895896]]]},"properties":{"FID":143,"OBJECTID":1172844,"fclass":"Building","name":"Private","type":"Residential","Shape_Leng":0.00071085190539999996,"Shape_Area":2.4353909287099999e-08,"Road_Name":"Prince Mashari Street","GlobalID":"{08BA8AA6-F428-432F-BA53-5912EE0D38E5}","created_us":" ","created_da":null,"last_edite":"RASOO","last_edi_1":1769990400000,"VALIDATION":2}},{"type":"Feature","id":144,"geometry":{"type":"Polygon","coordinates":[[[50.204531952588283,26.29840106091704],[50.204751877583675,26.298366783911888],[50.204773320586511,26.298478468911409],[50.204553791591252,26.298517066916553],[50.204531952588283,26.29840106091704]]]},"properties":{"FID":144,"OBJECTID":1172855,"fclass":"Building","name":"Private","type":"Commercial/Residential","Shape_Leng":0.00067724512914199998,"Shape_Area":2.58034741117e-08,"Road_Name":"Prince Miqren Bin Abdulaziz Street","GlobalID":"{25E6330C-47C4-4692-99D7-9552161DB1B5}","created_us":" ","created_da":null,"last_edite":"RASOO","last_edi_1":1769990400000,"VALIDATION":2}},{"type":"Feature","id":145,"geometry":{"type":"Polygon","coordinates":[[[50.205052816502693,26.295721248903977],[50.205029300499959,26.295612799904454],[50.205209787495846,26.29557421190021],[50.205223642497295,26.295632073899913],[50.205193161497903,26.295635950900611],[50.205193947498032,26.295641696900592],[50.205200648499343,26.2956906489005],[50.205236016498638,26.295685879899626],[50.205243964499402,26.295716479899465],[50.205178790500753,26.29572561990101],[50.205175386500038,26.295700297901085],[50.205052816502693,26.295721248903977]]]},"properties":{"FID":145,"OBJECTID":1172856,"fclass":"Building","name":"Private","type":"Residential","Shape_Leng":0.00072398020813199996,"Shape_Area":2.11928940871e-08,"Road_Name":"17th Street","GlobalID":"{BACFDEE0-0833-4B18-99A8-BBD8EA4D7A8A}","created_us":" ","created_da":null,"last_edite":"RASOO","last_edi_1":1769990400000,"VALIDATION":2}},{"type":"Feature","id":146,"geometry":{"type":"Polygon","coordinates":[[[50.203753090526298,26.29579797493431],[50.203958227521909,26.29576189592953],[50.203969395523785,26.295835214929269],[50.20393319652451,26.295838404930137],[50.203943399526004,26.295896499929899],[50.20381086852867,26.295913865933016],[50.203771928528752,26.295893442933885],[50.203753090526298,26.29579797493431]]]},"properties":{"FID":146,"OBJECTID":1172858,"fclass":"Building","name":"Private","type":"Residential","Shape_Leng":0.00065271715697999999,"Shape_Area":2.3613751387599999e-08,"Road_Name":"17th Street","GlobalID":"{E423AF8C-480A-4C1B-9A7A-5D53079565DF}","created_us":" ","created_da":null,"last_edite":"RASOO","last_edi_1":1769990400000,"VALIDATION":2}},{"type":"Feature","id":147,"geometry":{"type":"Polygon","coordinates":[[[50.205592384542619,26.297421483891938],[50.20559809954355,26.297455999891785],[50.205616499543176,26.297453499891365],[50.205640157546021,26.297567505890839],[50.205443491550412,26.297606225895464],[50.205410357550235,26.297581846896211],[50.205385636547284,26.29746468289677],[50.205592384542619,26.297421483891938]]]},"properties":{"FID":147,"OBJECTID":1172859,"fclass":"Building","name":"Private","type":"Residential","Shape_Leng":0.00074252405139699999,"Shape_Area":3.3476110246400002e-08,"Road_Name":"20th Street","GlobalID":"{588837C8-EDF9-45AE-BB34-E9EF510C3CC5}","created_us":" ","created_da":null,"last_edite":"RASOO","last_edi_1":1769990400000,"VALIDATION":2}},{"type":"Feature","id":148,"geometry":{"type":"Polygon","coordinates":[[[50.206664667538824,26.297903294867044],[50.206652815537467,26.297849060867293],[50.206681843536806,26.297844144866662],[50.206675421536012,26.297812891866766],[50.206703677535309,26.297804756866139],[50.206698907534644,26.297777960866185],[50.206855567531164,26.297745958862556],[50.206879902534247,26.297868050862007],[50.206834555535181,26.297875475863041],[50.206828689534483,26.297847141863198],[50.206749058536147,26.297859128865056],[50.206750771536505,26.297872400865014],[50.206691689537735,26.297881391866401],[50.206695109538131,26.297898309866355],[50.206664667538824,26.297903294867044]]]},"properties":{"FID":148,"OBJECTID":1172869,"fclass":"Building","name":"Private","type":"Residential","Shape_Leng":0.000734536859174,"Shape_Area":2.0268546541900001e-08,"Road_Name":"Prince Methab Street","GlobalID":"{B5A8BD43-A74E-4CE5-BF3B-44098B14EBD2}","created_us":" ","created_da":null,"last_edite":"RASOO","last_edi_1":1769990400000,"VALIDATION":2}},{"type":"Feature","id":149,"geometry":{"type":"Polygon","coordinates":[[[50.203783674577551,26.297598698934234],[50.20384827857621,26.297589234932712],[50.203857494577498,26.297638880932489],[50.203793243578822,26.297648469934],[50.203783674577551,26.297598698934234]]]},"properties":{"FID":149,"OBJECTID":1172873,"fclass":"Building","name":"Private","type":"Residential","Shape_Leng":0.000231432808168,"Shape_Area":3.2920720336799999e-09,"Road_Name":"Prince Mamdouh Street","GlobalID":"{BDEBDB18-83C3-41EF-9F5C-DAAF9EA85CE1}","created_us":" ","created_da":null,"last_edite":"RASOO","last_edi_1":1769990400000,"VALIDATION":2}},{"type":"Feature","id":150,"geometry":{"type":"Polygon","coordinates":[[[50.206003094505277,26.296356617881944],[50.206223783500683,26.296322772876824],[50.206251730504064,26.296457582876183],[50.206227848505421,26.296490420876783],[50.206038284509461,26.296521765881185],[50.206003094505277,26.296356617881944]]]},"properties":{"FID":150,"OBJECTID":1172881,"fclass":"Building","name":"Private","type":"Residential","Shape_Leng":0.00076254305538800003,"Shape_Area":3.6841025710599997e-08,"Road_Name":"19th Street","GlobalID":"{21DE3448-AB58-435B-811B-F02DF55656E3}","created_us":" ","created_da":null,"last_edite":"RASOO","last_edi_1":1769990400000,"VALIDATION":2}},{"type":"Feature","id":151,"geometry":{"type":"Polygon","coordinates":[[[50.203855444586466,26.297950720932626],[50.204050429582296,26.297917061928075],[50.20408824058233,26.297939116927246],[50.204111687585382,26.298059198926705],[50.203880371590202,26.29809416393211],[50.203855444586466,26.297950720932626]]]},"properties":{"FID":151,"OBJECTID":1172897,"fclass":"Building","name":"Private","type":"Residential","Shape_Leng":0.00074352818644700001,"Shape_Area":3.39259982176e-08,"Road_Name":"20th Street","GlobalID":"{08E4F314-D5F8-4FBC-A817-250D019E1AA7}","created_us":" ","created_da":null,"last_edite":"RASOO","last_edi_1":1769990400000,"VALIDATION":2}},{"type":"Feature","id":152,"geometry":{"type":"Polygon","coordinates":[[[50.206153110475874,26.295420534878122],[50.206332116471941,26.295386527873976],[50.206341485472869,26.295422246873766],[50.206364971472382,26.295419371873201],[50.206383869475097,26.295524568872779],[50.206352744475744,26.295530074873554],[50.206347907475127,26.295506159873611],[50.206192498478487,26.295533559877263],[50.206172804476445,26.295451787877713],[50.206159657476746,26.29545461287799],[50.206153110475874,26.295420534878122]]]},"properties":{"FID":152,"OBJECTID":1172899,"fclass":"Building","name":"Private","type":"Residential","Shape_Leng":0.00069574910438399999,"Shape_Area":2.3410003443499999e-08,"Road_Name":"17th Street","GlobalID":"{7813AB79-37BE-4880-87DE-69724F0CE46C}","created_us":" ","created_da":null,"last_edite":"RASOO","last_edi_1":1769990400000,"VALIDATION":2}},{"type":"Feature","id":153,"geometry":{"type":"Polygon","coordinates":[[[50.205325430504033,26.29592471589762],[50.205297612500551,26.295787215898226],[50.205464121497165,26.295764961894339],[50.205513001496939,26.295784831893229],[50.205535255499498,26.295886962892752],[50.205325430504033,26.29592471589762]]]},"properties":{"FID":153,"OBJECTID":1172904,"fclass":"Building","name":"Private","type":"Residential","Shape_Leng":0.00067876133803700003,"Shape_Area":2.8174203650399999e-08,"Road_Name":"17th Street","GlobalID":"{AB7E7638-0F5A-417A-AD61-8D7D761D4ABF}","created_us":" ","created_da":null,"last_edite":"RASOO","last_edi_1":1769990400000,"VALIDATION":2}},{"type":"Feature","id":154,"geometry":{"type":"Polygon","coordinates":[[[50.204180495598258,26.298547575925266],[50.20420904360163,26.298679584924624],[50.203997399606024,26.298712799929596],[50.203974399602636,26.298581416930116],[50.204180495598258,26.298547575925266]]]},"properties":{"FID":154,"OBJECTID":1172911,"fclass":"Building","name":"Private","type":"Residential","Shape_Leng":0.00069153196640400001,"Shape_Area":2.8371494192600001e-08,"Road_Name":"Prince Mamdouh Street","GlobalID":"{1EBC2D80-56CB-47AD-BD3B-D70D41C3910B}","created_us":" ","created_da":null,"last_edite":"RASOO","last_edi_1":1769990400000,"VALIDATION":2}},{"type":"Feature","id":155,"geometry":{"type":"Polygon","coordinates":[[[50.204020404607,26.298759629929055],[50.204081205605746,26.298750419927668],[50.204076905605227,26.298729938927767],[50.204217649602249,26.298705784924476],[50.204221365602841,26.298729473924375],[50.204212744603005,26.29873049592457],[50.204233297606152,26.298851554924166],[50.204041213610125,26.29887913692864],[50.204020404607,26.298759629929055]]]},"properties":{"FID":155,"OBJECTID":1172914,"fclass":"Building","name":"Private","type":"Residential","Shape_Leng":0.00069603440198400001,"Shape_Area":2.68799421749e-08,"Road_Name":"22nd Street","GlobalID":"{CEC8C312-FBC3-4F3A-95CE-A0A793869ABA}","created_us":" ","created_da":null,"last_edite":"RASOO","last_edi_1":1769990400000,"VALIDATION":2}},{"type":"Feature","id":156,"geometry":{"type":"Polygon","coordinates":[[[50.206476299516304,26.297011999871167],[50.206706606511453,26.296975498865766],[50.206726334514585,26.297094687865325],[50.206505456519338,26.297135171870504],[50.206494998518281,26.297090993870736],[50.206533284517441,26.297083367869824],[50.206530715516976,26.297065814869921],[50.206491089517826,26.29707447987084],[50.206476299516304,26.297011999871167]]]},"properties":{"FID":156,"OBJECTID":1172917,"fclass":"Building","name":"Private","type":"Residential","Shape_Leng":0.00078549568264100003,"Shape_Area":2.7588338119e-08,"Road_Name":"Prince Methab Street","GlobalID":"{36042071-770B-4C22-89ED-6338A7C6F18A}","created_us":" ","created_da":null,"last_edite":"RASOO","last_edi_1":1769990400000,"VALIDATION":2}},{"type":"Feature","id":157,"geometry":{"type":"Polygon","coordinates":[[[50.205582493570809,26.298396308892503],[50.205797337566374,26.298364760887445],[50.205807320567629,26.29841427888725],[50.205592476572363,26.298455010892294],[50.205582493570809,26.298396308892503]]]},"properties":{"FID":157,"OBJECTID":1172928,"fclass":"Building","name":"Private","type":"Residential","Shape_Leng":0.00054587809809999999,"Shape_Area":1.19859944622e-08,"Road_Name":"Prince Ahmad Street","GlobalID":"{E0B14E40-9610-4D10-ACDF-6061BC19FBCF}","created_us":" ","created_da":null,"last_edite":"RASOO","last_edi_1":1769990400000,"VALIDATION":2}},{"type":"Feature","id":158,"geometry":{"type":"Polygon","coordinates":[[[50.205193378570669,26.298166896901506],[50.205407505566185,26.298133924896462],[50.205429108568943,26.298243073896018],[50.205216875573491,26.298279834900974],[50.205193378570669,26.298166896901506]]]},"properties":{"FID":158,"OBJECTID":1172932,"fclass":"Building","name":"Private","type":"Residential","Shape_Leng":0.00065866659453500003,"Shape_Area":2.44584929048e-08,"Road_Name":"Prince Ahmad Street","GlobalID":"{79E204D2-E103-4211-9DFF-681F2451A2C1}","created_us":" ","created_da":null,"last_edite":"RASOO","last_edi_1":1769990400000,"VALIDATION":2}},{"type":"Feature","id":159,"geometry":{"type":"Polygon","coordinates":[[[50.204575057568924,26.2977529469158],[50.20442364657206,26.29777490391935],[50.20440423257245,26.297777719919804],[50.204384396570056,26.297682576920231],[50.204402098569673,26.297679991919821],[50.204396185569038,26.297654371919919],[50.204527901566301,26.297634573916845],[50.204525432565802,26.297615123916877],[50.204580484564651,26.297607014915627],[50.204583515565162,26.297626214915553],[50.204592007564997,26.297624938915316],[50.204608049567263,26.297714196914988],[50.204575057568924,26.2977529469158]]]},"properties":{"FID":159,"OBJECTID":1172938,"fclass":"Building","name":"Private","type":"Commercial/Residential","Shape_Leng":0.00069203725113799999,"Shape_Area":2.6400405665199999e-08,"Road_Name":"20th Street","GlobalID":"{81E9A8FE-6FF0-4AA0-8E3D-BA5DE859A900}","created_us":" ","created_da":null,"last_edite":"RASOO","last_edi_1":1769990400000,"VALIDATION":2}},{"type":"Feature","id":160,"geometry":{"type":"Polygon","coordinates":[[[50.206717616478045,26.295818387865118],[50.206746918481272,26.295948839864483],[50.206508453486506,26.295993364870039],[50.206488002482793,26.295853049870448],[50.206717616478045,26.295818387865118]]]},"properties":{"FID":160,"OBJECTID":1172941,"fclass":"Building","name":"Private","type":"Residential","Shape_Leng":0.00075030158322100002,"Shape_Area":3.2670034353800002e-08,"Road_Name":"Prince Abdul Rahman Street","GlobalID":"{9FC0D3C2-649B-431B-892D-EA8C53DA4696}","created_us":" ","created_da":null,"last_edite":"RASOO","last_edi_1":1769990400000,"VALIDATION":2}},{"type":"Feature","id":161,"geometry":{"type":"Polygon","coordinates":[[[50.202802924539029,26.295695598956492],[50.202958909535752,26.295671299952822],[50.202971450537078,26.295724992952536],[50.203028671535925,26.295716762951201],[50.203038861537827,26.295788484950968],[50.202982424538888,26.2957939719523],[50.202976937537862,26.295754779952428],[50.202966722538108,26.295756528952658],[50.202919852539097,26.295764555953781],[50.202922725539558,26.295783231953695],[50.202822018541667,26.295799019956032],[50.202802924539029,26.295695598956492]]]},"properties":{"FID":161,"OBJECTID":1172944,"fclass":"Building","name":"Private","type":"Residential","Shape_Leng":0.00072345145452900001,"Shape_Area":1.97049337558e-08,"Road_Name":"Prince Abdul Salam Street","GlobalID":"{8CB03673-83D5-4A33-893F-FCFE110DA6F9}","created_us":" ","created_da":null,"last_edite":"RASOO","last_edi_1":1769990400000,"VALIDATION":2}},{"type":"Feature","id":162,"geometry":{"type":"Polygon","coordinates":[[[50.206415360556562,26.298377376873024],[50.20663218455207,26.298346911867984],[50.206653899554638,26.298448679867494],[50.206625378556097,26.298482709868168],[50.206441937560029,26.298514147872464],[50.206415360556562,26.298377376873024]]]},"properties":{"FID":162,"OBJECTID":1172952,"fclass":"Building","name":"Private","type":"Commercial/Residential","Shape_Leng":0.000692858876168,"Shape_Area":2.94016720334e-08,"Road_Name":"22nd Street","GlobalID":"{4FD9326B-5225-4082-9C98-0F8AC9499882}","created_us":" ","created_da":null,"last_edite":"RASOO","last_edi_1":1769990400000,"VALIDATION":2}},{"type":"Feature","id":163,"geometry":{"type":"Polygon","coordinates":[[[50.20674774654654,26.298220105865227],[50.206805349545405,26.298213004863879],[50.206798642544484,26.29817781786404],[50.206941892541501,26.298155581860684],[50.206958412544076,26.298255647860291],[50.206799112547557,26.298285452864015],[50.206792442546643,26.298248404864193],[50.206752986547443,26.298253935865109],[50.20674774654654,26.298220105865227]]]},"properties":{"FID":163,"OBJECTID":1181896,"fclass":"Building","name":"Private","type":"Residential","Shape_Leng":0.00061402865430500002,"Shape_Area":1.75911280239e-08,"Road_Name":"Prince Methab Street","GlobalID":"{BF803867-105E-4570-ADFE-780DD3003722}","created_us":" ","created_da":null,"last_edite":"RASOO","last_edi_1":1769990400000,"VALIDATION":2}},{"type":"Feature","id":164,"geometry":{"type":"Polygon","coordinates":[[[50.206949164541285,26.298152159860482],[50.20707023053874,26.29813434385763],[50.20707345653922,26.29815153985761],[50.207135771537864,26.298140452856135],[50.207143034538724,26.298175241855954],[50.207132665538936,26.298176769856244],[50.207141882540121,26.298222752855995],[50.206966864543958,26.298255411860094],[50.206949164541285,26.298152159860482]]]},"properties":{"FID":164,"OBJECTID":1181897,"fclass":"Building","name":"Private","type":"Residential","Shape_Leng":0.00057887436718299999,"Shape_Area":1.7386261834500001e-08,"Road_Name":"Prince Abdul Rahman Street","GlobalID":"{A5D4AAD4-2B2F-4371-8936-329F62C4A8AE}","created_us":" ","created_da":null,"last_edite":"RASOO","last_edi_1":1769990400000,"VALIDATION":2}},{"type":"Feature","id":165,"geometry":{"type":"Polygon","coordinates":[[[50.206734548549178,26.298303349865559],[50.206963914544211,26.298262786860224],[50.206989727548297,26.298420613859616],[50.206781749552704,26.298454170864485],[50.206761099552672,26.298441632864986],[50.206734548549178,26.298303349865559]]]},"properties":{"FID":165,"OBJECTID":1181898,"fclass":"Building","name":"Private","type":"Commercial/Residential","Shape_Leng":0.00076848409333399998,"Shape_Area":3.6360610894499997e-08,"Road_Name":"22nd Street","GlobalID":"{FBF73564-5EAF-4F26-BB17-AD1B413378BC}","created_us":" ","created_da":null,"last_edite":"RASOO","last_edi_1":1769990400000,"VALIDATION":2}},{"type":"Feature","id":166,"geometry":{"type":"Polygon","coordinates":[[[50.202476082610652,26.297999467964917],[50.202471164610031,26.297975409965005],[50.202461707610169,26.297975914965235],[50.202442163610534,26.297976956965645],[50.202435108609393,26.297932331965796],[50.202603263605901,26.297908432961886],[50.20263752760944,26.298049809961114],[50.202565129610981,26.298062026962803],[50.202476082610652,26.297999467964917]]]},"properties":{"FID":166,"OBJECTID":1184474,"fclass":"Building","name":"Private","type":"Residential","Shape_Leng":0.00059633877651499995,"Shape_Area":1.98173692281e-08,"Road_Name":"20th Street","GlobalID":"{1D49E020-70CB-4E4C-860A-D12C3A19E172}","created_us":" ","created_da":null,"last_edite":"RASOO","last_edi_1":1769990400000,"VALIDATION":2}},{"type":"Feature","id":167,"geometry":{"type":"Polygon","coordinates":[[[50.201348406644264,26.298522731991394],[50.201581808639133,26.298478200985922],[50.201616462643855,26.29866291898518],[50.201389981648916,26.298707941990475],[50.201348406644264,26.298522731991394]]]},"properties":{"FID":167,"OBJECTID":1184479,"fclass":"Building","name":"Private","type":"Residential","Shape_Leng":0.00084628431707899998,"Shape_Area":4.42375525688e-08,"Road_Name":"Prince Sattam Street","GlobalID":"{16F76459-7D41-400E-AA59-7EF1210052F7}","created_us":" ","created_da":null,"last_edite":"RASOO","last_edi_1":1769990400000,"VALIDATION":2}},{"type":"Feature","id":168,"geometry":{"type":"Polygon","coordinates":[[[50.206894077534621,26.297889764861697],[50.206928870533908,26.297884388860897],[50.206923542533254,26.297858374860994],[50.207125798529127,26.29783023685626],[50.207153823532423,26.297962619855635],[50.207060159534421,26.297977000857856],[50.207052415533504,26.297941231858008],[50.207004108534491,26.297947500859124],[50.207011483535553,26.297988801858981],[50.206923720537475,26.298005763861045],[50.206894077534621,26.297889764861697]]]},"properties":{"FID":168,"OBJECTID":1184499,"fclass":"Building","name":"Private","type":"Residential","Shape_Leng":0.00083242011642099996,"Shape_Area":3.02525452407e-08,"Road_Name":"Prince Abdul Rahman Street","GlobalID":"{9570A145-061A-4D92-8FC9-EBD76B95D423}","created_us":" ","created_da":null,"last_edite":"RASOO","last_edi_1":1769990400000,"VALIDATION":2}},{"type":"Feature","id":169,"geometry":{"type":"Polygon","coordinates":[[[50.201978153632005,26.2984578159767],[50.202131047628811,26.298434204973102],[50.202135654629402,26.298457527972989],[50.202122985629657,26.298459254973267],[50.202138858632175,26.298556127972947],[50.201955406636209,26.298590841977227],[50.201947920634993,26.298544483977413],[50.201990246634139,26.298538437976422],[50.201978153632005,26.2984578159767]]]},"properties":{"FID":169,"OBJECTID":1184511,"fclass":"Building","name":"Private","type":"Residential","Shape_Leng":0.00064737658873199996,"Shape_Area":2.0064805338699999e-08,"Road_Name":"Prince Abdulmajid Street","GlobalID":"{713D4380-6F21-45EF-AD70-889E8C8F4BDF}","created_us":" ","created_da":null,"last_edite":"RASOO","last_edi_1":1769990400000,"VALIDATION":2}},{"type":"Feature","id":170,"geometry":{"type":"Polygon","coordinates":[[[50.205678560575606,26.29861817589034],[50.205718307574813,26.298612613889397],[50.205722261575552,26.298641901889322],[50.205682533576429,26.298649028890249],[50.205678560575606,26.29861817589034]]]},"properties":{"FID":170,"OBJECTID":1184555,"fclass":"Building","name":"Private","type":"Residential","Shape_Leng":0.00014115793582599999,"Shape_Area":1.2200729196099999e-09,"Road_Name":"22nd Street","GlobalID":"{818AF398-8CBB-451B-86A8-BE57BCB44049}","created_us":" ","created_da":null,"last_edite":"RASOO","last_edi_1":1769990400000,"VALIDATION":2}},{"type":"Feature","id":171,"geometry":{"type":"Polygon","coordinates":[[[50.203074664608025,26.298251779951013],[50.20329847660323,26.298212886945763],[50.20333065160704,26.298363862945042],[50.203101535612063,26.298408059950429],[50.203074664608025,26.298251779951013]]]},"properties":{"FID":171,"OBJECTID":1184577,"fclass":"Building","name":"Private","type":"Residential","Shape_Leng":0.00077344578837800003,"Shape_Area":3.60177444268e-08,"Road_Name":"Prince Hathool Street","GlobalID":"{2EF0C4A1-8DEA-4DBF-8F00-A9D45D92B3C4}","created_us":" ","created_da":null,"last_edite":"RASOO","last_edi_1":1769990400000,"VALIDATION":2}},{"type":"Feature","id":172,"geometry":{"type":"Polygon","coordinates":[[[50.204367218585865,26.298223109920812],[50.204456838584001,26.298210045918687],[50.204464727584977,26.298247932918535],[50.204481221587002,26.298327156918155],[50.20431127259053,26.298352117922146],[50.204299425589156,26.29829758592242],[50.204285960589445,26.298299142922701],[50.204282804588928,26.298281686922806],[50.20427367958915,26.298282681923006],[50.204267180588388,26.298252095923186],[50.204324798587109,26.298242100921801],[50.2043680025862,26.298234605920804],[50.204367218585865,26.298223109920812]]]},"properties":{"FID":172,"OBJECTID":1184582,"fclass":"Building","name":"Private","type":"Residential","Shape_Leng":0.000623358017,"Shape_Area":2.0501590464100001e-08,"Road_Name":"Prince Mamdouh Street","GlobalID":"{B378D151-D795-4782-9205-886F78CC2418}","created_us":" ","created_da":null,"last_edite":"RASOO","last_edi_1":1769990400000,"VALIDATION":2}},{"type":"Feature","id":173,"geometry":{"type":"Polygon","coordinates":[[[50.20132787764063,26.298383717991822],[50.201530239636547,26.298358495987102],[50.201554874639363,26.298471114986565],[50.201351926643987,26.298515106991292],[50.20132787764063,26.298383717991822]]]},"properties":{"FID":173,"OBJECTID":1184589,"fclass":"Building","name":"Private","type":"Residential","Shape_Leng":0.00066044270148400003,"Shape_Area":2.55671242088e-08,"Road_Name":"20th Street","GlobalID":"{F36B2B1F-ACEC-4B77-A75D-3C0AA7C6AE0A}","created_us":" ","created_da":null,"last_edite":"RASOO","last_edi_1":1769990400000,"VALIDATION":2}},{"type":"Feature","id":174,"geometry":{"type":"Polygon","coordinates":[[[50.201504430627438,26.298027678987587],[50.201642217624389,26.297999631984354],[50.201652548625695,26.298051045984121],[50.201688022624928,26.298044102983322],[50.201715449628132,26.298172628982698],[50.201590067630747,26.298190272985654],[50.201597692632021,26.298240011985456],[50.201544316633154,26.29824881098671],[50.201504430627438,26.298027678987587]]]},"properties":{"FID":174,"OBJECTID":1184612,"fclass":"Building","name":"Private","type":"Residential","Shape_Leng":0.00081635531030699998,"Shape_Area":3.2866836332700003e-08,"Road_Name":"20th Street","GlobalID":"{730EE0F3-994F-4906-B1D9-B29E6F487E52}","created_us":" ","created_da":null,"last_edite":"RASOO","last_edi_1":1769990400000,"VALIDATION":2}},{"type":"Feature","id":175,"geometry":{"type":"Polygon","coordinates":[[[50.201184238622659,26.297677985994973],[50.201401244617983,26.297639251989835],[50.201433591622092,26.297800761989134],[50.201434853622231,26.297805515989136],[50.201218778626853,26.297843500994205],[50.201184238622659,26.297677985994973]]]},"properties":{"FID":175,"OBJECTID":1184639,"fclass":"Building","name":"Private","type":"Residential","Shape_Leng":0.00077854070347200004,"Shape_Area":3.7203852072699997e-08,"Road_Name":"Prince Sattam Street","GlobalID":"{44F4888B-71D7-4C3F-9B12-9FE37C8CD12B}","created_us":" ","created_da":null,"last_edite":"RASOO","last_edi_1":1769990400000,"VALIDATION":2}},{"type":"Feature","id":176,"geometry":{"type":"Polygon","coordinates":[[[50.2055501465669,26.298241764893216],[50.205661162564638,26.298226589890579],[50.205665156565431,26.298256539890488],[50.205556935567657,26.298272513893036],[50.2055501465669,26.298241764893216]]]},"properties":{"FID":176,"OBJECTID":1184650,"fclass":"Building","name":"Private","type":"Residential","Shape_Leng":0.00028314660602399999,"Shape_Area":3.4108365805300001e-09,"Road_Name":"Prince Ahmad Street","GlobalID":"{234716B2-9BEB-4029-901D-72BEA23F1A19}","created_us":" ","created_da":null,"last_edite":"RASOO","last_edi_1":1769990400000,"VALIDATION":2}},{"type":"Feature","id":177,"geometry":{"type":"Polygon","coordinates":[[[50.201029061653074,26.298644980998919],[50.201068088652143,26.29863695399796],[50.201065597651876,26.29862560599803],[50.201254641647992,26.298597927993629],[50.201269034650188,26.2986837309933],[50.201243846650712,26.298687605993894],[50.201249659651779,26.298726909993771],[50.201081373655356,26.298755141997685],[50.201088847656315,26.298791953997533],[50.201058123656978,26.298797489998265],[50.201034873653953,26.298679578998744],[50.201029061653074,26.298644980998919]]]},"properties":{"FID":177,"OBJECTID":1184666,"fclass":"Building","name":"Private","type":"Residential","Shape_Leng":0.00078942291592500003,"Shape_Area":2.9202408431199999e-08,"Road_Name":"Prince Sattam Street","GlobalID":"{8F5A9894-59F6-4C91-AD4B-24BDA8FCBDAB}","created_us":" ","created_da":null,"last_edite":"RASOO","last_edi_1":1769990400000,"VALIDATION":2}},{"type":"Feature","id":178,"geometry":{"type":"Polygon","coordinates":[[[50.200982655644935,26.298336631999867],[50.200973411643311,26.298275086000089],[50.201061834641443,26.298260019998001],[50.201060612641236,26.298251229997998],[50.201081863640752,26.298248203997506],[50.201079582640332,26.298231479997575],[50.200979493642443,26.298247352999901],[50.200960989639569,26.298137593000316],[50.201016688638376,26.298126712999014],[50.201011923637772,26.298104523999129],[50.201143060635054,26.298083237996018],[50.201145614635394,26.298096983995997],[50.201151042636148,26.298126189995841],[50.201137358636437,26.298128850996161],[50.201157884639841,26.298260747995741],[50.20117945663943,26.298257268995251],[50.20118354664023,26.298286961995149],[50.201161572641375,26.298314097995711],[50.200982655644935,26.298336631999867]]]},"properties":{"FID":178,"OBJECTID":1184699,"fclass":"Building","name":"Private","type":"Residential","Shape_Leng":0.0010822850914700001,"Shape_Area":3.81531674566e-08,"Road_Name":"20th Street","GlobalID":"{8A0B241D-C295-40F5-A2B2-3238E3AC1081}","created_us":" ","created_da":null,"last_edite":"RASOO","last_edi_1":1769990400000,"VALIDATION":2}},{"type":"Feature","id":179,"geometry":{"type":"Polygon","coordinates":[[[50.205670746564536,26.298228586890371],[50.20576618856262,26.298215407888136],[50.205777769564023,26.298272113887894],[50.205682726566017,26.298286889890118],[50.205670746564536,26.298228586890371]]]},"properties":{"FID":179,"OBJECTID":1184709,"fclass":"Building","name":"Private","type":"Residential","Shape_Leng":0.00030992993272200002,"Shape_Area":5.64153428101e-09,"Road_Name":"Prince Ahmad Street","GlobalID":"{39A66E2B-F4C8-4BAC-81BF-ED34E4827723}","created_us":" ","created_da":null,"last_edite":"RASOO","last_edi_1":1769990400000,"VALIDATION":2}},{"type":"Feature","id":180,"geometry":{"type":"Polygon","coordinates":[[[50.20158177063454,26.298318433985859],[50.201788072630237,26.29828735698106],[50.201823265634552,26.298456870980299],[50.201609602638989,26.298488995985256],[50.20158177063454,26.298318433985859]]]},"properties":{"FID":180,"OBJECTID":1184736,"fclass":"Building","name":"Private","type":"Residential","Shape_Leng":0.00077064068234200002,"Shape_Area":3.6700830844600002e-08,"Road_Name":"20th Street","GlobalID":"{D7CD7C11-164A-4B0A-9624-FF910AB2DBCA}","created_us":" ","created_da":null,"last_edite":"RASOO","last_edi_1":1769990400000,"VALIDATION":2}},{"type":"Feature","id":181,"geometry":{"type":"Polygon","coordinates":[[[50.203249274599713,26.298062721946877],[50.203279299603452,26.298209999946216],[50.20314569960626,26.298231999949337],[50.203138197605362,26.298195241949482],[50.203100119606084,26.298200092950403],[50.20309303160473,26.298147525950522],[50.203045426605613,26.298151754951665],[50.203042532604819,26.298121538951694],[50.203068673603411,26.298088250951075],[50.203104786602729,26.298084792950242],[50.203171302601461,26.298078422948688],[50.203171113601172,26.298069538948685],[50.203249274599713,26.298062721946877]]]},"properties":{"FID":181,"OBJECTID":1184766,"fclass":"Building","name":"Private","type":"Residential","Shape_Leng":0.00072556526711200001,"Shape_Area":2.68620724281e-08,"Road_Name":"20th Street","GlobalID":"{529E8C93-5B41-48EC-A5A0-2C01686779FB}","created_us":" ","created_da":null,"last_edite":"RASOO","last_edi_1":1769990400000,"VALIDATION":2}},{"type":"Feature","id":182,"geometry":{"type":"Polygon","coordinates":[[[50.207269720529226,26.297917749852914],[50.207538693522991,26.297855029846644],[50.207558796525554,26.297955542846221],[50.207287410531478,26.298004592852543],[50.207269720529226,26.297917749852914]]]},"properties":{"FID":182,"OBJECTID":1184771,"fclass":"Building","name":"Private","type":"Residential","Shape_Leng":0.00074310188724199995,"Shape_Area":2.63659061057e-08,"Road_Name":"Prince Abdul Rahman Street","GlobalID":"{0CD9F55B-C491-420B-959B-E77BEB56CB78}","created_us":" ","created_da":null,"last_edite":"RASOO","last_edi_1":1769990400000,"VALIDATION":2}},{"type":"Feature","id":183,"geometry":{"type":"Polygon","coordinates":[[[50.206051032547528,26.297855205881351],[50.20628471854225,26.29780562087587],[50.206316369546087,26.297955959875193],[50.206075825551245,26.297998160880812],[50.206051032547528,26.297855205881351]]]},"properties":{"FID":183,"OBJECTID":1184822,"fclass":"Building","name":"Private","type":"Residential","Shape_Leng":0.00078183018755899998,"Shape_Area":3.6067395654599997e-08,"Road_Name":"Prince Mashari Street","GlobalID":"{8BEE1F3C-89AB-4C4A-BB82-C3D2376D9580}","created_us":" ","created_da":null,"last_edite":"RASOO","last_edi_1":1769990400000,"VALIDATION":2}},{"type":"Feature","id":184,"geometry":{"type":"Polygon","coordinates":[[[50.205793141561514,26.298193562887509],[50.20600020055717,26.298161497882631],[50.206024161559967,26.298272113882145],[50.205812869564298,26.298302392887077],[50.205793141561514,26.298193562887509]]]},"properties":{"FID":184,"OBJECTID":1184851,"fclass":"Building","name":"Private","type":"Residential","Shape_Leng":0.00064676262585200005,"Shape_Area":2.36323001427e-08,"Road_Name":"Prince Mashari Street","GlobalID":"{0BDB7D88-7EEC-44CD-9071-641F05371423}","created_us":" ","created_da":null,"last_edite":"RASOO","last_edi_1":1769990400000,"VALIDATION":2}},{"type":"Feature","id":185,"geometry":{"type":"Polygon","coordinates":[[[50.207435687528815,26.297997404849102],[50.207565373526009,26.297975017846067],[50.207585761528478,26.298072357845584],[50.207542987529358,26.298078972846607],[50.207540671529067,26.29806765084669],[50.207455150530997,26.298084088848668],[50.207435687528815,26.297997404849102]]]},"properties":{"FID":185,"OBJECTID":1184873,"fclass":"Building","name":"Private","type":"Residential","Shape_Leng":0.00046182383068899999,"Shape_Area":1.19930682844e-08,"Road_Name":"Prince Abdul Rahman Street","GlobalID":"{48F9C3D9-0A48-4020-81C8-2DB3BF37644D}","created_us":" ","created_da":null,"last_edite":"RASOO","last_edi_1":1769990400000,"VALIDATION":2}},{"type":"Feature","id":186,"geometry":{"type":"Polygon","coordinates":[[[50.207291431531871,26.298021077852468],[50.207419685529167,26.298000170849441],[50.207438517531664,26.298099043849039],[50.207392201532656,26.298107277850136],[50.207390400532354,26.29809595585019],[50.207308719534197,26.298112342852068],[50.207291431531871,26.298021077852468]]]},"properties":{"FID":186,"OBJECTID":1184880,"fclass":"Building","name":"Private","type":"Residential","Shape_Leng":0.000465300455754,"Shape_Area":1.2324500464e-08,"Road_Name":"Prince Abdul Rahman Street","GlobalID":"{5B1CD6CB-8B1C-4D51-BEAC-F930355B4E3E}","created_us":" ","created_da":null,"last_edite":"RASOO","last_edi_1":1769990400000,"VALIDATION":2}},{"type":"Feature","id":187,"geometry":{"type":"Polygon","coordinates":[[[50.201860557621913,26.298038702979266],[50.202033012617953,26.298000378975232],[50.202060978621624,26.298143832974638],[50.201913899624792,26.29816920897807],[50.201878683624827,26.298150564978869],[50.201860557621913,26.298038702979266]]]},"properties":{"FID":187,"OBJECTID":1184916,"fclass":"Building","name":"Private","type":"Residential","Shape_Leng":0.00062523637927099996,"Shape_Area":2.4980409083700001e-08,"Road_Name":"20th Street","GlobalID":"{7C23092C-7D32-45CE-BA27-3F2D90A16B36}","created_us":" ","created_da":null,"last_edite":"RASOO","last_edi_1":1769990400000,"VALIDATION":2}},{"type":"Feature","id":188,"geometry":{"type":"Polygon","coordinates":[[[50.201830869617389,26.297863651979927],[50.201981079614228,26.297841264976398],[50.201984013615004,26.297869749976321],[50.20202615561405,26.297861151975368],[50.202049688617137,26.297980802974831],[50.20200129761816,26.297988094975992],[50.20199665761762,26.297966882976056],[50.201864693620436,26.297990503979165],[50.201850601618773,26.297923214979466],[50.201821985619389,26.297928766980139],[50.201816351618547,26.297895621980278],[50.201835349618129,26.297892975979799],[50.201830869617389,26.297863651979927]]]},"properties":{"FID":188,"OBJECTID":1184920,"fclass":"Building","name":"Private","type":"Residential","Shape_Leng":0.00073053492731400002,"Shape_Area":2.4689760370099999e-08,"Road_Name":"Prince Abdulmajid Street","GlobalID":"{81A967D5-B13E-49D5-B77F-94B286EF5D02}","created_us":" ","created_da":null,"last_edite":"RASOO","last_edi_1":1769990400000,"VALIDATION":2}},{"type":"Feature","id":189,"geometry":{"type":"Polygon","coordinates":[[[50.201886463628185,26.298270890978731],[50.202116363623212,26.298231299973391],[50.20215280562752,26.29840136197258],[50.201922455632499,26.29844185297797],[50.201886463628185,26.298270890978731]]]},"properties":{"FID":189,"OBJECTID":1184962,"fclass":"Building","name":"Private","type":"Residential","Shape_Leng":0.00081579800779999997,"Shape_Area":4.0689238894200001e-08,"Road_Name":"20th Street","GlobalID":"{0A2D15BA-0D1C-438F-9C91-A9070EB3ED22}","created_us":" ","created_da":null,"last_edite":"RASOO","last_edi_1":1769990400000,"VALIDATION":2}},{"type":"Feature","id":190,"geometry":{"type":"Polygon","coordinates":[[[50.205141220563476,26.297887322902643],[50.205315033559948,26.297864465898535],[50.205338699563121,26.297987899898015],[50.205265799564629,26.297999299899736],[50.205264299564426,26.297991299899785],[50.205164314566538,26.298008124902111],[50.205141220563476,26.297887322902643]]]},"properties":{"FID":190,"OBJECTID":1184974,"fclass":"Building","name":"Private","type":"Residential","Shape_Leng":0.00060729748682099999,"Shape_Area":2.1608484762000001e-08,"Road_Name":"Prince Ahmad Street","GlobalID":"{63EECCB4-E37A-4C8A-B5FD-5ABEB1C2B806}","created_us":" ","created_da":null,"last_edite":"RASOO","last_edi_1":1769990400000,"VALIDATION":2}},{"type":"Feature","id":191,"geometry":{"type":"Polygon","coordinates":[[[50.205464839552654,26.297697095894993],[50.205541981551001,26.297683860893212],[50.205548149551355,26.297698664893058],[50.205586486550516,26.297692274892164],[50.205590479551169,26.297717033892042],[50.205612043550673,26.297712241891578],[50.205608848550497,26.297705053891598],[50.205850621545537,26.297670234886009],[50.205888411549985,26.297846444885135],[50.205847387550826,26.297853188886105],[50.205838867549964,26.297818066886315],[50.205820498550338,26.297819663886738],[50.205817197551511,26.297858152886846],[50.205766986552177,26.297853607887994],[50.205744224552468,26.297851211888506],[50.205721462553036,26.29785680288904],[50.20567098155459,26.297882191890249],[50.205646786554013,26.297847218890777],[50.205548149556115,26.2978643898931],[50.205554827557044,26.29790128889297],[50.205520271557766,26.297906969893788],[50.205495836554945,26.297794505894277],[50.205458314555734,26.297801230895203],[50.205446175553881,26.297728952895454],[50.205464839552654,26.297697095894993]]]},"properties":{"FID":191,"OBJECTID":1184999,"fclass":"Building","name":"Private","type":"Residential","Shape_Leng":0.00137930920128,"Shape_Area":6.7828229773099995e-08,"Road_Name":"20th Street","GlobalID":"{EB957D3D-B297-41F5-8262-9E5590D660F2}","created_us":" ","created_da":null,"last_edite":"RASOO","last_edi_1":1769990400000,"VALIDATION":2}},{"type":"Feature","id":192,"geometry":{"type":"Polygon","coordinates":[[[50.204968057578732,26.298318940906825],[50.205194450573877,26.298279865901506],[50.205223051576837,26.298399909900915],[50.205119134579107,26.298418737903308],[50.204989411581813,26.298438049906334],[50.204968057578732,26.298318940906825]]]},"properties":{"FID":192,"OBJECTID":1185019,"fclass":"Building","name":"Private","type":"Commercial/Residential","Shape_Leng":0.00071091406946000003,"Shape_Area":2.8686676607400001e-08,"Road_Name":"Prince Miqren Bin Abdulaziz Street","GlobalID":"{181E56BE-3FD4-4E2F-A3B9-DA8B16B9F6D6}","created_us":" ","created_da":null,"last_edite":"RASOO","last_edi_1":1769990400000,"VALIDATION":2}},{"type":"Feature","id":193,"geometry":{"type":"Polygon","coordinates":[[[50.201252799632279,26.298050999993475],[50.201476599627696,26.298019399988235],[50.20151659963355,26.298246999987349],[50.201292799638189,26.298278599992585],[50.201252799632279,26.298050999993475]]]},"properties":{"FID":193,"OBJECTID":1185031,"fclass":"Building","name":"Private","type":"Residential","Shape_Leng":0.00091421623767699996,"Shape_Area":5.2200879987400001e-08,"Road_Name":"20th Street","GlobalID":"{C67CB3F4-EA5F-4825-A4E0-8F27A4D3A07B}","created_us":" ","created_da":null,"last_edite":"RASOO","last_edi_1":1769990400000,"VALIDATION":2}},{"type":"Feature","id":194,"geometry":{"type":"Polygon","coordinates":[[[50.201633087639209,26.298510889984765],[50.20177964263619,26.298489266981314],[50.201783396636678,26.298508982981225],[50.201823188635927,26.298504102980303],[50.201833218637837,26.298576718980105],[50.201769481639047,26.298581901981578],[50.201778851640576,26.298641111981397],[50.201713332641823,26.298647833982894],[50.201708527641458,26.298630775983032],[50.201657593642551,26.298639424984202],[50.201633087639209,26.298510889984765]]]},"properties":{"FID":194,"OBJECTID":1185042,"fclass":"Building","name":"Private","type":"Residential","Shape_Leng":0.00067159964458899995,"Shape_Area":2.21943971197e-08,"Road_Name":"Prince Abdulmajid Street","GlobalID":"{59D59638-FBB4-4DD1-9896-2F01D9AC3BB4}","created_us":" ","created_da":null,"last_edite":"RASOO","last_edi_1":1769990400000,"VALIDATION":2}},{"type":"Feature","id":195,"geometry":{"type":"Polygon","coordinates":[[[50.206956539537273,26.29801682686027],[50.207146817533243,26.297986219855837],[50.207156013534529,26.298035976855644],[50.207098306535713,26.298043731856996],[50.207107844537312,26.29810629285679],[50.20697239554012,26.298125240859942],[50.206956539537273,26.29801682686027]]]},"properties":{"FID":195,"OBJECTID":1185053,"fclass":"Building","name":"Private","type":"Residential","Shape_Leng":0.00061116848728899999,"Shape_Area":1.7999303554800001e-08,"Road_Name":"Prince Abdul Rahman Street","GlobalID":"{D8E7B851-3064-4115-9C72-59100E4AAE8F}","created_us":" ","created_da":null,"last_edite":"RASOO","last_edi_1":1769990400000,"VALIDATION":2}},{"type":"Feature","id":196,"geometry":{"type":"Polygon","coordinates":[[[50.207582517525694,26.297972830845652],[50.207716400522635,26.297943480842481],[50.207741730525171,26.298047210841965],[50.207601815528108,26.298068519845216],[50.207582517525694,26.297972830845652]]]},"properties":{"FID":196,"OBJECTID":1185083,"fclass":"Building","name":"Private","type":"Residential","Shape_Leng":0.00048298416507600001,"Shape_Area":1.42153333022e-08,"Road_Name":"Prince Abdul Mohshin Street","GlobalID":"{0186BC3B-020C-446A-ABD9-4F0589D3CAA6}","created_us":" ","created_da":null,"last_edite":"RASOO","last_edi_1":1769990400000,"VALIDATION":2}},{"type":"Feature","id":197,"geometry":{"type":"Polygon","coordinates":[[[50.203672789600105,26.298318854937065],[50.203819572597233,26.298303061933591],[50.203841868599838,26.298406645933149],[50.203879028599019,26.298400607932241],[50.203887389599736,26.298429406932055],[50.203698337603839,26.298463314936523],[50.203672789600105,26.298318854937065]]]},"properties":{"FID":197,"OBJECTID":1185112,"fclass":"Building","name":"Private","type":"Residential","Shape_Leng":0.00065999253483999996,"Shape_Area":2.2352976035499999e-08,"Road_Name":"Prince Abdul Salam Street","GlobalID":"{5A97EB14-47FF-492E-B008-200B86B6DFB7}","created_us":" ","created_da":null,"last_edite":"RASOO","last_edi_1":1769990400000,"VALIDATION":2}},{"type":"Feature","id":198,"geometry":{"type":"Polygon","coordinates":[[[50.203314740603105,26.298219958945392],[50.203527591598807,26.29819167294038],[50.203551988602449,26.298332394939894],[50.203343026606859,26.29836527694475],[50.203314740603105,26.298219958945392]]]},"properties":{"FID":198,"OBJECTID":1185144,"fclass":"Building","name":"Private","type":"Residential","Shape_Leng":0.00071712209445999999,"Shape_Area":3.0969476065900001e-08,"Road_Name":"Prince Abdul Salam Street","GlobalID":"{EE47D50C-E144-4286-A934-6B11346D8CE4}","created_us":" ","created_da":null,"last_edite":"RASOO","last_edi_1":1769990400000,"VALIDATION":2}},{"type":"Feature","id":199,"geometry":{"type":"Polygon","coordinates":[[[50.202176399622502,26.298239499971949],[50.202330899619184,26.298214399968323],[50.202356599622448,26.298341199967791],[50.202202099625715,26.2983663999714],[50.202176399622502,26.298239499971949]]]},"properties":{"FID":199,"OBJECTID":1185149,"fclass":"Building","name":"Private","type":"Residential","Shape_Leng":0.00057192174132199996,"Shape_Area":2.0244679999900001e-08,"Road_Name":"20th Street","GlobalID":"{9FE7E445-8689-427A-9D29-20F543E19106}","created_us":" ","created_da":null,"last_edite":"RASOO","last_edi_1":1769990400000,"VALIDATION":2}},{"type":"Feature","id":200,"geometry":{"type":"Polygon","coordinates":[[[50.200766876649858,26.298382853004924],[50.200727709649861,26.298360959005837],[50.200722662648992,26.298327647005909],[50.200937024644432,26.298292099000932],[50.200950300646028,26.298354634000631],[50.200766876649858,26.298382853004924]]]},"properties":{"FID":200,"OBJECTID":1185170,"fclass":"Building","name":"Private","type":"Commercial/Residential","Shape_Leng":0.00054536328815999997,"Shape_Area":1.32225376075e-08,"Road_Name":"Al Amir Humud Bin Abdulaziz Street","GlobalID":"{E4F6341F-8F00-4174-978A-74B81790C210}","created_us":" ","created_da":null,"last_edite":"RASOO","last_edi_1":1769990400000,"VALIDATION":2}},{"type":"Feature","id":201,"geometry":{"type":"Polygon","coordinates":[[[50.206677552542388,26.298035231866788],[50.206915803537214,26.297992357861233],[50.20694309954073,26.298130599860627],[50.206703899545808,26.298168599866258],[50.206677552542388,26.298035231866788]]]},"properties":{"FID":201,"OBJECTID":1185175,"fclass":"Building","name":"Private","type":"Residential","Shape_Leng":0.00076113408219699997,"Shape_Area":3.35046975219e-08,"Road_Name":"Prince Methab Street","GlobalID":"{27C8D785-605A-42E7-A6A9-F0AAFBBCEF70}","created_us":" ","created_da":null,"last_edite":"RASOO","last_edi_1":1769990400000,"VALIDATION":2}},{"type":"Feature","id":202,"geometry":{"type":"Polygon","coordinates":[[[50.200642542639336,26.297946369007693],[50.20087572863428,26.297904285002208],[50.200913672639118,26.298094697001382],[50.200677727644049,26.298130572006947],[50.200642542639336,26.297946369007693]]]},"properties":{"FID":202,"OBJECTID":1185182,"fclass":"Building","name":"Private","type":"Commercial/Residential","Shape_Leng":0.00085729896556699999,"Shape_Area":4.5361143318699999e-08,"Road_Name":"Al Amir Humud Bin Abdulaziz Street","GlobalID":"{82057820-09E4-425F-AB71-114018F67369}","created_us":" ","created_da":null,"last_edite":"RASOO","last_edi_1":1769990400000,"VALIDATION":2}},{"type":"Feature","id":203,"geometry":{"type":"Polygon","coordinates":[[[50.207551736529439,26.298085920846415],[50.207744142525343,26.298054045841873],[50.207761832527197,26.298128827841502],[50.20756768953143,26.298164400846041],[50.207551736529439,26.298085920846415]]]},"properties":{"FID":203,"OBJECTID":1185192,"fclass":"Building","name":"Private","type":"Residential","Shape_Leng":0.00054933440358500001,"Shape_Area":1.5378106472200001e-08,"Road_Name":"Prince Abdul Mohshin Street","GlobalID":"{B6AC4FC6-6971-44BB-90D8-D16905904396}","created_us":" ","created_da":null,"last_edite":"RASOO","last_edi_1":1769990400000,"VALIDATION":2}},{"type":"Feature","id":204,"geometry":{"type":"Polygon","coordinates":[[[50.203923156595309,26.298296094931182],[50.204113137591257,26.298264043926721],[50.204133277593911,26.298368030926337],[50.204160188593278,26.298362452925687],[50.204166999594293,26.298399999925525],[50.204092263595811,26.298411608927278],[50.2040882745953,26.298391414927369],[50.20394452359843,26.298417329930718],[50.203923156595309,26.298296094931182]]]},"properties":{"FID":204,"OBJECTID":1185208,"fclass":"Building","name":"Private","type":"Residential","Shape_Leng":0.000729616028263,"Shape_Area":2.5682223633799999e-08,"Road_Name":"Prince Mamdouh Street","GlobalID":"{4ABD1344-4104-4228-92C1-20045FC6A695}","created_us":" ","created_da":null,"last_edite":"RASOO","last_edi_1":1769990400000,"VALIDATION":2}},{"type":"Feature","id":205,"geometry":{"type":"Polygon","coordinates":[[[50.202985339596999,26.297817493952913],[50.20318757659247,26.297776502948189],[50.203223244596515,26.297937430947428],[50.203177860597535,26.297945824948496],[50.20318064759784,26.297958775948416],[50.203040719600722,26.297979157951694],[50.203015322600592,26.297960109952253],[50.202985339596999,26.297817493952913]]]},"properties":{"FID":205,"OBJECTID":1185241,"fclass":"Building","name":"Private","type":"Residential","Shape_Leng":0.00074946863195099998,"Shape_Area":3.51922585021e-08,"Road_Name":"20th Street","GlobalID":"{7919589D-00F0-41AA-8EAD-731D9222C028}","created_us":" ","created_da":null,"last_edite":"RASOO","last_edi_1":1769990400000,"VALIDATION":2}},{"type":"Feature","id":206,"geometry":{"type":"Polygon","coordinates":[[[50.203288615598559,26.298045726945944],[50.203489564594257,26.29800989294122],[50.20350072559436,26.298020550940972],[50.203523483598062,26.298162819940462],[50.203315977602458,26.298195915945367],[50.203288615598559,26.298045726945944]]]},"properties":{"FID":206,"OBJECTID":1185250,"fclass":"Building","name":"Private","type":"Residential","Shape_Leng":0.00072641907151199995,"Shape_Area":3.26809910496e-08,"Road_Name":"20th Street","GlobalID":"{D6CB6011-EB0E-4457-8E46-0F01D622CB5B}","created_us":" ","created_da":null,"last_edite":"RASOO","last_edi_1":1769990400000,"VALIDATION":2}},{"type":"Feature","id":207,"geometry":{"type":"Polygon","coordinates":[[[50.200891863634382,26.297916558001877],[50.201106950629885,26.297884821996799],[50.201139945634033,26.298046996996092],[50.200927539638435,26.298078677001069],[50.200891863634382,26.297916558001877]]]},"properties":{"FID":207,"OBJECTID":1185254,"fclass":"Building","name":"Private","type":"Residential","Shape_Leng":0.00076366669321000001,"Shape_Area":3.5747063766699998e-08,"Road_Name":"Prince Sattam Street","GlobalID":"{4181A644-0BE4-4956-8A15-8179B1EEF246}","created_us":" ","created_da":null,"last_edite":"RASOO","last_edi_1":1769990400000,"VALIDATION":2}},{"type":"Feature","id":208,"geometry":{"type":"Polygon","coordinates":[[[50.206987514543719,26.298258729859651],[50.20719991753905,26.298218904854693],[50.207228312543101,26.298375256854058],[50.207015171547781,26.298416557859049],[50.206987514543719,26.298258729859651]]]},"properties":{"FID":208,"OBJECTID":1185276,"fclass":"Building","name":"Private","type":"Commercial/Residential","Shape_Leng":0.00075235233000999998,"Shape_Area":3.4561172114799999e-08,"Road_Name":"22nd Street","GlobalID":"{D4BBD345-51D0-4950-BE42-00AAA94DE79A}","created_us":" ","created_da":null,"last_edite":"RASOO","last_edi_1":1769990400000,"VALIDATION":2}},{"type":"Feature","id":209,"geometry":{"type":"Polygon","coordinates":[[[50.201083964645335,26.298408384997508],[50.201085857645673,26.298421836997502],[50.20118183164378,26.29840974999523],[50.201191714645148,26.298464484995012],[50.201154083645946,26.298470566995928],[50.201161399646999,26.298511327995744],[50.201206538646062,26.298504396994716],[50.201219082647611,26.298565213994408],[50.201116696649763,26.298580630996845],[50.201119615650207,26.29859765999678],[50.201034730651941,26.298610445998776],[50.201001348647068,26.29842102699946],[50.201083964645335,26.298408384997508]]]},"properties":{"FID":209,"OBJECTID":1185291,"fclass":"Building","name":"Private","type":"Residential","Shape_Leng":0.00083580944679800004,"Shape_Area":3.0527021897199998e-08,"Road_Name":"20th Street","GlobalID":"{F46BF92E-0083-4379-9D3D-EFC37E603D91}","created_us":" ","created_da":null,"last_edite":"RASOO","last_edi_1":1769990400000,"VALIDATION":2}},{"type":"Feature","id":210,"geometry":{"type":"Polygon","coordinates":[[[50.201673717617894,26.297792539983575],[50.20168522161984,26.297865453983317],[50.201652315620514,26.297869977984107],[50.201656769620975,26.29788969998399],[50.201633866622281,26.297922145984504],[50.201642772622527,26.297935505984348],[50.201695345621495,26.297929615983087],[50.201703847622916,26.297983500982916],[50.201633201624389,26.297993832984549],[50.20162974362384,26.297974135984671],[50.201512072626407,26.297995715987366],[50.20150718662569,26.29796802898748],[50.201479837626273,26.297972187988123],[50.201473900625423,26.29794009698827],[50.201500264624883,26.297936269987652],[50.201497821624422,26.297917539987683],[50.201487235624604,26.297919168987921],[50.20148153562387,26.297889445988094],[50.201490492623677,26.297888630987874],[50.201481605622178,26.297830747988048],[50.201673717617894,26.297792539983575]]]},"properties":{"FID":210,"OBJECTID":1185295,"fclass":"Building","name":"Private","type":"Residential","Shape_Leng":0.00093985223838899997,"Shape_Area":3.2721080868700002e-08,"Road_Name":"Prince Abdulmajid Street","GlobalID":"{CDB02B29-3E48-4882-9212-E2A25EB085E4}","created_us":" ","created_da":null,"last_edite":"RASOO","last_edi_1":1769990400000,"VALIDATION":2}},{"type":"Feature","id":211,"geometry":{"type":"Polygon","coordinates":[[[50.200775337656765,26.298628364004795],[50.200741287653081,26.298481210005558],[50.200770935651384,26.298438638004871],[50.200947851647669,26.298411318000703],[50.200981705652303,26.298592462999988],[50.200775337656765,26.298628364004795]]]},"properties":{"FID":211,"OBJECTID":1185300,"fclass":"Building","name":"Private","type":"Commercial","Shape_Leng":0.00077568237323300004,"Shape_Area":3.9048074924099999e-08,"Road_Name":"Al Amir Humud Bin Abdulaziz Street","GlobalID":"{A36E145D-CC6B-4146-B70A-355B2312A928}","created_us":" ","created_da":null,"last_edite":"RASOO","last_edi_1":1769990400000,"VALIDATION":2}},{"type":"Feature","id":212,"geometry":{"type":"Polygon","coordinates":[[[50.207383501538764,26.298313369850401],[50.20736106653662,26.298226670850884],[50.207318867537509,26.298233360851885],[50.207298024534929,26.298132236852322],[50.207545303529614,26.298088750846549],[50.207557381531089,26.298147314846322],[50.207544016531415,26.298149991846621],[50.207572114534784,26.298284221845979],[50.207383501538764,26.298313369850401]]]},"properties":{"FID":212,"OBJECTID":1185340,"fclass":"Building","name":"Unknown","type":"Government","Shape_Leng":0.00088802217317700001,"Shape_Area":4.3069277748100001e-08,"Road_Name":"22nd Street","GlobalID":"{28E742FD-98FE-48DF-9883-1B79B759F307}","created_us":" ","created_da":null,"last_edite":"RASOO","last_edi_1":1769472000000,"VALIDATION":0}},{"type":"Feature","id":213,"geometry":{"type":"Polygon","coordinates":[[[50.200882854601694,26.296773961001687],[50.200625724607171,26.296817448007676],[50.200434171611114,26.296844373012192],[50.200384171604114,26.296573973013235],[50.200577502600069,26.296542164008713],[50.200830626594822,26.296505574002815],[50.200882854601694,26.296773961001687]]]},"properties":{"FID":213,"OBJECTID":1199958,"fclass":"Building","name":"Royal Al Nasr Hotel","type":"Commercial","Shape_Leng":0.0014543082193700001,"Shape_Area":1.2531201218e-07,"Road_Name":"Al Amir Humud Bin Abdulaziz Street","GlobalID":"{649B5304-7B67-4D0E-BEE6-44576971BBE3}","created_us":" ","created_da":null,"last_edite":"RASOO","last_edi_1":1769990400000,"VALIDATION":2}},{"type":"Feature","id":214,"geometry":{"type":"Polygon","coordinates":[[[50.200426662611605,26.296856910012362],[50.200648262606848,26.296819510007161],[50.200673162609874,26.29693791000664],[50.20045156261456,26.296975410011797],[50.200426662611605,26.296856910012362]]]},"properties":{"FID":214,"OBJECTID":1199971,"fclass":"Building","name":"Private","type":"Commercial","Shape_Leng":0.00069156221532199998,"Shape_Area":2.71810250003e-08,"Road_Name":"Al Amir Humud Bin Abdulaziz Street","GlobalID":"{AFBBDB60-BE5F-4218-9F12-4E72CE836094}","created_us":" ","created_da":null,"last_edite":"RASOO","last_edi_1":1769990400000,"VALIDATION":2}},{"type":"Feature","id":215,"geometry":{"type":"Polygon","coordinates":[[[50.200380283601255,26.296471076013308],[50.200524051598258,26.296449928009928],[50.200530633599222,26.296486460009813],[50.200386892602161,26.296505863013174],[50.200380283601255,26.296471076013308]]]},"properties":{"FID":215,"OBJECTID":1200989,"fclass":"Building","name":"المعالي للحج والعمرة","type":"Government","Shape_Leng":0.00036288919099200002,"Shape_Area":5.2599406552299997e-09,"Road_Name":"Al Amir Humud Bin Abdulaziz Street","GlobalID":"{AE52941B-4BBB-4017-B287-71062BB1B8A3}","created_us":" ","created_da":null,"last_edite":"RASOO","last_edi_1":1769472000000,"VALIDATION":0}},{"type":"Feature","id":216,"geometry":{"type":"Polygon","coordinates":[[[50.200379330578095,26.29566408501308],[50.200430211583701,26.295888619011947],[50.200433250584048,26.295903457011853],[50.20032091758641,26.295921022014486],[50.200318392586013,26.295904328014526],[50.20030443658333,26.295804296014843],[50.200287423583646,26.295805329015227],[50.200272716581395,26.295718005015555],[50.200282928581174,26.295715962015333],[50.200278764580609,26.295694881015422],[50.200276392580321,26.295682875015441],[50.200379330578095,26.29566408501308]]]},"properties":{"FID":216,"OBJECTID":1201155,"fclass":"Building","name":"المعالي للحج والعمرة","type":"Government","Shape_Leng":0.00073133331405700005,"Shape_Area":2.72942424344e-08,"Road_Name":"Al Amir Humud Bin Abdulaziz Street","GlobalID":"{393189A1-74A8-45A8-9A1B-1C47536CC09C}","created_us":" ","created_da":null,"last_edite":"RASOO","last_edi_1":1769472000000,"VALIDATION":0}},{"type":"Feature","id":217,"geometry":{"type":"Polygon","coordinates":[[[50.202501927537064,26.295454566963418],[50.202713957532474,26.295416941958461],[50.202737865535248,26.295527071957931],[50.202524659539897,26.295567048962948],[50.202501927537064,26.295454566963418]]]},"properties":{"FID":217,"OBJECTID":1201374,"fclass":"Building","name":"Private","type":"Residential","Shape_Leng":0.00065971520450599998,"Shape_Area":2.4570498430599999e-08,"Road_Name":"Prince Hathool Street","GlobalID":"{273AFBB8-0A0C-47D9-8D8E-4F48DC7BD7C1}","created_us":" ","created_da":null,"last_edite":"RASOO","last_edi_1":1769990400000,"VALIDATION":2}},{"type":"Feature","id":218,"geometry":{"type":"Polygon","coordinates":[[[50.207192651515946,26.297411313854568],[50.207366665512076,26.297374877850487],[50.207408755517626,26.297593493849554],[50.207236626521279,26.297622391853626],[50.207192651515946,26.297411313854568]]]},"properties":{"FID":218,"OBJECTID":1201375,"fclass":"Building","name":"Private","type":"Residential","Shape_Leng":0.00079056662139300002,"Shape_Area":3.8589635243800001e-08,"Road_Name":"20th Street","GlobalID":"{063EC155-9C97-4EDB-9118-A2DA3C790A68}","created_us":" ","created_da":null,"last_edite":"RASOO","last_edi_1":1769990400000,"VALIDATION":2}},{"type":"Feature","id":219,"geometry":{"type":"Polygon","coordinates":[[[50.201065490571871,26.295841799997078],[50.201211799568839,26.295820399993669],[50.201238199571556,26.295929399993092],[50.201086568574723,26.295951978996655],[50.201065490571871,26.295841799997078]]]},"properties":{"FID":219,"OBJECTID":1201376,"fclass":"Building","name":"Private","type":"Residential","Shape_Leng":0.00052549720711000004,"Shape_Area":1.6847556560000001e-08,"Road_Name":"Prince Abdulmajid Street","GlobalID":"{106ED8BD-4BE8-458D-8ACE-8998205378F2}","created_us":" ","created_da":null,"last_edite":"RASOO","last_edi_1":1769990400000,"VALIDATION":2}},{"type":"Feature","id":220,"geometry":{"type":"Polygon","coordinates":[[[50.203178614616611,26.298610303948674],[50.203285040614276,26.298590149946218],[50.203312972617674,26.298723446945598],[50.203206499619917,26.298741399948092],[50.203191430618105,26.298670559948381],[50.203151035618951,26.298676067949351],[50.203144671617693,26.298629042949464],[50.203181254616901,26.298622718948639],[50.203178614616611,26.298610303948674]]]},"properties":{"FID":220,"OBJECTID":1201381,"fclass":"Building","name":"Private","type":"Residential","Shape_Leng":0.00056295117946600001,"Shape_Area":1.6478653502699999e-08,"Road_Name":"Prince Hathool Street","GlobalID":"{CA191AB2-4BCE-4917-B38D-2C4E71E06A61}","created_us":" ","created_da":null,"last_edite":"RASOO","last_edi_1":1769990400000,"VALIDATION":2}},{"type":"Feature","id":221,"geometry":{"type":"Polygon","coordinates":[[[50.207637475495218,26.296944794843981],[50.207938845489039,26.296903381836977],[50.207998231495928,26.297175753835649],[50.207694676502413,26.297228185842783],[50.207637475495218,26.296944794843981]]]},"properties":{"FID":221,"OBJECTID":1201382,"fclass":"Building","name":"Private","type":"Residential","Shape_Leng":0.0011801291238,"Shape_Area":8.6784009951900005e-08,"Road_Name":"20th Street","GlobalID":"{FEEF1434-CEB9-4450-A263-21CCB9E3EF78}","created_us":" ","created_da":null,"last_edite":"RASOO","last_edi_1":1769990400000,"VALIDATION":2}},{"type":"Feature","id":222,"geometry":{"type":"Polygon","coordinates":[[[50.201573644552774,26.295469126985108],[50.201759934548626,26.295430178980759],[50.20178949854887,26.295455786980064],[50.201812489552808,26.295607083979576],[50.201620775556592,26.295628274984026],[50.20159915255401,26.29552616798453],[50.201584436554327,26.295528870984885],[50.201573644552774,26.295469126985108]]]},"properties":{"FID":222,"OBJECTID":1201385,"fclass":"Building","name":"Private","type":"Commercial/Residential","Shape_Leng":0.00075539056435200002,"Shape_Area":3.4966801961499998e-08,"Road_Name":"16th Street","GlobalID":"{7DE400A3-393D-4286-9E00-216BCD68BACE}","created_us":" ","created_da":null,"last_edite":"RASOO","last_edi_1":1769990400000,"VALIDATION":2}},{"type":"Feature","id":223,"geometry":{"type":"Polygon","coordinates":[[[50.206446703512668,26.296868135871822],[50.206500913511441,26.296857543870534],[50.206503572511899,26.296874118870488],[50.206643037508876,26.296848362867209],[50.206640290508403,26.296830310867232],[50.206681124507455,26.296822332866288],[50.206693180509113,26.296886996866018],[50.206671808509569,26.296890558866529],[50.206683864511341,26.296959058866268],[50.206494015515524,26.296994868870705],[50.20648247451426,26.296943988871007],[50.206452017514877,26.296949435871699],[50.206438995513707,26.296899694871978],[50.206454526513312,26.296895764871628],[50.206446703512668,26.296868135871822]]]},"properties":{"FID":223,"OBJECTID":1201386,"fclass":"Building","name":"Private","type":"Residential","Shape_Leng":0.00080317163074399998,"Shape_Area":2.7409859839600002e-08,"Road_Name":"Prince Methab Street","GlobalID":"{1BC96C52-40D6-4A8D-B1E3-54358B67F4C1}","created_us":" ","created_da":null,"last_edite":"RASOO","last_edi_1":1769990400000,"VALIDATION":2}},{"type":"Feature","id":224,"geometry":{"type":"Polygon","coordinates":[[[50.202485549620427,26.298345804964796],[50.202605404617799,26.298323978961982],[50.202604889617703,26.298319048962],[50.202604369617568,26.298314079961973],[50.202724974614938,26.298291831959162],[50.202756066618662,26.298439920958476],[50.20250933462404,26.298485468964255],[50.202485549620427,26.298345804964796]]]},"properties":{"FID":224,"OBJECTID":1201387,"fclass":"Building","name":"Private","type":"Residential","Shape_Leng":0.00079831249661,"Shape_Area":3.6325460853800003e-08,"Road_Name":"Prince Mashhour Street","GlobalID":"{75DED040-3C57-4543-B71F-766314A1D34A}","created_us":" ","created_da":null,"last_edite":"RASOO","last_edi_1":1769990400000,"VALIDATION":2}},{"type":"Feature","id":225,"geometry":{"type":"Polygon","coordinates":[[[50.204633899500578,26.295407499913598],[50.204780400497448,26.295383799910198],[50.204801499500157,26.29548859990976],[50.204654899503261,26.295512299913174],[50.204633899500578,26.295407499913598]]]},"properties":{"FID":225,"OBJECTID":1201389,"fclass":"Building","name":"Private","type":"Residential","Shape_Leng":0.00051069510055899996,"Shape_Area":1.58573655523e-08,"Road_Name":"Prince Ahmad Street","GlobalID":"{0F77F823-A062-4738-8A83-F706264D8105}","created_us":" ","created_da":null,"last_edite":"RASOO","last_edi_1":1769990400000,"VALIDATION":2}},{"type":"Feature","id":226,"geometry":{"type":"Polygon","coordinates":[[[50.206656661500816,26.296576796866809],[50.206789781497854,26.296551093863695],[50.206801522499369,26.296609043863427],[50.206807872500143,26.296640391863274],[50.206788805500572,26.296643684863746],[50.206792170501039,26.296661927863674],[50.206689617503265,26.296679578866076],[50.206680027502038,26.296633272866288],[50.206667423502331,26.296636560866542],[50.20666139550169,26.296609708866711],[50.206634820502316,26.296615971867311],[50.206621118500905,26.29655874486761],[50.20665071050022,26.296552716866948],[50.206656661500816,26.296576796866809]]]},"properties":{"FID":226,"OBJECTID":1201390,"fclass":"Building","name":"Private","type":"Residential","Shape_Leng":0.00059763816849899996,"Shape_Area":1.55649022858e-08,"Road_Name":"19th Street","GlobalID":"{59099136-B348-4248-B387-80458B8047EB}","created_us":" ","created_da":null,"last_edite":"RASOO","last_edi_1":1769990400000,"VALIDATION":2}},{"type":"Feature","id":227,"geometry":{"type":"Polygon","coordinates":[[[50.203479402575653,26.297357793941259],[50.203695085571013,26.297319248936201],[50.203718775574039,26.297438625935669],[50.203502761578697,26.297476564940709],[50.203479402575653,26.297357793941259]]]},"properties":{"FID":227,"OBJECTID":1201391,"fclass":"Building","name":"Private","type":"Residential","Shape_Leng":0.000681171645776,"Shape_Area":2.6601568211299999e-08,"Road_Name":"Prince Abdul Salam Street","GlobalID":"{CC0EECFE-F40E-48F5-BC88-294F2A5FD6B2}","created_us":" ","created_da":null,"last_edite":"RASOO","last_edi_1":1769990400000,"VALIDATION":2}},{"type":"Feature","id":228,"geometry":{"type":"Polygon","coordinates":[[[50.205532828480955,26.295241586892569],[50.20574587947646,26.295207438887573],[50.205766237479075,26.295308870887155],[50.20555421348373,26.295349293892087],[50.205532828480955,26.295241586892569]]]},"properties":{"FID":228,"OBJECTID":1201392,"fclass":"Building","name":"Private","type":"Residential","Shape_Leng":0.00064487753856499997,"Shape_Area":2.3003144419800001e-08,"Road_Name":"Prince Mashari Street","GlobalID":"{91B7EEB8-3BFC-4E07-9E0F-C076F45999FE}","created_us":" ","created_da":null,"last_edite":"RASOO","last_edi_1":1769990400000,"VALIDATION":2}},{"type":"Feature","id":229,"geometry":{"type":"Polygon","coordinates":[[[50.203790527548868,26.29660455393374],[50.203813740552221,26.296733779933199],[50.203669115555442,26.296763588936603],[50.203646302552556,26.296649609937102],[50.20371273655114,26.296639682935552],[50.203710267550676,26.296621518935609],[50.203790527548868,26.29660455393374]]]},"properties":{"FID":229,"OBJECTID":1201394,"fclass":"Building","name":"Private","type":"Residential","Shape_Leng":0.000562735008837,"Shape_Area":1.8392975430700001e-08,"Road_Name":"Prince Mamdouh Street","GlobalID":"{B1E66928-E5BA-44B4-B960-41B43E941C29}","created_us":" ","created_da":null,"last_edite":"RASOO","last_edi_1":1769990400000,"VALIDATION":2}},{"type":"Feature","id":230,"geometry":{"type":"Polygon","coordinates":[[[50.203398512537788,26.295993550942672],[50.203214901541635,26.296022274946967],[50.203187019537836,26.295873865947559],[50.203385713533464,26.29583551594288],[50.203409647536667,26.295962071942373],[50.203390229537078,26.295964147942868],[50.203398512537788,26.295993550942672]]]},"properties":{"FID":230,"OBJECTID":1201396,"fclass":"Building","name":"Private","type":"Residential","Shape_Leng":0.00071808612013900004,"Shape_Area":3.0758165948799998e-08,"Road_Name":"17th Street","GlobalID":"{B6C2020A-0A96-4C63-997E-1369E03FBA31}","created_us":" ","created_da":null,"last_edite":"RASOO","last_edi_1":1769990400000,"VALIDATION":2}},{"type":"Feature","id":231,"geometry":{"type":"Polygon","coordinates":[[[50.200835054579258,26.295966056002534],[50.200911540577636,26.295952917000715],[50.200943977582142,26.296129880999999],[50.200868839583748,26.296142492001749],[50.200835054579258,26.295966056002534]]]},"properties":{"FID":231,"OBJECTID":1201397,"fclass":"Building","name":"Private","type":"Residential","Shape_Leng":0.00051334907673399998,"Shape_Area":1.38222845235e-08,"Road_Name":"Prince Sattam Street","GlobalID":"{9B11616D-7352-4DC8-ADFC-4DC47D4B7C26}","created_us":" ","created_da":null,"last_edite":"RASOO","last_edi_1":1769990400000,"VALIDATION":2}},{"type":"Feature","id":232,"geometry":{"type":"Polygon","coordinates":[[[50.205320814540137,26.297178774898175],[50.205555817535128,26.297139670892676],[50.205579202538729,26.297277682892148],[50.205345350543631,26.297314485897626],[50.205320814540137,26.297178774898175]]]},"properties":{"FID":232,"OBJECTID":1201398,"fclass":"Building","name":"Private","type":"Residential","Shape_Leng":0.00075285481150100004,"Shape_Area":3.2993484124900003e-08,"Road_Name":"Prince Ahmad Street","GlobalID":"{7E2D0DB6-1AFD-4213-AFB7-6BC165F7A27D}","created_us":" ","created_da":null,"last_edite":"RASOO","last_edi_1":1769990400000,"VALIDATION":2}},{"type":"Feature","id":233,"geometry":{"type":"Polygon","coordinates":[[[50.201335960557664,26.295501373990664],[50.201532955553539,26.295472721986069],[50.201600391561236,26.295779296984566],[50.201416447565244,26.29581167498889],[50.201393037562532,26.295705458989403],[50.201372896562958,26.295708200989864],[50.201363868562048,26.295670411990084],[50.201351255562273,26.295671858990374],[50.201320668558651,26.295527128991047],[50.201335960557664,26.295501373990664]]]},"properties":{"FID":233,"OBJECTID":1201400,"fclass":"Building","name":"Private","type":"Commercial/Residential","Shape_Leng":0.0010582634916600001,"Shape_Area":6.5318476054299996e-08,"Road_Name":"16th Street","GlobalID":"{257C888C-627D-4148-BD70-4EE15AB28B2C}","created_us":" ","created_da":null,"last_edite":"RASOO","last_edi_1":1769990400000,"VALIDATION":2}},{"type":"Feature","id":234,"geometry":{"type":"Polygon","coordinates":[[[50.200486829584314,26.295943683010623],[50.200626881581321,26.29591915700734],[50.200624757581082,26.295909611007392],[50.200696470579601,26.295898979005713],[50.200718425582473,26.296010458005242],[50.200603380584866,26.296029059007953],[50.200605721585205,26.29604140200788],[50.200553604586354,26.296051174009094],[50.200551864585968,26.296037106009145],[50.200507676586881,26.296044008010185],[50.200486829584314,26.295943683010623]]]},"properties":{"FID":234,"OBJECTID":1201402,"fclass":"Building","name":"Private","type":"Residential","Shape_Leng":0.00068157430098800004,"Shape_Area":2.3624032960800001e-08,"Road_Name":"Prince Sattam Street","GlobalID":"{D4A3D1A1-23F7-4CB5-9D69-6C4E7B6EE74A}","created_us":" ","created_da":null,"last_edite":"RASOO","last_edi_1":1769990400000,"VALIDATION":2}},{"type":"Feature","id":235,"geometry":{"type":"Polygon","coordinates":[[[50.206324023464198,26.295111193874046],[50.206553627459158,26.295068435868661],[50.206574651461914,26.295175099868246],[50.206346552466847,26.295217170873588],[50.206324023464198,26.295111193874046]]]},"properties":{"FID":235,"OBJECTID":1201404,"fclass":"Building","name":"Private","type":"Residential","Shape_Leng":0.00068255916666000005,"Shape_Area":2.5255245273700001e-08,"Road_Name":"Prince Abdul Rahman Street","GlobalID":"{7E99C9D4-6E5E-4140-ABE4-ADDB10B67D06}","created_us":" ","created_da":null,"last_edite":"RASOO","last_edi_1":1769990400000,"VALIDATION":2}},{"type":"Feature","id":236,"geometry":{"type":"Polygon","coordinates":[[[50.206059657512796,26.296651023880745],[50.206245573508895,26.296620887876376],[50.206284518508944,26.296645923875484],[50.206299701511178,26.296731960875171],[50.206105556515254,26.296763221879726],[50.206090256513399,26.296689040880054],[50.206068561513888,26.296692797880564],[50.206059657512796,26.296651023880745]]]},"properties":{"FID":236,"OBJECTID":1201406,"fclass":"Building","name":"Private","type":"Commercial/Residential","Shape_Leng":0.00065912550622999997,"Shape_Area":2.3860551474599999e-08,"Road_Name":"19th Street","GlobalID":"{A3DDF0D2-D845-4C96-BD22-9EA96DBA59C7}","created_us":" ","created_da":null,"last_edite":"RASOO","last_edi_1":1769990400000,"VALIDATION":2}},{"type":"Feature","id":237,"geometry":{"type":"Polygon","coordinates":[[[50.202287063556291,26.296000105968591],[50.202488345552254,26.295975757963934],[50.202513505556659,26.296143762963379],[50.202315470560954,26.296178662968021],[50.202287063556291,26.296000105968591]]]},"properties":{"FID":237,"OBJECTID":1201407,"fclass":"Building","name":"Private","type":"Residential","Shape_Leng":0.00075451704736300004,"Shape_Area":3.5390458939000001e-08,"Road_Name":"17th Street","GlobalID":"{8D70978E-9D0A-4911-BB6D-7DF3A8352E12}","created_us":" ","created_da":null,"last_edite":"RASOO","last_edi_1":1769990400000,"VALIDATION":2}},{"type":"Feature","id":238,"geometry":{"type":"Polygon","coordinates":[[[50.203932775548189,26.296663149930414],[50.204132839543803,26.296625252925704],[50.204156844546866,26.296745278925233],[50.203958968551127,26.296778509929851],[50.203932775548189,26.296663149930414]]]},"properties":{"FID":238,"OBJECTID":1201410,"fclass":"Building","name":"Private","type":"Residential","Shape_Leng":0.000644967850203,"Shape_Area":2.43099970495e-08,"Road_Name":"Prince Mamdouh Street","GlobalID":"{C04F9B5E-A7B5-4E08-89F0-B27E7630CD27}","created_us":" ","created_da":null,"last_edite":"RASOO","last_edi_1":1769990400000,"VALIDATION":2}},{"type":"Feature","id":239,"geometry":{"type":"Polygon","coordinates":[[[50.202782645572398,26.296845332957336],[50.202755405569249,26.296720218957912],[50.202753453569031,26.296711259957995],[50.202972679564304,26.296672215952853],[50.202976199564688,26.296687499952746],[50.203002413567631,26.296804685952186],[50.202782645572398,26.296845332957336]]]},"properties":{"FID":239,"OBJECTID":1201411,"fclass":"Building","name":"Private","type":"Residential","Shape_Leng":0.00071915153241500001,"Shape_Area":3.0432492687999999e-08,"Road_Name":"Prince Hathool Street","GlobalID":"{9483A817-A10B-46D6-92D0-B2460080D5F8}","created_us":" ","created_da":null,"last_edite":"RASOO","last_edi_1":1769990400000,"VALIDATION":2}},{"type":"Feature","id":240,"geometry":{"type":"Polygon","coordinates":[[[50.202535540587462,26.297226826963232],[50.202695289584007,26.297199149959503],[50.202736561584011,26.297221485958513],[50.202762296587373,26.297355013957954],[50.202566531591756,26.297395111962544],[50.202535540587462,26.297226826963232]]]},"properties":{"FID":240,"OBJECTID":1201416,"fclass":"Building","name":"Private","type":"Residential","Shape_Leng":0.00071598680724699998,"Shape_Area":3.2938405831299999e-08,"Road_Name":"19th Street","GlobalID":"{11C8E75A-A061-48AE-BDC3-A793494A2F89}","created_us":" ","created_da":null,"last_edite":"RASOO","last_edi_1":1769990400000,"VALIDATION":2}},{"type":"Feature","id":241,"geometry":{"type":"Polygon","coordinates":[[[50.201827548581001,26.29659597797955],[50.20184772958055,26.296592902979086],[50.201844462580169,26.296577718979133],[50.201870675579634,26.296574195978557],[50.201869267578985,26.296550733978588],[50.201957648577171,26.296538322976513],[50.201963435578286,26.296579376976396],[50.202018994578431,26.296616915975058],[50.201984701580223,26.296659598975879],[50.201959831580155,26.296643174976499],[50.20192041558137,26.296662882977376],[50.201841207582966,26.296672774979267],[50.201827548581001,26.29659597797955]]]},"properties":{"FID":241,"OBJECTID":1201417,"fclass":"Building","name":"Private","type":"Residential","Shape_Leng":0.00057010872837299999,"Shape_Area":1.6407622620799998e-08,"Road_Name":"Prince Mashhour Street","GlobalID":"{47142C38-B2EB-478E-8639-1E2B3597BDBA}","created_us":" ","created_da":null,"last_edite":"RASOO","last_edi_1":1769990400000,"VALIDATION":2}},{"type":"Feature","id":242,"geometry":{"type":"Polygon","coordinates":[[[50.204366794594705,26.298530524920931],[50.204372687595317,26.298553852920794],[50.204497435592742,26.298536647917874],[50.204497064592474,26.298527567917898],[50.204518167592063,26.298525415917371],[50.204523155592966,26.298560326917269],[50.20453866859269,26.298559101916897],[50.204541118593184,26.298577473916843],[50.20452519659348,26.298578697917232],[50.204527935593987,26.298596924917177],[50.204535810595374,26.298649325917012],[50.204440434597259,26.298660342919263],[50.204436199596316,26.298624799919331],[50.204377540597442,26.298630291920716],[50.20437401259688,26.298609806920801],[50.204357148597289,26.298613708921195],[50.20433900059767,26.298617906921624],[50.204323927595574,26.298535831921903],[50.204366794594705,26.298530524920931]]]},"properties":{"FID":242,"OBJECTID":1201419,"fclass":"Building","name":"Private","type":"Residential","Shape_Leng":0.00071112654182499998,"Shape_Area":1.92842815772e-08,"Road_Name":"Prince Mamdouh Street","GlobalID":"{EF7F1988-A913-4CCC-AC9F-0B24FBE4A12C}","created_us":" ","created_da":null,"last_edite":"RASOO","last_edi_1":1769990400000,"VALIDATION":2}},{"type":"Feature","id":243,"geometry":{"type":"Polygon","coordinates":[[[50.205979786501935,26.296228047882483],[50.206194184497484,26.29619536787747],[50.206215799500569,26.296315299876966],[50.206017399504823,26.296349724881633],[50.206003984502942,26.296276669881944],[50.205987492503269,26.296278293882327],[50.205979786501935,26.296228047882483]]]},"properties":{"FID":243,"OBJECTID":1201421,"fclass":"Building","name":"Private","type":"Residential","Shape_Leng":0.00068178476658699999,"Shape_Area":2.57903771339e-08,"Road_Name":"Prince Methab Street","GlobalID":"{C1B9C856-61CC-4714-AAF0-A5917D692229}","created_us":" ","created_da":null,"last_edite":"RASOO","last_edi_1":1769990400000,"VALIDATION":2}},{"type":"Feature","id":244,"geometry":{"type":"Polygon","coordinates":[[[50.20230077064322,26.299033156969355],[50.202506589638723,26.298993486964491],[50.202533654642309,26.29913393496393],[50.202511155643585,26.299166161964447],[50.202332764647444,26.29919858596865],[50.202324217645952,26.299141897968813],[50.20230077064322,26.299033156969355]]]},"properties":{"FID":244,"OBJECTID":1201423,"fclass":"Building","name":"Private","type":"Residential","Shape_Leng":0.00074182548986899996,"Shape_Area":3.4950878170799999e-08,"Road_Name":"22nd Street","GlobalID":"{E72151D6-8634-4935-9E5C-DE2B0287E7BA}","created_us":" ","created_da":null,"last_edite":"RASOO","last_edi_1":1769990400000,"VALIDATION":2}},{"type":"Feature","id":245,"geometry":{"type":"Polygon","coordinates":[[[50.204513107521812,26.296077825916683],[50.20472018851742,26.296043906911805],[50.204722278517757,26.296056670911781],[50.204736942519865,26.296138571911449],[50.204528185524211,26.296169801916324],[50.204513107521812,26.296077825916683]]]},"properties":{"FID":245,"OBJECTID":1201424,"fclass":"Building","name":"Private","type":"Commercial/Residential","Shape_Leng":0.000610261672556,"Shape_Area":1.9913561674900001e-08,"Road_Name":"Prince Miqren Bin Abdulaziz Street","GlobalID":"{BDF35EF5-BEC5-4A82-BF28-1D0990908C03}","created_us":" ","created_da":null,"last_edite":"RASOO","last_edi_1":1769990400000,"VALIDATION":2}},{"type":"Feature","id":246,"geometry":{"type":"Polygon","coordinates":[[[50.201819884584573,26.296716020979748],[50.201882195583252,26.296706812978297],[50.201889257584824,26.296765572978156],[50.201830996586153,26.296778185979541],[50.201819884584573,26.296716020979748]]]},"properties":{"FID":246,"OBJECTID":1201425,"fclass":"Building","name":"Private","type":"Residential","Shape_Leng":0.00024493152477400001,"Shape_Area":3.7441859882399997e-09,"Road_Name":"Prince Mashhour Street","GlobalID":"{B64475CF-91EF-4F7D-A4D5-59ED670EF3CC}","created_us":" ","created_da":null,"last_edite":"RASOO","last_edi_1":1769990400000,"VALIDATION":2}},{"type":"Feature","id":247,"geometry":{"type":"Polygon","coordinates":[[[50.201656931651307,26.298945577984327],[50.201670730653937,26.299043514984064],[50.201565733656075,26.29905719098651],[50.201560503655045,26.299020310986624],[50.201559899654754,26.299009237986638],[50.201518120655635,26.299016440987614],[50.201511880654465,26.298972001987732],[50.201489518654959,26.298976010988252],[50.201484081654122,26.298942782988366],[50.201630281650992,26.298918919984928],[50.201632237651275,26.2989297859849],[50.201635718651794,26.298949126984809],[50.201656931651307,26.298945577984327]]]},"properties":{"FID":247,"OBJECTID":1201426,"fclass":"Building","name":"Private","type":"Residential","Shape_Leng":0.00059712036087600001,"Shape_Area":1.6857136366100002e-08,"Road_Name":"Prince Sattam Street","GlobalID":"{0CDCA447-1B78-47EF-AE06-3BE3E94B2DE6}","created_us":" ","created_da":null,"last_edite":"RASOO","last_edi_1":1769990400000,"VALIDATION":2}},{"type":"Feature","id":248,"geometry":{"type":"Polygon","coordinates":[[[50.200954523593964,26.296547167999904],[50.201004525593007,26.296541836998724],[50.201002123592502,26.296522916998775],[50.200958877593379,26.296529523999844],[50.200956472592658,26.296502255999886],[50.201159789588367,26.296469460995088],[50.201182013592152,26.296613236994627],[50.200969164596579,26.296646271999613],[50.200954523593964,26.296547167999904]]]},"properties":{"FID":248,"OBJECTID":1201428,"fclass":"Building","name":"Private","type":"Residential","Shape_Leng":0.00080748427570199999,"Shape_Area":3.0015163016100002e-08,"Road_Name":"17th Street","GlobalID":"{A94822FC-F1FC-43D8-9E36-83F70CDE638A}","created_us":" ","created_da":null,"last_edite":"RASOO","last_edi_1":1769990400000,"VALIDATION":2}},{"type":"Feature","id":249,"geometry":{"type":"Polygon","coordinates":[[[50.201472399574669,26.296172999987675],[50.20166690657026,26.296130613983163],[50.201693301574181,26.29628165198255],[50.201500999578002,26.296305099987084],[50.201472399574669,26.296172999987675]]]},"properties":{"FID":249,"OBJECTID":1201433,"fclass":"Building","name":"Private","type":"Residential","Shape_Leng":0.00068128553036999999,"Shape_Area":2.8285216868499999e-08,"Road_Name":"17th Street","GlobalID":"{1315329A-DD8A-4894-A758-DD7C5B0F452C}","created_us":" ","created_da":null,"last_edite":"RASOO","last_edi_1":1769990400000,"VALIDATION":2}},{"type":"Feature","id":250,"geometry":{"type":"Polygon","coordinates":[[[50.201957485550551,26.295610837976167],[50.202080896548019,26.295593475973288],[50.202102012550775,26.295702340972852],[50.201974599553324,26.295717499975815],[50.201957485550551,26.295610837976167]]]},"properties":{"FID":250,"OBJECTID":1201437,"fclass":"Building","name":"Private","type":"Residential","Shape_Leng":0.000471858129243,"Shape_Area":1.38256555193e-08,"Road_Name":"Prince Mashhour Street","GlobalID":"{9E848316-DA2F-45C6-9EDE-67DEBE745A6E}","created_us":" ","created_da":null,"last_edite":"RASOO","last_edi_1":1769990400000,"VALIDATION":2}},{"type":"Feature","id":251,"geometry":{"type":"Polygon","coordinates":[[[50.201411754612735,26.297461066989563],[50.201564845609546,26.297439364985944],[50.201598865613441,26.29759304198522],[50.201439323616725,26.297615917988953],[50.201411754612735,26.297461066989563]]]},"properties":{"FID":251,"OBJECTID":1201439,"fclass":"Building","name":"Private","type":"Residential","Shape_Leng":0.00063047878478999998,"Shape_Area":2.4800387165100001e-08,"Road_Name":"19th Street","GlobalID":"{EDDDC449-984C-44B0-BA55-39AC3C08A7BA}","created_us":" ","created_da":null,"last_edite":"RASOO","last_edi_1":1769990400000,"VALIDATION":2}},{"type":"Feature","id":252,"geometry":{"type":"Polygon","coordinates":[[[50.205760198475431,26.29517924088724],[50.205738634472624,26.295069821887701],[50.205947887468135,26.2950318848828],[50.205955078469152,26.29507156388264],[50.205903561470272,26.295082201883837],[50.205908353470775,26.295101369883788],[50.205946690469908,26.295093781882859],[50.205959276471397,26.295152266882607],[50.205760198475431,26.29517924088724]]]},"properties":{"FID":252,"OBJECTID":1201440,"fclass":"Building","name":"Private","type":"Residential","Shape_Leng":0.00073667669318900003,"Shape_Area":2.29019592994e-08,"Road_Name":"Prince Methab Street","GlobalID":"{EBB33313-0632-4AC5-BD67-BCED105F4045}","created_us":" ","created_da":null,"last_edite":"RASOO","last_edi_1":1769990400000,"VALIDATION":2}},{"type":"Feature","id":253,"geometry":{"type":"Polygon","coordinates":[[[50.202293965595167,26.297357111968932],[50.202333120594353,26.297349963968006],[50.202325973593211,26.297307079968178],[50.202392786591822,26.297297445966574],[50.202381899590627,26.297248799966837],[50.202494093588214,26.297229076964214],[50.202529228592333,26.297393858963424],[50.202376762595534,26.297417165966984],[50.202379189595852,26.297430760966979],[50.202312494597372,26.297445007968491],[50.202293965595167,26.297357111968932]]]},"properties":{"FID":253,"OBJECTID":1201441,"fclass":"Building","name":"Private","type":"Residential","Shape_Leng":0.00080910606906099995,"Shape_Area":3.0966521247100003e-08,"Road_Name":"19th Street","GlobalID":"{77652101-F635-4E34-B0C6-595333CBD67F}","created_us":" ","created_da":null,"last_edite":"RASOO","last_edi_1":1769990400000,"VALIDATION":2}},{"type":"Feature","id":254,"geometry":{"type":"Polygon","coordinates":[[[50.201082899657059,26.298815399997693],[50.201218799654342,26.298799599994538],[50.201224499655396,26.29883849999441],[50.201315399653566,26.298827899992279],[50.201325399655403,26.298896499992036],[50.201155299658787,26.298916299996041],[50.20116009965966,26.298949399995927],[50.201103399660767,26.298956099997291],[50.201082899657059,26.298815399997693]]]},"properties":{"FID":254,"OBJECTID":1201442,"fclass":"Building","name":"Private","type":"Residential","Shape_Leng":0.00074094655953999998,"Shape_Area":2.3112044997100001e-08,"Road_Name":"Prince Sattam Street","GlobalID":"{30426068-CF42-4BA8-B2CE-AAD27A59E177}","created_us":" ","created_da":null,"last_edite":"RASOO","last_edi_1":1769990400000,"VALIDATION":2}},{"type":"Feature","id":255,"geometry":{"type":"Polygon","coordinates":[[[50.200858561629822,26.297739290002578],[50.201058413625624,26.297708740997873],[50.201088437629537,26.297861511997265],[50.200884006633778,26.297891536001998],[50.200858561629822,26.297739290002578]]]},"properties":{"FID":255,"OBJECTID":1201447,"fclass":"Building","name":"Private","type":"Residential","Shape_Leng":0.00071884836887200002,"Shape_Area":3.1668277886100001e-08,"Road_Name":"Prince Sattam Street","GlobalID":"{B60D332A-FE86-4245-B42A-F4D827ADEAEF}","created_us":" ","created_da":null,"last_edite":"RASOO","last_edi_1":1769990400000,"VALIDATION":2}},{"type":"Feature","id":256,"geometry":{"type":"Polygon","coordinates":[[[50.207021371449351,26.294995892857724],[50.207124172447337,26.294984090855298],[50.207131625448611,26.295031919855191],[50.207029135450789,26.295049311857539],[50.207021371449351,26.294995892857724]]]},"properties":{"FID":256,"OBJECTID":1201448,"fclass":"Building","name":"Private","type":"Residential","Shape_Leng":0.00030981790380199998,"Shape_Area":5.3073870689999996e-09,"Road_Name":"Prince Abdul Mohshin Street","GlobalID":"{9D69736D-6AB7-421E-BB4B-AD41674E9ECB}","created_us":" ","created_da":null,"last_edite":"RASOO","last_edi_1":1769990400000,"VALIDATION":2}},{"type":"Feature","id":257,"geometry":{"type":"Polygon","coordinates":[[[50.203086238626298,26.298894539950954],[50.203106030629641,26.299022589950553],[50.203076450631436,26.299067664951256],[50.202904010635223,26.299101167955286],[50.202870886630869,26.298929770955965],[50.203086238626298,26.298894539950954]]]},"properties":{"FID":257,"OBJECTID":1201456,"fclass":"Building","name":"Private","type":"Commercial/Residential","Shape_Leng":0.00075193235928399998,"Shape_Area":3.6141634715999997e-08,"Road_Name":"22nd Street","GlobalID":"{986DABF1-B02E-4932-9153-F38BB389F48C}","created_us":" ","created_da":null,"last_edite":"RASOO","last_edi_1":1769990400000,"VALIDATION":2}},{"type":"Feature","id":258,"geometry":{"type":"Polygon","coordinates":[[[50.205266717494389,26.295555530898909],[50.205463006490191,26.295522690894302],[50.20549134349357,26.295656596893664],[50.20528803849794,26.295690586898431],[50.205266717494389,26.295555530898909]]]},"properties":{"FID":258,"OBJECTID":1201458,"fclass":"Building","name":"Private","type":"Residential","Shape_Leng":0.00067874401700900001,"Shape_Area":2.76985613831e-08,"Road_Name":"17th Street","GlobalID":"{62380C88-BD3F-4B65-B46A-70EA7A36728B}","created_us":" ","created_da":null,"last_edite":"RASOO","last_edi_1":1769990400000,"VALIDATION":2}},{"type":"Feature","id":259,"geometry":{"type":"Polygon","coordinates":[[[50.204330460594917,26.298515418921742],[50.204308414591409,26.298381511922248],[50.204400663589482,26.298368382920064],[50.204405366590187,26.298395816919971],[50.204444819589305,26.298387978919067],[50.204451874590085,26.29841776491887],[50.204465199589798,26.298415674918552],[50.204478286591367,26.298477253918296],[50.204491719591083,26.298475409918002],[50.204498659592012,26.298511744917842],[50.204457834592922,26.298519501918793],[50.204452098592327,26.298495310918895],[50.204330460594917,26.298515418921742]]]},"properties":{"FID":259,"OBJECTID":1201465,"fclass":"Building","name":"Private","type":"Residential","Shape_Leng":0.00064425557364699996,"Shape_Area":1.94102388515e-08,"Road_Name":"Prince Mamdouh Street","GlobalID":"{FE90D134-48D2-4C61-A09C-86EBAC097835}","created_us":" ","created_da":null,"last_edite":"RASOO","last_edi_1":1769990400000,"VALIDATION":2}},{"type":"Feature","id":260,"geometry":{"type":"Polygon","coordinates":[[[50.201865044588452,26.296876388978763],[50.20205368058442,26.296845887974332],[50.202087935587713,26.296980091973587],[50.202028654588922,26.296988068974965],[50.202022710588388,26.296964606975095],[50.201885691591407,26.296991353978346],[50.201865044588452,26.296876388978763]]]},"properties":{"FID":260,"OBJECTID":1201467,"fclass":"Building","name":"Private","type":"Residential","Shape_Leng":0.00067002076518700004,"Shape_Area":2.3707989644699999e-08,"Road_Name":"Prince Mashhour Street","GlobalID":"{6786D848-EA1A-4074-9F5A-BC60F963B884}","created_us":" ","created_da":null,"last_edite":"RASOO","last_edi_1":1769990400000,"VALIDATION":2}},{"type":"Feature","id":261,"geometry":{"type":"Polygon","coordinates":[[[50.20093829957753,26.295965100000124],[50.201036829575287,26.295944001997828],[50.201048560577149,26.296016264997554],[50.201064983576813,26.296012510997141],[50.201077184578153,26.296066004996916],[50.200957526580659,26.296085243999695],[50.20093829957753,26.295965100000124]]]},"properties":{"FID":261,"OBJECTID":1201468,"fclass":"Building","name":"Private","type":"Residential","Shape_Leng":0.000488554411053,"Shape_Area":1.35289213646e-08,"Road_Name":"Prince Sattam Street","GlobalID":"{CC0BF431-1014-4B52-8BBE-D0BDC93841B0}","created_us":" ","created_da":null,"last_edite":"RASOO","last_edi_1":1769990400000,"VALIDATION":2}},{"type":"Feature","id":262,"geometry":{"type":"Polygon","coordinates":[[[50.20251429255979,26.296251435963399],[50.202551449559742,26.296272781962529],[50.202552569560716,26.296305878962535],[50.202569415560617,26.29631284896211],[50.202578940561963,26.296365028961912],[50.202566461562199,26.296366828962203],[50.202577284563404,26.296414310961996],[50.202592193563149,26.296413068961645],[50.202607516564839,26.296482228961324],[50.202474164567505,26.296497551964396],[50.202469195566749,26.296467734964512],[50.202446832567134,26.296469390965029],[50.202478360562729,26.296333585964241],[50.202462429562907,26.296330816964616],[50.202459731563273,26.296341804964737],[50.202416575569025,26.296517547965795],[50.202427092568861,26.296517013965513],[50.202449170568435,26.296515890964994],[50.202452001568979,26.29653569996497],[50.202378675570593,26.296550098966698],[50.202327166571699,26.296559247967892],[50.20212728757388,26.29652145997251],[50.202146945571243,26.29643953397207],[50.202122115571434,26.296433021972618],[50.202134822569811,26.296383852972284],[50.202158845569627,26.29638993897176],[50.202181781566495,26.296294354971192],[50.202379539564291,26.296330816966545],[50.202379652564183,26.296327019966572],[50.20241705256376,26.296333924965722],[50.202419139562544,26.296293338965647],[50.202400046562929,26.296295813966072],[50.202394686562215,26.296267408966219],[50.202399799562066,26.296265499966047],[50.20251429255979,26.296251435963399]]]},"properties":{"FID":262,"OBJECTID":1201469,"fclass":"Building","name":"Mosque","type":"Religious","Shape_Leng":0.001948519453,"Shape_Area":9.7518213006199995e-08,"Road_Name":"17th Street","GlobalID":"{C3C6869A-4E90-4AA0-93E5-B6466E0C1E09}","created_us":" ","created_da":null,"last_edite":"RASOO","last_edi_1":1769472000000,"VALIDATION":0}},{"type":"Feature","id":263,"geometry":{"type":"Polygon","coordinates":[[[50.202157318575274,26.296585301971852],[50.202204852574255,26.296578141970748],[50.202209028574735,26.29659723497064],[50.202356448571742,26.296577236967174],[50.202372392574304,26.296675716966863],[50.202262578576608,26.296692400969423],[50.202265996577012,26.296708249969363],[50.202182713578729,26.296721611971325],[50.202157318575274,26.296585301971852]]]},"properties":{"FID":263,"OBJECTID":1201479,"fclass":"Building","name":"Private","type":"Residential","Shape_Leng":0.000666438160457,"Shape_Area":2.2197040326900001e-08,"Road_Name":"Prince Mashhour Street","GlobalID":"{640B45AF-D75D-4BF8-8554-CAB25DD3CD9D}","created_us":" ","created_da":null,"last_edite":"RASOO","last_edi_1":1769990400000,"VALIDATION":2}},{"type":"Feature","id":264,"geometry":{"type":"Polygon","coordinates":[[[50.200495015618877,26.297150641010862],[50.200666330615221,26.297120175006839],[50.200713133620447,26.297329904005831],[50.200978495614862,26.297287957999615],[50.200989975616409,26.297348006999375],[50.200539599625984,26.29742260000987],[50.200495015618877,26.297150641010862]]]},"properties":{"FID":264,"OBJECTID":1201481,"fclass":"Building","name":"Private","type":"Commercial","Shape_Leng":0.00145078462672,"Shape_Area":6.6951205127800004e-08,"Road_Name":"Al Amir Humud Bin Abdulaziz Street","GlobalID":"{4A677539-6472-4CAB-90D4-B6099511B509}","created_us":" ","created_da":null,"last_edite":"RASOO","last_edi_1":1769990400000,"VALIDATION":2}},{"type":"Feature","id":265,"geometry":{"type":"Polygon","coordinates":[[[50.201237871615291,26.297450413993612],[50.201343823613037,26.297434075991106],[50.201355070614582,26.297493538990871],[50.201249584616832,26.297511182993365],[50.201237871615291,26.297450413993612]]]},"properties":{"FID":265,"OBJECTID":1201482,"fclass":"Building","name":"Private","type":"Residential","Shape_Leng":0.00033656052109100001,"Shape_Area":6.5504600845299997e-09,"Road_Name":"19th Street","GlobalID":"{778471FB-8F48-4D71-B432-033D095BA14E}","created_us":" ","created_da":null,"last_edite":"RASOO","last_edi_1":1769990400000,"VALIDATION":2}},{"type":"Feature","id":266,"geometry":{"type":"Polygon","coordinates":[[[50.20312823857995,26.297305452949413],[50.203354427575064,26.297265770944104],[50.203382700578857,26.297414082943519],[50.203150559583733,26.297449300948955],[50.20312823857995,26.297305452949413]]]},"properties":{"FID":266,"OBJECTID":1201484,"fclass":"Building","name":"Private","type":"Residential","Shape_Leng":0.00076099303125399999,"Shape_Area":3.4423795849100001e-08,"Road_Name":"Prince Abdul Salam Street","GlobalID":"{E23A09CC-01EF-48E7-B40A-8E1448DF89E8}","created_us":" ","created_da":null,"last_edite":"RASOO","last_edi_1":1769990400000,"VALIDATION":2}},{"type":"Feature","id":267,"geometry":{"type":"Polygon","coordinates":[[[50.201311149605651,26.297156809991808],[50.201512736601316,26.297122272987068],[50.201530004604152,26.297231888986747],[50.201356947607941,26.297263796990762],[50.201344559606589,26.297210115991046],[50.20132203560712,26.297214995991567],[50.201311149605651,26.297156809991808]]]},"properties":{"FID":267,"OBJECTID":1201486,"fclass":"Building","name":"Private","type":"Residential","Shape_Leng":0.00062879993002099997,"Shape_Area":2.1450147506199999e-08,"Road_Name":"19th Street","GlobalID":"{2A10F294-9309-492A-A380-89FC8B4BA385}","created_us":" ","created_da":null,"last_edite":"RASOO","last_edi_1":1769990400000,"VALIDATION":2}},{"type":"Feature","id":268,"geometry":{"type":"Polygon","coordinates":[[[50.207224199522528,26.297656699853878],[50.207287099521224,26.297647899852421],[50.207303599523648,26.297743399852049],[50.207240799524982,26.297752099853536],[50.207224199522528,26.297656699853878]]]},"properties":{"FID":268,"OBJECTID":1201489,"fclass":"Building","name":"Private","type":"Residential","Shape_Leng":0.00032066073695900002,"Shape_Area":6.1438449979300001e-09,"Road_Name":"Prince Abdul Rahman Street","GlobalID":"{AA437F4F-97E1-4841-A832-0F58AE782BE6}","created_us":" ","created_da":null,"last_edite":"RASOO","last_edi_1":1769990400000,"VALIDATION":2}},{"type":"Feature","id":269,"geometry":{"type":"Polygon","coordinates":[[[50.206880921529816,26.297713138861955],[50.206861655526851,26.297600541862369],[50.207042286523134,26.297573914858127],[50.207049926524164,26.29761473885797],[50.207074128523693,26.297611261857387],[50.207086380525375,26.297678140857112],[50.206880921529816,26.297713138861955]]]},"properties":{"FID":269,"OBJECTID":1201491,"fclass":"Building","name":"Private","type":"Residential","Shape_Leng":0.00063921008471699999,"Shape_Area":2.22331374878e-08,"Road_Name":"Prince Abdul Rahman Street","GlobalID":"{C0548B6C-4AE3-4F42-BCCF-B508D73FFDA9}","created_us":" ","created_da":null,"last_edite":"RASOO","last_edi_1":1769990400000,"VALIDATION":2}},{"type":"Feature","id":270,"geometry":{"type":"Polygon","coordinates":[[[50.203105167555798,26.296451475949652],[50.203030851557301,26.296460828951389],[50.203029879557135,26.296455180951455],[50.203026221556563,26.29643393295148],[50.203022084556629,26.296434472951603],[50.202990728557296,26.296438562952357],[50.202990073557139,26.296433085952348],[50.202989323556949,26.296426808952361],[50.202965417557451,26.29642959695294],[50.202957122557628,26.296430563953141],[50.202946265555717,26.296357571953354],[50.202995495554681,26.296350229952186],[50.203011806554315,26.296347797951839],[50.203055101553431,26.296341340950789],[50.203055894553557,26.296345642950801],[50.203056644553641,26.296349718950776],[50.203087917552942,26.296344076950014],[50.203142953551747,26.296334148948734],[50.203144282551975,26.296341321948731],[50.203163327554606,26.29644415594829],[50.203105167555798,26.296451475949652]]]},"properties":{"FID":270,"OBJECTID":1201493,"fclass":"Building","name":"Private","type":"Residential","Shape_Leng":0.00063279678747399999,"Shape_Area":2.0182865998699999e-08,"Road_Name":"Prince Abdul Salam Street","GlobalID":"{4E9F5CD1-17EF-423B-B7CF-6402B6A47C2F}","created_us":" ","created_da":null,"last_edite":"RASOO","last_edi_1":1769990400000,"VALIDATION":2}},{"type":"Feature","id":271,"geometry":{"type":"Polygon","coordinates":[[[50.202165648627748,26.298417625972245],[50.202179421627505,26.298416064971956],[50.202172798626677,26.298382951972112],[50.202393933622069,26.298350702966935],[50.202417626625959,26.298500177966428],[50.202189696630747,26.298535431971782],[50.202165648627748,26.298417625972245]]]},"properties":{"FID":271,"OBJECTID":1201494,"fclass":"Building","name":"Private","type":"Residential","Shape_Leng":0.000773320964436,"Shape_Area":3.5189233783699999e-08,"Road_Name":"Prince Mashhour Street","GlobalID":"{C1666404-9DE0-456C-B193-E132688BD838}","created_us":" ","created_da":null,"last_edite":"RASOO","last_edi_1":1769990400000,"VALIDATION":2}},{"type":"Feature","id":272,"geometry":{"type":"Polygon","coordinates":[[[50.206833827523432,26.297465254862946],[50.207025627519187,26.297428436858443],[50.207048317522442,26.297553448857961],[50.206858230526635,26.297590695862436],[50.206833827523432,26.297465254862946]]]},"properties":{"FID":272,"OBJECTID":1201499,"fclass":"Building","name":"Private","type":"Residential","Shape_Leng":0.00064385075120499996,"Shape_Area":2.4783171968599998e-08,"Road_Name":"20th Street","GlobalID":"{83624D58-9627-4EC1-9660-9E4D76DC8D96}","created_us":" ","created_da":null,"last_edite":"RASOO","last_edi_1":1769990400000,"VALIDATION":2}},{"type":"Feature","id":273,"geometry":{"type":"Polygon","coordinates":[[[50.205268205509867,26.296094403899041],[50.205326224508681,26.296086455897665],[50.205346499511116,26.296183199897239],[50.205291254512318,26.296193355898517],[50.205268205509867,26.296094403899041]]]},"properties":{"FID":273,"OBJECTID":1201500,"fclass":"Building","name":"Private","type":"Residential","Shape_Leng":0.00031517830926600001,"Shape_Area":5.7374123592499996e-09,"Road_Name":"Prince Ahmad Street","GlobalID":"{6C2FC419-B936-42B0-8E9E-8DB5C824D08D}","created_us":" ","created_da":null,"last_edite":"RASOO","last_edi_1":1769990400000,"VALIDATION":2}},{"type":"Feature","id":274,"geometry":{"type":"Polygon","coordinates":[[[50.207246913463102,26.295603528852659],[50.207270748466009,26.295717416852181],[50.207059047470644,26.295757253857108],[50.207036659467597,26.295637805857567],[50.207246913463102,26.295603528852659]]]},"properties":{"FID":274,"OBJECTID":1201502,"fclass":"Building","name":"Private","type":"Residential","Shape_Leng":0.00066632967194199999,"Shape_Area":2.54707658313e-08,"Road_Name":"Prince Abdul Mohshin Street","GlobalID":"{C06BA7FB-752E-41ED-B235-2C4970EEA77D}","created_us":" ","created_da":null,"last_edite":"RASOO","last_edi_1":1769990400000,"VALIDATION":2}},{"type":"Feature","id":275,"geometry":{"type":"Polygon","coordinates":[[[50.20429009955911,26.29724662892227],[50.204502024554358,26.297203698917297],[50.204523667557112,26.297311110916866],[50.204310870561592,26.297345718921811],[50.20429009955911,26.29724662892227]]]},"properties":{"FID":275,"OBJECTID":1201504,"fclass":"Building","name":"Private","type":"Commercial","Shape_Leng":0.00064263670204199998,"Shape_Area":2.27486597961e-08,"Road_Name":"Prince Miqren Bin Abdulxziz Street","GlobalID":"{1EC06DAC-57BE-4CC7-995B-FB427C92F8EB}","created_us":" ","created_da":null,"last_edite":"RASOO","last_edi_1":1769990400000,"VALIDATION":2}},{"type":"Feature","id":276,"geometry":{"type":"Polygon","coordinates":[[[50.206175249467677,26.295147507877527],[50.206304871464951,26.295126184874498],[50.206317580466305,26.295181479874255],[50.206329103466068,26.295179333873939],[50.206340704467401,26.295232930873716],[50.20628028446869,26.29524330887515],[50.206277751468235,26.295225409875208],[50.206117654471761,26.295256068878892],[50.206097043468759,26.295140713879345],[50.206171432467244,26.295130178877606],[50.206175249467677,26.295147507877527]]]},"properties":{"FID":276,"OBJECTID":1201505,"fclass":"Building","name":"Private","type":"Residential","Shape_Leng":0.00070710601785099996,"Shape_Area":2.28423193703e-08,"Road_Name":"Prince Methab Street","GlobalID":"{D63E3DBA-8B85-4916-96B7-8AD1CAD8D9E7}","created_us":" ","created_da":null,"last_edite":"RASOO","last_edi_1":1769990400000,"VALIDATION":2}},{"type":"Feature","id":277,"geometry":{"type":"Polygon","coordinates":[[[50.2033537005535,26.296514364943871],[50.203380618552863,26.296507764943229],[50.203374076551945,26.296471908943403],[50.20345359055019,26.296456579941552],[50.203461905551237,26.296497545941342],[50.203484246550779,26.296495420940833],[50.203503552552959,26.296582024940395],[50.203399505555211,26.296599739942849],[50.203395482554612,26.296577904942957],[50.203368541555193,26.296582084943545],[50.2033537005535,26.296514364943871]]]},"properties":{"FID":277,"OBJECTID":1201509,"fclass":"Building","name":"Private","type":"Residential","Shape_Leng":0.00052245161320699999,"Shape_Area":1.4684662767599999e-08,"Road_Name":"Prince Abdul Salam Street","GlobalID":"{B9F5E258-3C05-447D-8495-C68EFCAB7149}","created_us":" ","created_da":null,"last_edite":"RASOO","last_edi_1":1769990400000,"VALIDATION":2}},{"type":"Feature","id":278,"geometry":{"type":"Polygon","coordinates":[[[50.200670819606394,26.296816130006643],[50.200901019601893,26.296792030001228],[50.200914919604728,26.29689883000097],[50.200684719609235,26.296922830006348],[50.200670819606394,26.296816130006643]]]},"properties":{"FID":278,"OBJECTID":1201516,"fclass":"Building","name":"Private","type":"Residential","Shape_Leng":0.00067820812293400002,"Shape_Area":2.4908145000899999e-08,"Road_Name":"Prince Sattam Street","GlobalID":"{5CAF803F-D954-4C72-BA65-574AC6744B35}","created_us":" ","created_da":null,"last_edite":"RASOO","last_edi_1":1769990400000,"VALIDATION":2}},{"type":"Feature","id":279,"geometry":{"type":"Polygon","coordinates":[[[50.201089384575702,26.295989517996606],[50.201266758571983,26.295960893992415],[50.201285059574879,26.296071635992035],[50.20111013557851,26.296098472996139],[50.201089384575702,26.295989517996606]]]},"properties":{"FID":279,"OBJECTID":1201518,"fclass":"Building","name":"Private","type":"Residential","Shape_Leng":0.00057979695045200003,"Shape_Area":1.9891169171299999e-08,"Road_Name":"Prince Abdulmajid Street","GlobalID":"{2F90E40F-B8D3-4224-89B2-0D92E610DC22}","created_us":" ","created_da":null,"last_edite":"RASOO","last_edi_1":1769990400000,"VALIDATION":2}},{"type":"Feature","id":280,"geometry":{"type":"Polygon","coordinates":[[[50.203875401507524,26.295214758931259],[50.204104501502719,26.295178958925934],[50.204128101505844,26.295300258925408],[50.203899001510635,26.295336058930751],[50.203875401507524,26.295214758931259]]]},"properties":{"FID":280,"OBJECTID":1201519,"fclass":"Building","name":"Private","type":"Commercial","Shape_Leng":0.00071090944148600001,"Shape_Area":2.8634709999300002e-08,"Road_Name":"Prince Miqren Bin Abdulaziz Street","GlobalID":"{BFC852B3-2D8B-4F5D-96EB-D2D623833354}","created_us":" ","created_da":null,"last_edite":"RASOO","last_edi_1":1769990400000,"VALIDATION":2}},{"type":"Feature","id":281,"geometry":{"type":"Polygon","coordinates":[[[50.201004075600004,26.296785543998865],[50.201215047595362,26.296745375993915],[50.201233066598391,26.296859871993508],[50.201038333602533,26.296892357998079],[50.201026599600695,26.296821581998305],[50.201008580600991,26.296823082998774],[50.201004075600004,26.296785543998865]]]},"properties":{"FID":281,"OBJECTID":1201525,"fclass":"Building","name":"Private","type":"Residential","Shape_Leng":0.00065572304284900005,"Shape_Area":2.31521209312e-08,"Road_Name":"Prince Sattam Street","GlobalID":"{F1FA713E-BAA1-4D66-A9C1-AF7EE0057705}","created_us":" ","created_da":null,"last_edite":"RASOO","last_edi_1":1769990400000,"VALIDATION":2}},{"type":"Feature","id":282,"geometry":{"type":"Polygon","coordinates":[[[50.203675282518084,26.295467704936019],[50.203667203516723,26.295415808936184],[50.20370138651603,26.295410214935373],[50.203707931517435,26.295463976935284],[50.203675282518084,26.295467704936019]]]},"properties":{"FID":282,"OBJECTID":1201529,"fclass":"Building","name":"Private","type":"Residential","Shape_Leng":0.00017417887233700001,"Shape_Area":1.7994150971299999e-09,"Road_Name":"Prince Mamdouh Street","GlobalID":"{3705097F-9DB6-425F-8BA6-CBF5683D9F4C}","created_us":" ","created_da":null,"last_edite":"RASOO","last_edi_1":1769990400000,"VALIDATION":2}},{"type":"Feature","id":283,"geometry":{"type":"Polygon","coordinates":[[[50.202462272605665,26.297817702965137],[50.202429822606284,26.297822284965918],[50.20242524160544,26.297789452965972],[50.202458073604852,26.297788688965216],[50.20245425560438,26.297769600965303],[50.202500449603505,26.297765782964248],[50.202508085604364,26.297799378964065],[50.202555805603346,26.297791360962929],[50.202550079602752,26.297766546963082],[50.202595509601871,26.297762346961989],[50.202608871604021,26.297844808961738],[50.202543589605327,26.297853970963271],[50.202545116605791,26.297870768963236],[50.202477543607159,26.297879167964798],[50.202462272605665,26.297817702965137]]]},"properties":{"FID":283,"OBJECTID":1201532,"fclass":"Building","name":"Private","type":"Residential","Shape_Leng":0.00061626526204800001,"Shape_Area":1.31826766847e-08,"Road_Name":"Prince Mashhour Street","GlobalID":"{F282E0EE-6992-44B2-8D98-E4698C9D92D6}","created_us":" ","created_da":null,"last_edite":"RASOO","last_edi_1":1769990400000,"VALIDATION":2}},{"type":"Feature","id":284,"geometry":{"type":"Polygon","coordinates":[[[50.206127851472296,26.295280966878718],[50.206337631467768,26.295244147873799],[50.206359038471156,26.295373868873302],[50.206304630472381,26.295384817874567],[50.206302526472001,26.295371728874631],[50.206217757473908,26.295387568876613],[50.206215188473628,26.295376865876683],[50.206189501474221,26.295382431877318],[50.20618179547337,26.295349037877479],[50.206141588474232,26.295355330878426],[50.206127851472296,26.295280966878718]]]},"properties":{"FID":284,"OBJECTID":1201533,"fclass":"Building","name":"Private","type":"Residential","Shape_Leng":0.000687334413533,"Shape_Area":2.4006426889900001e-08,"Road_Name":"Prince Methab Street","GlobalID":"{ED837B27-89C6-4640-BFD8-9B02E9780EDD}","created_us":" ","created_da":null,"last_edite":"RASOO","last_edi_1":1769990400000,"VALIDATION":2}},{"type":"Feature","id":285,"geometry":{"type":"Polygon","coordinates":[[[50.202247662638783,26.298846817970489],[50.202270696641392,26.298951625969995],[50.202258316641675,26.298953880970306],[50.202298899647921,26.299194999969451],[50.202120983651554,26.299219011973605],[50.202078121651446,26.299192286974588],[50.202013281644071,26.298897781976002],[50.202247662638783,26.298846817970489]]]},"properties":{"FID":285,"OBJECTID":1201534,"fclass":"Building","name":"Private","type":"Hotel Appartment","Shape_Leng":0.00113585977305,"Shape_Area":7.7210109029600003e-08,"Road_Name":"22nd Street","GlobalID":"{78E9E95E-2C0D-4A90-9DF0-301FBD493404}","created_us":" ","created_da":null,"last_edite":"RASOO","last_edi_1":1769472000000,"VALIDATION":0}},{"type":"Feature","id":286,"geometry":{"type":"Polygon","coordinates":[[[50.20277823353554,26.295560777957],[50.202916973532687,26.295540397953733],[50.202912999532288,26.295523799953827],[50.202982425530806,26.295512570952209],[50.203005940533984,26.295636418951684],[50.202797829538341,26.295668556956599],[50.20277823353554,26.295560777957]]]},"properties":{"FID":286,"OBJECTID":1201535,"fclass":"Building","name":"Private","type":"Residential","Shape_Leng":0.00067380865049299998,"Shape_Area":2.4076140359500001e-08,"Road_Name":"Prince Abdul Salam Street","GlobalID":"{AEBD55C3-0684-47B8-B5FC-73608BBAF94C}","created_us":" ","created_da":null,"last_edite":"RASOO","last_edi_1":1769990400000,"VALIDATION":2}},{"type":"Feature","id":287,"geometry":{"type":"Polygon","coordinates":[[[50.200807792658424,26.298704821004051],[50.200799605657394,26.298664079004283],[50.200840846656483,26.298657160003266],[50.200837248656192,26.298644428003389],[50.200886239655155,26.298637508002212],[50.200888676655616,26.29865349700216],[50.201007192653108,26.298634720999413],[50.201038492657126,26.298793220998743],[50.200831692661495,26.298826121003575],[50.200807792658424,26.298704821004051]]]},"properties":{"FID":287,"OBJECTID":1201536,"fclass":"Building","name":"Private","type":"Commercial","Shape_Leng":0.00077684324318900001,"Shape_Area":3.47759924373e-08,"Road_Name":"Al Amir Humud Bin Abdulaziz Street","GlobalID":"{233A6CA5-68ED-4920-8572-5AC64AC72448}","created_us":" ","created_da":null,"last_edite":"RASOO","last_edi_1":1769990400000,"VALIDATION":2}},{"type":"Feature","id":288,"geometry":{"type":"Polygon","coordinates":[[[50.200985681596563,26.296655281999215],[50.201180886592304,26.296618492994657],[50.201200032595139,26.296728483994251],[50.201005201599173,26.296756262998798],[50.200985681596563,26.296655281999215]]]},"properties":{"FID":288,"OBJECTID":1201537,"fclass":"Building","name":"Private","type":"Residential","Shape_Leng":0.00060993811017199997,"Shape_Area":2.11958153191e-08,"Road_Name":"Prince Sattam Street","GlobalID":"{D3F2F954-955B-4558-BAA6-87C7944B1C0B}","created_us":" ","created_da":null,"last_edite":"RASOO","last_edi_1":1769990400000,"VALIDATION":2}},{"type":"Feature","id":289,"geometry":{"type":"Polygon","coordinates":[[[50.200329373588772,26.29600648001432],[50.200276801589915,26.296017015015547],[50.200267406588651,26.295967997015794],[50.20032581958742,26.295959011014407],[50.200333570588242,26.295992049014206],[50.20045372458555,26.29596731101142],[50.200472114588251,26.296070897011042],[50.200671397584046,26.296039890006366],[50.200728993584406,26.296084007005053],[50.200762026590624,26.29632090400434],[50.200710781593365,26.296386783005534],[50.200474899598163,26.296417493011081],[50.200474047598028,26.296413364011105],[50.200450517595179,26.296299337011629],[50.200461305594978,26.296298804011332],[50.200447378593175,26.29622773001168],[50.200446539593059,26.296223450011656],[50.20045741559283,26.296221944011414],[50.200451632592049,26.29619184701156],[50.200314381594914,26.296213496014726],[50.200305395593588,26.296160802014942],[50.200321326593269,26.296158351014576],[50.200318875592764,26.296139561014609],[50.200356985592009,26.296135450013711],[50.200329373588772,26.29600648001432]]]},"properties":{"FID":289,"OBJECTID":1201538,"fclass":"Building","name":"المعالي للحج والعمرة","type":"Government","Shape_Leng":0.0019067539008700001,"Shape_Area":1.2883737192900001e-07,"Road_Name":"Al Amir Humud Bin Abdulaziz Street","GlobalID":"{188EC990-04E3-432B-B8DC-96A2960E57DA}","created_us":" ","created_da":null,"last_edite":"RASOO","last_edi_1":1769472000000,"VALIDATION":0}},{"type":"Feature","id":290,"geometry":{"type":"Polygon","coordinates":[[[50.202537004540524,26.295594776962623],[50.202739702536185,26.295559870957891],[50.202793591542253,26.295801760956703],[50.20258443154669,26.295836136961629],[50.202537004540524,26.295594776962623]]]},"properties":{"FID":290,"OBJECTID":1201539,"fclass":"Building","name":"Private","type":"Residential","Shape_Leng":0.00091144327611999997,"Shape_Area":5.15124384054e-08,"Road_Name":"Prince Hathool Street","GlobalID":"{132F3508-0474-42BD-AE4F-7853D448C487}","created_us":" ","created_da":null,"last_edite":"RASOO","last_edi_1":1769990400000,"VALIDATION":2}},{"type":"Feature","id":291,"geometry":{"type":"Polygon","coordinates":[[[50.203164999568429,26.296926281948419],[50.203167463568938,26.29694633594837],[50.20310352357027,26.296954356949861],[50.203094384568701,26.296896312950093],[50.203078056569097,26.296899386950482],[50.203067172567451,26.296835687950693],[50.203165900565288,26.296816833948373],[50.203179811566791,26.296877022948085],[50.203211358566101,26.296871718947333],[50.203214729566035,26.296871151947272],[50.203225436567131,26.296915558947003],[50.203164999568429,26.296926281948419]]]},"properties":{"FID":291,"OBJECTID":1201540,"fclass":"Building","name":"Private","type":"Residential","Shape_Leng":0.00052939838132399998,"Shape_Area":1.3231504888e-08,"Road_Name":"19th Street","GlobalID":"{8BE4BAB0-5D7A-4DB9-B4F4-7AE0ECA0A7CE}","created_us":" ","created_da":null,"last_edite":"RASOO","last_edi_1":1769990400000,"VALIDATION":2}},{"type":"Feature","id":292,"geometry":{"type":"Polygon","coordinates":[[[50.201037298568885,26.2957215799977],[50.201193087565542,26.295693893994041],[50.201211857568154,26.295796189993656],[50.201055129571522,26.295824343997339],[50.201037298568885,26.2957215799977]]]},"properties":{"FID":292,"OBJECTID":1201542,"fclass":"Building","name":"Private","type":"Residential","Shape_Leng":0.00052576990595300005,"Shape_Area":1.65321339709e-08,"Road_Name":"Prince Abdulmajid Street","GlobalID":"{E9C336CB-4135-4970-A9B3-8EC0BB3804E4}","created_us":" ","created_da":null,"last_edite":"RASOO","last_edi_1":1769990400000,"VALIDATION":2}},{"type":"Feature","id":293,"geometry":{"type":"Polygon","coordinates":[[[50.207938500484879,26.296758107836901],[50.208217502479279,26.296722540830363],[50.208237510482356,26.296841701829987],[50.207965186488188,26.296887999836329],[50.207938500484879,26.296758107836901]]]},"properties":{"FID":293,"OBJECTID":1201543,"fclass":"Building","name":"Private","type":"Commercial","Shape_Leng":0.000810925461903,"Shape_Area":3.5282999654499998e-08,"Road_Name":"King Abdulaziz Road","GlobalID":"{4B973996-A2A9-4349-A5EE-9E67FCD1519D}","created_us":" ","created_da":null,"last_edite":"RASOO","last_edi_1":1769990400000,"VALIDATION":2}},{"type":"Feature","id":294,"geometry":{"type":"Polygon","coordinates":[[[50.201658915561815,26.295831288983234],[50.201795258558725,26.295803659980056],[50.201809499559644,26.295842599979693],[50.201850699558683,26.295832799978751],[50.201876043560937,26.295925888978211],[50.201825290562056,26.295935198979393],[50.201817782561136,26.295899160979541],[50.201721026563398,26.295922306981787],[50.201715674562827,26.29590036198195],[50.201674831563714,26.295906667982909],[50.201658915561815,26.295831288983234]]]},"properties":{"FID":294,"OBJECTID":1201545,"fclass":"Building","name":"Private","type":"Residential","Shape_Leng":0.00064825722788400004,"Shape_Area":1.7864986076699998e-08,"Road_Name":"Prince Mashhour Street","GlobalID":"{054FEC70-0407-411C-B88F-6E81F3C1EC2F}","created_us":" ","created_da":null,"last_edite":"RASOO","last_edi_1":1769990400000,"VALIDATION":2}},{"type":"Feature","id":295,"geometry":{"type":"Polygon","coordinates":[[[50.207397262513673,26.297448493849799],[50.207460342512327,26.2974374078483],[50.207450282510251,26.297360111848526],[50.207603799507012,26.297335620844891],[50.207645613512874,26.297563804844042],[50.207531499515433,26.297587307846673],[50.207525023514464,26.297550273846817],[50.207438984516344,26.297565953848874],[50.207419685514061,26.297474687849267],[50.207404005514377,26.297477903849618],[50.207397262513673,26.297448493849799]]]},"properties":{"FID":295,"OBJECTID":1201548,"fclass":"Building","name":"Private","type":"Residential","Shape_Leng":0.00091046138744500002,"Shape_Area":4.1877918174200002e-08,"Road_Name":"20th Street","GlobalID":"{5153B166-E2B7-4C02-BB28-C3089FD03516}","created_us":" ","created_da":null,"last_edite":"RASOO","last_edi_1":1769990400000,"VALIDATION":2}},{"type":"Feature","id":296,"geometry":{"type":"Polygon","coordinates":[[[50.203554862552402,26.296591857939241],[50.203590536551694,26.296587398938378],[50.203598265552934,26.296635260938185],[50.203562294553713,26.29664090993904],[50.203554862552402,26.296591857939241]]]},"properties":{"FID":296,"OBJECTID":1201549,"fclass":"Building","name":"Private","type":"Residential","Shape_Leng":0.00017045732796099999,"Shape_Area":1.77416272811e-09,"Road_Name":"Prince Miqren Bin Abdulaziz Street","GlobalID":"{783F7F6F-1E25-451E-9E45-97568FBEFAD3}","created_us":" ","created_da":null,"last_edite":"RASOO","last_edi_1":1769990400000,"VALIDATION":2}},{"type":"Feature","id":297,"geometry":{"type":"Polygon","coordinates":[[[50.206350903466941,26.295221456873463],[50.2065872284618,26.295178216867967],[50.206608515465341,26.29531467186747],[50.206393385469724,26.295343943872513],[50.206380065468075,26.295278663872807],[50.206362300468406,26.295279970873203],[50.206350903466941,26.295221456873463]]]},"properties":{"FID":297,"OBJECTID":1201554,"fclass":"Building","name":"Private","type":"Residential","Shape_Leng":0.00073951763344400003,"Shape_Area":3.0337519064599999e-08,"Road_Name":"Prince Abdul Rahman Street","GlobalID":"{3107FE9B-4561-409F-A279-297BC171E659}","created_us":" ","created_da":null,"last_edite":"RASOO","last_edi_1":1769990400000,"VALIDATION":2}},{"type":"Feature","id":298,"geometry":{"type":"Polygon","coordinates":[[[50.203130801587697,26.297576227949449],[50.203153556587147,26.297571148948919],[50.203167169588738,26.297633318948652],[50.203142788589219,26.297636569949177],[50.203130801587697,26.297576227949449]]]},"properties":{"FID":298,"OBJECTID":1201555,"fclass":"Building","name":"Private","type":"Residential","Shape_Leng":0.00017307575428500001,"Shape_Area":1.4969934073000001e-09,"Road_Name":"Prince Hathool Street","GlobalID":"{5A3A516C-1D3B-46CE-81FB-7103E62B4E66}","created_us":" ","created_da":null,"last_edite":"RASOO","last_edi_1":1769990400000,"VALIDATION":2}},{"type":"Feature","id":299,"geometry":{"type":"Polygon","coordinates":[[[50.20214348254089,26.295382755971765],[50.202320915536916,26.295345363967588],[50.202355375536747,26.295359293966815],[50.202378837539769,26.295478071966304],[50.20226296354214,26.295494465969014],[50.202260148541839,26.295481326969046],[50.202189292543316,26.295493057970734],[50.202178499542065,26.295442848970978],[50.202155506542539,26.295447071971473],[50.20214348254089,26.295382755971765]]]},"properties":{"FID":299,"OBJECTID":1201556,"fclass":"Building","name":"Private","type":"Residential","Shape_Leng":0.00068202174145200005,"Shape_Area":2.5949743508800001e-08,"Road_Name":"16th Street","GlobalID":"{437EB99A-3D32-411A-BE8A-A64D243B8251}","created_us":" ","created_da":null,"last_edite":"RASOO","last_edi_1":1769990400000,"VALIDATION":2}},{"type":"Feature","id":300,"geometry":{"type":"Polygon","coordinates":[[[50.203425842568755,26.297088316942407],[50.203522755566745,26.29707196694012],[50.203525728567399,26.297096343940055],[50.203623236565235,26.297079101937808],[50.2036398845677,26.297172744937409],[50.203450219571984,26.297212877941877],[50.203443382570867,26.297170069942034],[50.203477499570148,26.29716549994119],[50.2034669275684,26.297098428941435],[50.203449327568791,26.297101397941884],[50.20344887656907,26.297111071941849],[50.203428518569481,26.297114477942351],[50.203425842568755,26.297088316942407]]]},"properties":{"FID":300,"OBJECTID":1201557,"fclass":"Building","name":"Private","type":"Residential","Shape_Leng":0.000730979714211,"Shape_Area":1.9256046819299999e-08,"Road_Name":"19th Street","GlobalID":"{F844A90F-478F-47A4-BF8F-578AE0866B56}","created_us":" ","created_da":null,"last_edite":"RASOO","last_edi_1":1769990400000,"VALIDATION":2}},{"type":"Feature","id":301,"geometry":{"type":"Polygon","coordinates":[[[50.201785448609925,26.297579428980892],[50.201877577608037,26.297566451978689],[50.201876744607588,26.297550398978739],[50.201929299606562,26.297544299977488],[50.201944542609382,26.2976505249772],[50.201799370612463,26.297675941980561],[50.201785448609925,26.297579428980892]]]},"properties":{"FID":301,"OBJECTID":1201559,"fclass":"Building","name":"Private","type":"Residential","Shape_Leng":0.000514226049635,"Shape_Area":1.4829992602599999e-08,"Road_Name":"Prince Abdulmajid Street","GlobalID":"{1CF1D0A6-94AE-410F-8312-C3F047CBD789}","created_us":" ","created_da":null,"last_edite":"RASOO","last_edi_1":1769990400000,"VALIDATION":2}},{"type":"Feature","id":302,"geometry":{"type":"Polygon","coordinates":[[[50.20249226758061,26.296964359964136],[50.202622506577853,26.296943402961134],[50.202642564580756,26.29705521396065],[50.202513781583427,26.29707370196369],[50.20249226758061,26.296964359964136]]]},"properties":{"FID":302,"OBJECTID":1201560,"fclass":"Building","name":"Private","type":"Residential","Shape_Leng":0.00048705194676,"Shape_Area":1.4730824973699999e-08,"Road_Name":"19th Street","GlobalID":"{785B9594-0BAA-4959-BF6A-2783155625FC}","created_us":" ","created_da":null,"last_edite":"RASOO","last_edi_1":1769990400000,"VALIDATION":2}},{"type":"Feature","id":303,"geometry":{"type":"Polygon","coordinates":[[[50.201889445583149,26.296706991978166],[50.202040541580274,26.296693383974613],[50.202061188583748,26.296826179974179],[50.201911969586938,26.296851049977683],[50.201889445583149,26.296706991978166]]]},"properties":{"FID":303,"OBJECTID":1201562,"fclass":"Building","name":"Private","type":"Residential","Shape_Leng":0.00058318458834899999,"Shape_Area":2.12011356871e-08,"Road_Name":"Prince Mashhour Street","GlobalID":"{1B795C51-6899-407A-945C-3DF9F8EC95A6}","created_us":" ","created_da":null,"last_edite":"RASOO","last_edi_1":1769990400000,"VALIDATION":2}},{"type":"Feature","id":304,"geometry":{"type":"Polygon","coordinates":[[[50.201398616649449,26.298732342990299],[50.201614468644877,26.298697430985268],[50.20164562664921,26.29886560798456],[50.201436155653788,26.298904649989499],[50.201398616649449,26.298732342990299]]]},"properties":{"FID":304,"OBJECTID":1201566,"fclass":"Building","name":"Private","type":"Residential","Shape_Leng":0.00077912314849700002,"Shape_Area":3.7474023567299998e-08,"Road_Name":"Prince Sattam Street","GlobalID":"{09181949-4F01-461F-ABB1-11998FAF15E8}","created_us":" ","created_da":null,"last_edite":"RASOO","last_edi_1":1769990400000,"VALIDATION":2}},{"type":"Feature","id":305,"geometry":{"type":"Polygon","coordinates":[[[50.20439200549697,26.295142911919164],[50.204535889493869,26.29511912891585],[50.204548374495474,26.295181557915537],[50.204563143495179,26.295179096915174],[50.20457627149689,26.295247197914911],[50.204370492501205,26.295279041919695],[50.204346259498195,26.295159678920275],[50.20439438349721,26.295153018919155],[50.20439200549697,26.295142911919164]]]},"properties":{"FID":305,"OBJECTID":1201573,"fclass":"Building","name":"Private","type":"Commercial/Residential","Shape_Leng":0.00068282098977899997,"Shape_Area":2.6097806705800001e-08,"Road_Name":"Prince Miqren Bin Abdulaziz Street","GlobalID":"{741D545E-F6D9-45D8-9340-2CF0D3180D92}","created_us":" ","created_da":null,"last_edite":"RASOO","last_edi_1":1769990400000,"VALIDATION":2}},{"type":"Feature","id":306,"geometry":{"type":"Polygon","coordinates":[[[50.207607458444407,26.295158637844111],[50.207691024442589,26.295143154842123],[50.207691802442824,26.295153251842134],[50.207811063440204,26.29513039283934],[50.207809278439981,26.295121243839397],[50.207900005437985,26.295104433837288],[50.207928336441817,26.295253629836669],[50.207626870448451,26.295311272843719],[50.207617369447327,26.295265864843927],[50.207630846447032,26.295263899843583],[50.207623227445985,26.295223814843776],[50.207609202446314,26.295226834844108],[50.207602385445512,26.295194254844219],[50.207614613445223,26.295191348843971],[50.207607458444407,26.295158637844111]]]},"properties":{"FID":306,"OBJECTID":1201574,"fclass":"Building","name":"Private","type":"Commercial","Shape_Leng":0.00097142774617099996,"Shape_Area":4.4945184898000001e-08,"Road_Name":"King Abdulaziz Road","GlobalID":"{A35E56D7-6FA4-43BC-94BC-CFF0EE488F48}","created_us":" ","created_da":null,"last_edite":"RASOO","last_edi_1":1769990400000,"VALIDATION":2}},{"type":"Feature","id":307,"geometry":{"type":"Polygon","coordinates":[[[50.202635388636317,26.298983901961499],[50.202831241631785,26.298939519956907],[50.202869946635985,26.299107705956057],[50.202698508639742,26.29913985696011],[50.202659675639588,26.299112804961005],[50.202635388636317,26.298983901961499]]]},"properties":{"FID":307,"OBJECTID":1201576,"fclass":"Building","name":"Private","type":"Commercial/Residential","Shape_Leng":0.00072632530083200004,"Shape_Area":3.3886100329e-08,"Road_Name":"22nd Street","GlobalID":"{1FA70201-CE40-4B08-BB56-695A8A71B327}","created_us":" ","created_da":null,"last_edite":"RASOO","last_edi_1":1769990400000,"VALIDATION":2}},{"type":"Feature","id":308,"geometry":{"type":"Polygon","coordinates":[[[50.204504292512453,26.295747158916765],[50.204466149513337,26.295754928917685],[50.204458450512284,26.295715253917802],[50.204497699511393,26.29570699991692],[50.20465099950831,26.295686599913296],[50.204668699511096,26.295793899912951],[50.20451529951422,26.295814199916538],[50.204504292512453,26.295747158916765]]]},"properties":{"FID":308,"OBJECTID":1201577,"fclass":"Building","name":"Private","type":"Commercial/Residential","Shape_Leng":0.00060552636302099998,"Shape_Area":1.8407861386900001e-08,"Road_Name":"17th Street","GlobalID":"{0DBD5183-3F94-47A5-8D42-06DB2D5413D3}","created_us":" ","created_da":null,"last_edite":"RASOO","last_edi_1":1769990400000,"VALIDATION":2}},{"type":"Feature","id":309,"geometry":{"type":"Polygon","coordinates":[[[50.206039704458149,26.294737771880555],[50.206048234457711,26.294726682880352],[50.206213294454336,26.294704930876488],[50.206234619456787,26.294801748876054],[50.206062735460605,26.294835442880039],[50.206039704458149,26.294737771880555]]]},"properties":{"FID":309,"OBJECTID":1201581,"fclass":"Building","name":"Restaurant","type":"Commercial","Shape_Leng":0.000555121020971,"Shape_Area":1.8357932702100001e-08,"Road_Name":"16th Street","GlobalID":"{91E67655-EC87-4CB9-9F96-5F2A9C0CDCE9}","created_us":" ","created_da":null,"last_edite":"RASOO","last_edi_1":1769990400000,"VALIDATION":2}},{"type":"Feature","id":310,"geometry":{"type":"Polygon","coordinates":[[[50.206528147486665,26.296010061869616],[50.206725084482528,26.295979664864962],[50.206744692485884,26.296107468864587],[50.206551265489921,26.296136785869102],[50.206528147486665,26.296010061869616]]]},"properties":{"FID":310,"OBJECTID":1201582,"fclass":"Building","name":"Private","type":"Residential","Shape_Leng":0.00065302001296900004,"Shape_Area":2.5477477141899999e-08,"Road_Name":"Prince Abdul Rahman Street","GlobalID":"{5ABBEE70-64EA-4B61-AF4E-FEAE8737EA32}","created_us":" ","created_da":null,"last_edite":"RASOO","last_edi_1":1769990400000,"VALIDATION":2}},{"type":"Feature","id":311,"geometry":{"type":"Polygon","coordinates":[[[50.204877438565859,26.297818691908745],[50.204893876564732,26.297789307908342],[50.205029462561825,26.297765957905177],[50.205034610562755,26.297800710905083],[50.205069325562071,26.297798058904238],[50.205075709562863,26.297828126904093],[50.205082438562727,26.29782766290397],[50.205089011563729,26.297865764903843],[50.204980563566082,26.29788517290639],[50.204982030566264,26.297894126906311],[50.204893024568229,26.297911404908433],[50.204877438565859,26.297818691908745]]]},"properties":{"FID":311,"OBJECTID":1201584,"fclass":"Building","name":"Private","type":"Commercial/Residential","Shape_Leng":0.00062127350485899997,"Shape_Area":2.0709283576499999e-08,"Road_Name":"20th Street","GlobalID":"{A31AC7DF-0FD4-48EA-B8EB-F68134FD0C16}","created_us":" ","created_da":null,"last_edite":"RASOO","last_edi_1":1769990400000,"VALIDATION":2}},{"type":"Feature","id":312,"geometry":{"type":"Polygon","coordinates":[[[50.20129913660184,26.297017162992024],[50.201456426598391,26.296987505988369],[50.201459054599049,26.297014158988276],[50.201472568598859,26.297013783988007],[50.201488710600977,26.297096745987627],[50.201318656604407,26.297119644991593],[50.20129913660184,26.297017162992024]]]},"properties":{"FID":312,"OBJECTID":1201587,"fclass":"Building","name":"Private","type":"Residential","Shape_Leng":0.000560794018772,"Shape_Area":1.82840438372e-08,"Road_Name":"Prince Abdulmajid Street","GlobalID":"{470C9F2A-4114-459D-B818-2A4AF75ACBB4}","created_us":" ","created_da":null,"last_edite":"RASOO","last_edi_1":1769990400000,"VALIDATION":2}},{"type":"Feature","id":313,"geometry":{"type":"Polygon","coordinates":[[[50.20144179956997,26.295992099988354],[50.201633199566082,26.295966099983893],[50.20165479956944,26.296094199983418],[50.201463399573328,26.296120099987917],[50.20144179956997,26.295992099988354]]]},"properties":{"FID":313,"OBJECTID":1201591,"fclass":"Building","name":"Private","type":"Residential","Shape_Leng":0.00064602031144900002,"Shape_Area":2.5069290001699999e-08,"Road_Name":"Prince Abdulmajid Street","GlobalID":"{5C1B9091-E7B5-4D97-9A24-9AF5EB454EAF}","created_us":" ","created_da":null,"last_edite":"RASOO","last_edi_1":1769990400000,"VALIDATION":2}},{"type":"Feature","id":314,"geometry":{"type":"Polygon","coordinates":[[[50.207547619522764,26.297851249846399],[50.207689398519761,26.297828606843119],[50.207701831520986,26.29787864284285],[50.207560484524095,26.297906315846138],[50.207547619522764,26.297851249846399]]]},"properties":{"FID":314,"OBJECTID":1201593,"fclass":"Building","name":"Private","type":"Residential","Shape_Leng":0.00039571257559300002,"Shape_Area":7.7575007556700001e-09,"Road_Name":"Prince Abdul Mohshin Street","GlobalID":"{7564A340-0498-4AFD-BCCF-F750D92212B5}","created_us":" ","created_da":null,"last_edite":"RASOO","last_edi_1":1769990400000,"VALIDATION":2}},{"type":"Feature","id":315,"geometry":{"type":"Polygon","coordinates":[[[50.202177209544367,26.295522795971042],[50.202399366539908,26.295494934965806],[50.20246535454735,26.295791144964369],[50.202232198552053,26.295820472969854],[50.202177209544367,26.295522795971042]]]},"properties":{"FID":315,"OBJECTID":1201594,"fclass":"Building","name":"Private","type":"Residential","Shape_Leng":0.0010650751197600001,"Shape_Area":6.9330756317900004e-08,"Road_Name":"Prince Hathool Street","GlobalID":"{0883DA61-D4BC-459E-9E4C-32E8DE7792B8}","created_us":" ","created_da":null,"last_edite":"RASOO","last_edi_1":1769990400000,"VALIDATION":2}},{"type":"Feature","id":316,"geometry":{"type":"Polygon","coordinates":[[[50.20169247665001,26.298920667983516],[50.20173795264909,26.298913670982426],[50.201736412648913,26.298907511982463],[50.201818488647184,26.298894453980559],[50.20181955664745,26.298903642980509],[50.201866733646504,26.29889783197941],[50.201869133646781,26.298909565979361],[50.201882815646542,26.298908102979034],[50.201906935649568,26.299028240978526],[50.201820670651315,26.29903923898053],[50.201817233650722,26.299015524980607],[50.201715491652813,26.299030944982992],[50.20169247665001,26.298920667983516]]]},"properties":{"FID":316,"OBJECTID":1201595,"fclass":"Building","name":"Private","type":"Residential","Shape_Leng":0.00066700662143199998,"Shape_Area":2.3604748316499999e-08,"Road_Name":"Prince Abdulmajid Street","GlobalID":"{E20AB31F-0003-4324-83D7-A3AAEDDD6074}","created_us":" ","created_da":null,"last_edite":"RASOO","last_edi_1":1769990400000,"VALIDATION":2}},{"type":"Feature","id":317,"geometry":{"type":"Polygon","coordinates":[[[50.203093021574979,26.29711242095015],[50.203280906571102,26.297085475945753],[50.203315385570988,26.297102632944963],[50.203351113574833,26.297256861944213],[50.203129003579505,26.297291067949427],[50.203093021574979,26.29711242095015]]]},"properties":{"FID":317,"OBJECTID":1201596,"fclass":"Building","name":"Private","type":"Residential","Shape_Leng":0.00079359549641999996,"Shape_Area":3.98536740446e-08,"Road_Name":"19th Street","GlobalID":"{08652800-C3B0-462E-A4D5-29D5AEC2985E}","created_us":" ","created_da":null,"last_edite":"RASOO","last_edi_1":1769990400000,"VALIDATION":2}},{"type":"Feature","id":318,"geometry":{"type":"Polygon","coordinates":[[[50.201641977643952,26.298680748984584],[50.201855472639572,26.298650131979603],[50.201887380643825,26.298816806978927],[50.201673323648365,26.298851845983936],[50.201641977643952,26.298680748984584]]]},"properties":{"FID":318,"OBJECTID":1201598,"fclass":"Building","name":"Private","type":"Residential","Shape_Leng":0.00077623142383500003,"Shape_Area":3.7142024696099998e-08,"Road_Name":"Prince Abdulmajid Street","GlobalID":"{D4BE3B8D-15FC-4CC2-9417-BE74176BCF45}","created_us":" ","created_da":null,"last_edite":"RASOO","last_edi_1":1769990400000,"VALIDATION":2}},{"type":"Feature","id":319,"geometry":{"type":"Polygon","coordinates":[[[50.204348299565261,26.29749559992101],[50.204564694560673,26.297460209915961],[50.20458987356367,26.29757799591539],[50.204381614567886,26.297606588920281],[50.204348299565261,26.29749559992101]]]},"properties":{"FID":319,"OBJECTID":1201599,"fclass":"Building","name":"Private","type":"Commercial/Residential","Shape_Leng":0.00066581084693499997,"Shape_Area":2.5223210113500001e-08,"Road_Name":"Prince Miqren Bin Abdulaziz Street","GlobalID":"{487DACFA-A4E7-4BC0-BFFF-FB8A061F4F7F}","created_us":" ","created_da":null,"last_edite":"RASOO","last_edi_1":1769990400000,"VALIDATION":2}},{"type":"Feature","id":320,"geometry":{"type":"Polygon","coordinates":[[[50.204442225511258,26.295668993918195],[50.204420431508488,26.295561018918669],[50.204629066504246,26.295531800913786],[50.20465142650685,26.295636779913298],[50.204561394508779,26.295650643915387],[50.204563834509088,26.295664687915352],[50.204532303509772,26.295670509916093],[50.204530063509431,26.295655467916099],[50.204442225511258,26.295668993918195]]]},"properties":{"FID":320,"OBJECTID":1201603,"fclass":"Building","name":"Private","type":"Commercial/Residential","Shape_Leng":0.00066965013460000002,"Shape_Area":2.3392645479699999e-08,"Road_Name":"Prince Miqren Bin Abdulaziz Street","GlobalID":"{FC0C3BF8-2707-4EBD-A4C8-7344D3D4F2BE}","created_us":" ","created_da":null,"last_edite":"RASOO","last_edi_1":1769990400000,"VALIDATION":2}},{"type":"Feature","id":321,"geometry":{"type":"Polygon","coordinates":[[[50.203655905514658,26.295337757936416],[50.203655704514453,26.295329417936461],[50.203695505513615,26.295322587935505],[50.203708222513342,26.295320405935207],[50.203699018512275,26.295279113935418],[50.203696724512007,26.295268819935476],[50.203831904509151,26.295246134932274],[50.203854278511699,26.295346509931768],[50.203836736512038,26.295349173932198],[50.203715991514635,26.295370437935034],[50.203718962515083,26.295387417934968],[50.203667650516202,26.295398555936163],[50.203664509515818,26.295382295936228],[50.203655905514658,26.295337757936416]]]},"properties":{"FID":321,"OBJECTID":1201604,"fclass":"Building","name":"Private","type":"Residential","Shape_Leng":0.00062640164278900004,"Shape_Area":1.7864845773400001e-08,"Road_Name":"Prince Mamdouh Street","GlobalID":"{97E983F8-7CBE-4ACE-85CA-6E2478494EB7}","created_us":" ","created_da":null,"last_edite":"RASOO","last_edi_1":1769990400000,"VALIDATION":2}},{"type":"Feature","id":322,"geometry":{"type":"Polygon","coordinates":[[[50.207637436491325,26.296808787843965],[50.207924716485238,26.296761649837229],[50.207946351487962,26.296869383836796],[50.207663151494081,26.296920124843414],[50.207656733493408,26.296892336843552],[50.207624031494085,26.296897199844334],[50.20761211049259,26.296838917844589],[50.20764333549193,26.296834326843868],[50.207637436491325,26.296808787843965]]]},"properties":{"FID":322,"OBJECTID":1201605,"fclass":"Building","name":"Private","type":"Residential","Shape_Leng":0.00086755815043899995,"Shape_Area":3.4320921309199999e-08,"Road_Name":"Prince Abdul Mohshin Street","GlobalID":"{E74D6161-92EE-48D8-B520-771E0F203098}","created_us":" ","created_da":null,"last_edite":"RASOO","last_edi_1":1769990400000,"VALIDATION":2}},{"type":"Feature","id":323,"geometry":{"type":"Polygon","coordinates":[[[50.205687535465529,26.294791932888835],[50.205848851462044,26.294763529885017],[50.205851453462529,26.294781830884983],[50.205835944462812,26.294784275885338],[50.205848452464679,26.294856175885105],[50.205881797463995,26.294851278884323],[50.205886405463893,26.29485060188421],[50.20589038246451,26.294874146884101],[50.205755406467382,26.294895710887264],[50.205753206466952,26.294880651887301],[50.205705199467978,26.294888397888418],[50.205687535465529,26.294791932888835]]]},"properties":{"FID":323,"OBJECTID":1201606,"fclass":"Building","name":"Private","type":"Commercial/Residential","Shape_Leng":0.00063180485305699995,"Shape_Area":1.7297850976599999e-08,"Road_Name":"16th Street","GlobalID":"{632E6FD6-1476-4000-8154-014BE44D825A}","created_us":" ","created_da":null,"last_edite":"RASOO","last_edi_1":1769990400000,"VALIDATION":2}},{"type":"Feature","id":324,"geometry":{"type":"Polygon","coordinates":[[[50.201721899605793,26.297399099982265],[50.20179389960451,26.297393799980593],[50.201786661603684,26.297361645980747],[50.201916661600762,26.297334370977726],[50.201921353602017,26.297380982977643],[50.201891199602677,26.297386699978304],[50.201902584604845,26.297468574978112],[50.201864399605661,26.297475199978965],[50.201869111606271,26.297500170978878],[50.201817181607382,26.297508304980077],[50.20181374060688,26.297488908980185],[50.201752113608123,26.297497667981602],[50.201746795606773,26.297447302981709],[50.201730215607114,26.297449805982126],[50.201721899605793,26.297399099982265]]]},"properties":{"FID":324,"OBJECTID":1201607,"fclass":"Building","name":"Private","type":"Residential","Shape_Leng":0.00071565709633300003,"Shape_Area":2.14771264223e-08,"Road_Name":"19th Street","GlobalID":"{0E64D6B0-77C2-4DF3-82E4-E038DF576F06}","created_us":" ","created_da":null,"last_edite":"RASOO","last_edi_1":1769990400000,"VALIDATION":2}},{"type":"Feature","id":325,"geometry":{"type":"Polygon","coordinates":[[[50.20197215555477,26.295766765975902],[50.202145436551056,26.295736735971843],[50.202166944553753,26.295843869971385],[50.201989199557623,26.295875522975503],[50.20197215555477,26.295766765975902]]]},"properties":{"FID":325,"OBJECTID":1201608,"fclass":"Building","name":"Private","type":"Residential","Shape_Leng":0.00057576134596400001,"Shape_Area":1.9540339291900002e-08,"Road_Name":"Prince Mashhour Street","GlobalID":"{9733E9E6-E2DB-47D2-8A9D-1863534AF325}","created_us":" ","created_da":null,"last_edite":"RASOO","last_edi_1":1769990400000,"VALIDATION":2}},{"type":"Feature","id":326,"geometry":{"type":"Polygon","coordinates":[[[50.201836101586863,26.296805213979404],[50.201875142586033,26.296799507978541],[50.201885353587407,26.296852663978292],[50.201844099588243,26.296857899979248],[50.201836101586863,26.296805213979404]]]},"properties":{"FID":326,"OBJECTID":1201610,"fclass":"Building","name":"Private","type":"Residential","Shape_Leng":0.00018845819308699999,"Shape_Area":2.1744565658600001e-09,"Road_Name":"Prince Mashhour Street","GlobalID":"{E3447305-2B8E-459B-BCD1-6656CF8324E7}","created_us":" ","created_da":null,"last_edite":"RASOO","last_edi_1":1769990400000,"VALIDATION":2}},{"type":"Feature","id":327,"geometry":{"type":"Polygon","coordinates":[[[50.203294233613846,26.298581310945973],[50.203343733612755,26.29857176394481],[50.203372726616195,26.298708242944183],[50.203318878617317,26.298716762945443],[50.203294233613846,26.298581310945973]]]},"properties":{"FID":327,"OBJECTID":1201614,"fclass":"Building","name":"Private","type":"Residential","Shape_Leng":0.00038213048734900003,"Shape_Area":7.2681506816999998e-09,"Road_Name":"Prince Hathool Street","GlobalID":"{7179D6ED-15B3-4BF2-A6FA-DA0972745B4D}","created_us":" ","created_da":null,"last_edite":"RASOO","last_edi_1":1769990400000,"VALIDATION":2}},{"type":"Feature","id":328,"geometry":{"type":"Polygon","coordinates":[[[50.202425558577836,26.296829747965692],[50.202657659572523,26.296777984960197],[50.202681399575816,26.296905847959739],[50.202468019580415,26.296942975964715],[50.202453217578807,26.296878662965028],[50.202438753579074,26.296879837965392],[50.202425558577836,26.296829747965692]]]},"properties":{"FID":328,"OBJECTID":1201616,"fclass":"Building","name":"Private","type":"Residential","Shape_Leng":0.00071674212772100004,"Shape_Area":2.8164139442100001e-08,"Road_Name":"Prince Hathool Street","GlobalID":"{AAC9A6E7-A97F-48AA-9998-50C4747225E3}","created_us":" ","created_da":null,"last_edite":"RASOO","last_edi_1":1769990400000,"VALIDATION":2}},{"type":"Feature","id":329,"geometry":{"type":"Polygon","coordinates":[[[50.2073830384304,26.294542762849144],[50.207386682430965,26.294563632849083],[50.207419976430224,26.294557462848299],[50.207417904429931,26.294546920848294],[50.207405009428264,26.294481329848626],[50.20744614142739,26.294473696847671],[50.20744529342722,26.294467547847677],[50.207489181426304,26.29446139984665],[50.207490241426505,26.294469244846603],[50.207545154425297,26.294459279845313],[50.207552787426202,26.294495110845137],[50.207541126426484,26.29449723084544],[50.207544028426774,26.294508636845375],[50.207759022422394,26.294480853840334],[50.207813312429124,26.294744823839157],[50.207212117441834,26.294842069853214],[50.207164786434937,26.294575579854225],[50.2073830384304,26.294542762849144]]]},"properties":{"FID":329,"OBJECTID":1201618,"fclass":"Building","name":"Private","type":"Commercial","Shape_Leng":0.00193562944768,"Shape_Area":1.71051956683e-07,"Road_Name":"16th Street","GlobalID":"{509E4CEC-71DF-42B4-9342-287726B96803}","created_us":" ","created_da":null,"last_edite":"RASOO","last_edi_1":1769990400000,"VALIDATION":2}},{"type":"Feature","id":330,"geometry":{"type":"Polygon","coordinates":[[[50.201949517545117,26.295418306976309],[50.201992681544198,26.295410013975285],[50.201991133543984,26.29540202197532],[50.202100998541759,26.295387208972745],[50.202131751545906,26.295549924972107],[50.201942587549894,26.295579985976492],[50.201925723547205,26.295475871976898],[50.201952231545633,26.295437907976272],[50.201949517545117,26.295418306976309]]]},"properties":{"FID":330,"OBJECTID":1201619,"fclass":"Building","name":"Private","type":"Residential","Shape_Leng":0.000691649035478,"Shape_Area":2.9810299677999998e-08,"Road_Name":"16th Street","GlobalID":"{D4CFFB60-8878-4201-A2BD-A7BF54759E98}","created_us":" ","created_da":null,"last_edite":"RASOO","last_edi_1":1769990400000,"VALIDATION":2}},{"type":"Feature","id":331,"geometry":{"type":"Polygon","coordinates":[[[50.204179086574008,26.297702417925013],[50.204138786574873,26.297708583925946],[50.204134946574008,26.297677430926022],[50.204173557573277,26.297672518925104],[50.204338238569953,26.297651568921307],[50.204356810572747,26.297760000920896],[50.204194027576087,26.297783215924689],[50.204179086574008,26.297702417925013]]]},"properties":{"FID":331,"OBJECTID":1201621,"fclass":"Building","name":"Private","type":"Residential","Shape_Leng":0.00063369703508200004,"Shape_Area":1.9600647647199999e-08,"Road_Name":"20th Street","GlobalID":"{2ACAD942-FD83-4C15-8FF1-9011E76F6529}","created_us":" ","created_da":null,"last_edite":"RASOO","last_edi_1":1769990400000,"VALIDATION":2}},{"type":"Feature","id":332,"geometry":{"type":"Polygon","coordinates":[[[50.202209917585662,26.296978580970745],[50.202224509585378,26.296976399970379],[50.202203000582728,26.296872559970907],[50.202404999578597,26.296844199966138],[50.202469299584834,26.297097462964761],[50.202244872589553,26.297132384970006],[50.202209917585662,26.296978580970745]]]},"properties":{"FID":332,"OBJECTID":1201622,"fclass":"Building","name":"Private","type":"Residential","Shape_Leng":0.00097093030729699997,"Shape_Area":5.69181886937e-08,"Road_Name":"19th Street","GlobalID":"{789E2A74-9751-436A-8221-556C79766CCB}","created_us":" ","created_da":null,"last_edite":"RASOO","last_edi_1":1769990400000,"VALIDATION":2}},{"type":"Feature","id":333,"geometry":{"type":"Polygon","coordinates":[[[50.203798038578988,26.297657312933879],[50.203880384577339,26.297647204931973],[50.203878838577033,26.297634885932002],[50.203886466576876,26.297633722931842],[50.203918793576186,26.297628797931043],[50.20390922157501,26.297583289931293],[50.20396332657392,26.297575560930021],[50.203984730576735,26.297686148929539],[50.203807253580521,26.297714687933709],[50.203798038578988,26.297657312933879]]]},"properties":{"FID":333,"OBJECTID":1201625,"fclass":"Building","name":"Private","type":"Residential","Shape_Leng":0.00058746143327899998,"Shape_Area":1.36129886218e-08,"Road_Name":"Prince Mamdouh Street","GlobalID":"{B807D5A2-A604-45B2-89D1-4AE6C50B2879}","created_us":" ","created_da":null,"last_edite":"RASOO","last_edi_1":1769990400000,"VALIDATION":2}},{"type":"Feature","id":334,"geometry":{"type":"Polygon","coordinates":[[[50.202665341557164,26.296248298959856],[50.202688629555944,26.296218651959336],[50.202882043551924,26.29618878495479],[50.20288412955221,26.296199872954737],[50.202900716554474,26.296288033954404],[50.202880720554788,26.296289312954872],[50.202885948556151,26.296339182954767],[50.202795390557995,26.296352060956892],[50.202800557558753,26.296379961956735],[50.202686539561171,26.296399596959404],[50.202678862560148,26.296359074959614],[50.202678138560032,26.296355253959625],[50.20265932655748,26.296255955960014],[50.202665341557164,26.296248298959856]]]},"properties":{"FID":334,"OBJECTID":1201626,"fclass":"Building","name":"Private","type":"Residential","Shape_Leng":0.00079605061666100001,"Shape_Area":3.60911909649e-08,"Road_Name":"17th Street","GlobalID":"{88B4F818-CB20-4357-9294-08D249582888}","created_us":" ","created_da":null,"last_edite":"RASOO","last_edi_1":1769990400000,"VALIDATION":2}},{"type":"Feature","id":335,"geometry":{"type":"Polygon","coordinates":[[[50.200921099575062,26.295869500000475],[50.201034499572678,26.295852599997826],[50.201048599574676,26.295928599997506],[50.200935199576996,26.295945500000148],[50.200921099575062,26.295869500000475]]]},"properties":{"FID":335,"OBJECTID":1201627,"fclass":"Building","name":"Private","type":"Residential","Shape_Leng":0.00038389856562399998,"Shape_Area":8.8566899979900007e-09,"Road_Name":"Prince Sattam Street","GlobalID":"{8D5F5AD0-FA95-4EFD-BBF8-9CBFBDE55FE2}","created_us":" ","created_da":null,"last_edite":"RASOO","last_edi_1":1769990400000,"VALIDATION":2}},{"type":"Feature","id":336,"geometry":{"type":"Polygon","coordinates":[[[50.201781550613916,26.297715708981023],[50.201968975610022,26.297688229976604],[50.201999625613546,26.297826683975941],[50.201807268617742,26.297862618980481],[50.201790358615277,26.297767144980799],[50.201781550613916,26.297715708981023]]]},"properties":{"FID":336,"OBJECTID":1201630,"fclass":"Building","name":"Private","type":"Residential","Shape_Leng":0.00067606410323300004,"Shape_Area":2.80020816367e-08,"Road_Name":"Prince Abdulmajid Street","GlobalID":"{4378E0DD-F584-46B2-B397-D7EB48B80D63}","created_us":" ","created_da":null,"last_edite":"RASOO","last_edi_1":1769990400000,"VALIDATION":2}},{"type":"Feature","id":337,"geometry":{"type":"Polygon","coordinates":[[[50.203749433541326,26.296318248934575],[50.203771264544706,26.296448772934099],[50.20354599354949,26.2964854869394],[50.203524148546215,26.296358659939838],[50.203749433541326,26.296318248934575]]]},"properties":{"FID":337,"OBJECTID":1201634,"fclass":"Building","name":"Private","type":"Residential","Shape_Leng":0.00071815553918900003,"Shape_Area":2.98298871637e-08,"Road_Name":"Prince Mamdouh Street","GlobalID":"{BF62B624-9C26-4802-A232-EF2DAEC7E865}","created_us":" ","created_da":null,"last_edite":"RASOO","last_edi_1":1769990400000,"VALIDATION":2}},{"type":"Feature","id":338,"geometry":{"type":"Polygon","coordinates":[[[50.202968011552926,26.296272637952789],[50.202954958553171,26.296275095953128],[50.20294041055157,26.296211384953452],[50.20294918955139,26.296208876953223],[50.202941162550495,26.296174763953434],[50.203079621547587,26.296151938950153],[50.203106995547877,26.296177670949515],[50.203113542548891,26.296216289949392],[50.203079229549608,26.296221951950216],[50.203093299551455,26.296293744949882],[50.202974817553915,26.296311534952661],[50.202968011552926,26.296272637952789]]]},"properties":{"FID":338,"OBJECTID":1201635,"fclass":"Building","name":"Private","type":"Residential","Shape_Leng":0.00060710932272599999,"Shape_Area":2.0126066785200001e-08,"Road_Name":"17th Street","GlobalID":"{1EEA0C57-279A-4C42-92A1-A652AD9C8D1E}","created_us":" ","created_da":null,"last_edite":"RASOO","last_edi_1":1769990400000,"VALIDATION":2}},{"type":"Feature","id":339,"geometry":{"type":"Polygon","coordinates":[[[50.203776951517426,26.295503381933674],[50.203755129517894,26.295507352934148],[50.203752995517625,26.295496683934243],[50.203717574518379,26.295500524935026],[50.203708494516349,26.295426393935209],[50.203750097515474,26.295419576934254],[50.203748596515162,26.295407306934269],[50.20384003851327,26.295394694932153],[50.203845254514015,26.295422421932017],[50.203892677513011,26.295416177930939],[50.203912099515072,26.295497751930494],[50.203782455517882,26.295522029933537],[50.203776951517426,26.295503381933674]]]},"properties":{"FID":339,"OBJECTID":1201636,"fclass":"Building","name":"Private","type":"Residential","Shape_Leng":0.00060144209868300002,"Shape_Area":1.83590599255e-08,"Road_Name":"Prince Mamdouh Street","GlobalID":"{ABE2937B-6896-455E-9EC3-C276094D0EFA}","created_us":" ","created_da":null,"last_edite":"RASOO","last_edi_1":1769990400000,"VALIDATION":2}},{"type":"Feature","id":340,"geometry":{"type":"Polygon","coordinates":[[[50.207736181504231,26.297314450841835],[50.207899990500657,26.297283542838024],[50.207926040503487,26.297397900837417],[50.20775737450704,26.297424392841378],[50.207736181504231,26.297314450841835]]]},"properties":{"FID":340,"OBJECTID":1201645,"fclass":"Building","name":"Private","type":"Residential","Shape_Leng":0.00056668674703900005,"Shape_Area":1.93214726708e-08,"Road_Name":"20th Street","GlobalID":"{92ABEACD-F9A3-454C-82A3-00E2A1E1AEA0}","created_us":" ","created_da":null,"last_edite":"RASOO","last_edi_1":1769990400000,"VALIDATION":2}},{"type":"Feature","id":341,"geometry":{"type":"Polygon","coordinates":[[[50.204729499512972,26.295893199911546],[50.204818299511089,26.29587989990949],[50.204839299513985,26.295992599909027],[50.204750499515818,26.296005899911076],[50.204729499512972,26.295893199911546]]]},"properties":{"FID":341,"OBJECTID":1201647,"fclass":"Building","name":"Private","type":"Residential","Shape_Leng":0.00040886061117899997,"Shape_Area":1.02870599966e-08,"Road_Name":"17th Street","GlobalID":"{B55EDE13-9ADD-4035-BC08-22485B30C990}","created_us":" ","created_da":null,"last_edite":"RASOO","last_edi_1":1769990400000,"VALIDATION":2}},{"type":"Feature","id":342,"geometry":{"type":"Polygon","coordinates":[[[50.202683546600845,26.297778665959992],[50.202704691600374,26.297773965959465],[50.202701364599683,26.297747978959521],[50.202745415598812,26.297742286958485],[50.202742940598348,26.29772570595858],[50.202797632597168,26.297716054957267],[50.20279986059785,26.297740059957242],[50.202812753597925,26.297749944956927],[50.202790951598921,26.297773561957456],[50.202794460599364,26.297790829957403],[50.202800618600151,26.297821123957267],[50.202775093600692,26.297825712957817],[50.202767688601242,26.297839050958036],[50.202694683602665,26.297848454959706],[50.202683546600845,26.297778665959992]]]},"properties":{"FID":342,"OBJECTID":1201648,"fclass":"Building","name":"Private","type":"Residential","Shape_Leng":0.00047107988922600002,"Shape_Area":1.11956902478e-08,"Road_Name":"Prince Hathool Street","GlobalID":"{8B7402EA-8223-462E-BB15-020E8D16C6B2}","created_us":" ","created_da":null,"last_edite":"RASOO","last_edi_1":1769990400000,"VALIDATION":2}},{"type":"Feature","id":343,"geometry":{"type":"Polygon","coordinates":[[[50.202227938635275,26.298714492970923],[50.202374156632331,26.298696046967489],[50.202387203633755,26.298754083967236],[50.202368307634188,26.298757232967635],[50.202372806634713,26.298777928967564],[50.20230127263617,26.29878827696923],[50.202300143635547,26.298766038969262],[50.202236486636849,26.298774779970742],[50.202227938635275,26.298714492970923]]]},"properties":{"FID":343,"OBJECTID":1201650,"fclass":"Building","name":"Private","type":"Residential","Shape_Leng":0.00046688786673499999,"Shape_Area":1.05454893872e-08,"Road_Name":"Prince Mashhour Street","GlobalID":"{28823707-F07A-4B7C-8947-43CEFFCAF5AB}","created_us":" ","created_da":null,"last_edite":"RASOO","last_edi_1":1769990400000,"VALIDATION":2}},{"type":"Feature","id":344,"geometry":{"type":"Polygon","coordinates":[[[50.200618556634801,26.297774104008202],[50.200812366630693,26.297742400003635],[50.200812468630701,26.297742970003615],[50.200827840630375,26.297740438003263],[50.200859722634199,26.297892419002608],[50.200656528638554,26.297926965007363],[50.200618556634801,26.297774104008202]]]},"properties":{"FID":344,"OBJECTID":1201652,"fclass":"Building","name":"Private","type":"Commercial","Shape_Leng":0.00073144966511799997,"Shape_Area":3.2677030971200002e-08,"Road_Name":"Al Amir Humud Bin Abdulaziz Street","GlobalID":"{A1E49F76-B406-479B-AE4D-2276A6C878DA}","created_us":" ","created_da":null,"last_edite":"RASOO","last_edi_1":1769990400000,"VALIDATION":3}},{"type":"Feature","id":345,"geometry":{"type":"Polygon","coordinates":[[[50.20167499956586,26.295981899982884],[50.201871399561476,26.295941999978286],[50.201897999564075,26.296047199977721],[50.201701599568452,26.296087099982312],[50.20167499956586,26.295981899982884]]]},"properties":{"FID":345,"OBJECTID":1201655,"fclass":"Building","name":"Private","type":"Residential","Shape_Leng":0.00061784565918499999,"Shape_Area":2.1722620000899999e-08,"Road_Name":"Prince Mashhour Street","GlobalID":"{C18E63CF-F85C-4143-B1F4-DB97A3A345AB}","created_us":" ","created_da":null,"last_edite":"RASOO","last_edi_1":1769990400000,"VALIDATION":2}},{"type":"Feature","id":346,"geometry":{"type":"Polygon","coordinates":[[[50.202849656545332,26.295942045955492],[50.202992400542279,26.295917393952109],[50.203019164546099,26.296065874951523],[50.202876712549248,26.296092989954882],[50.202849656545332,26.295942045955492]]]},"properties":{"FID":346,"OBJECTID":1201657,"fclass":"Building","name":"Private","type":"Residential","Shape_Leng":0.00059409022074400004,"Shape_Area":2.2045228058900001e-08,"Road_Name":"17th Street","GlobalID":"{4BB93C37-3AAC-4DE3-A0B8-823AC57A96DE}","created_us":" ","created_da":null,"last_edite":"RASOO","last_edi_1":1769990400000,"VALIDATION":2}},{"type":"Feature","id":347,"geometry":{"type":"Polygon","coordinates":[[[50.20730228550196,26.296986997851846],[50.207541959497036,26.296952967846238],[50.207567806500393,26.297083654845711],[50.207330044505319,26.297120350851269],[50.20730228550196,26.296986997851846]]]},"properties":{"FID":347,"OBJECTID":1201664,"fclass":"Building","name":"Private","type":"Residential","Shape_Leng":0.00075208497097699995,"Shape_Area":3.2463384856999998e-08,"Road_Name":"Prince Abdul Mohshin Street","GlobalID":"{B97F85FB-9A7D-498B-AE90-E2A33B8AA111}","created_us":" ","created_da":null,"last_edite":"RASOO","last_edi_1":1769990400000,"VALIDATION":2}},{"type":"Feature","id":348,"geometry":{"type":"Polygon","coordinates":[[[50.202585965596271,26.297562682962166],[50.202798991591798,26.297529850957201],[50.202823806595106,26.297658505956623],[50.202616125599526,26.297693246961519],[50.202585965596271,26.297562682962166]]]},"properties":{"FID":348,"OBJECTID":1201666,"fclass":"Building","name":"Private","type":"Residential","Shape_Leng":0.00069113640324199998,"Shape_Area":2.8192518375400001e-08,"Road_Name":"Prince Hathool Street","GlobalID":"{ED60AEE0-1775-433F-8133-8DD77C98086D}","created_us":" ","created_da":null,"last_edite":"RASOO","last_edi_1":1769990400000,"VALIDATION":2}},{"type":"Feature","id":349,"geometry":{"type":"Polygon","coordinates":[[[50.206998829497167,26.296644777858813],[50.207210162492437,26.296602496853879],[50.207236312495596,26.296727941853302],[50.207019698500119,26.296761158858377],[50.206998829497167,26.296644777858813]]]},"properties":{"FID":349,"OBJECTID":1201667,"fclass":"Building","name":"Private","type":"Residential","Shape_Leng":0.00068104597388599997,"Shape_Area":2.67596379175e-08,"Road_Name":"Prince Abdul Rahman Street","GlobalID":"{A4125DDD-910E-4BFF-BAD6-5FF0B400340E}","created_us":" ","created_da":null,"last_edite":"RASOO","last_edi_1":1769990400000,"VALIDATION":2}},{"type":"Feature","id":350,"geometry":{"type":"Polygon","coordinates":[[[50.202631758594833,26.297537972961091],[50.202620570593204,26.297475820961331],[50.202618877593231,26.297476114961395],[50.202589690593761,26.297477568962034],[50.202583599592423,26.297426999962166],[50.202745548589284,26.297410313958405],[50.202757148591559,26.297496022958128],[50.202795799590625,26.29748757195723],[50.202803296591455,26.297520259957103],[50.202761965592387,26.297528028958052],[50.202760006592058,26.297517139958089],[50.202631758594833,26.297537972961091]]]},"properties":{"FID":350,"OBJECTID":1201668,"fclass":"Building","name":"Private","type":"Residential","Shape_Leng":0.00065047227365999996,"Shape_Area":1.7650494663400001e-08,"Road_Name":"Prince Hathool Street","GlobalID":"{13B97EE1-7179-4156-A989-361C91B87F6B}","created_us":" ","created_da":null,"last_edite":"RASOO","last_edi_1":1769990400000,"VALIDATION":2}},{"type":"Feature","id":351,"geometry":{"type":"Polygon","coordinates":[[[50.204658248503762,26.295531800913107],[50.204863659499338,26.295496933908293],[50.204884882502078,26.295603428907825],[50.204677576506526,26.295639053912691],[50.204658248503762,26.295531800913107]]]},"properties":{"FID":351,"OBJECTID":1201670,"fclass":"Building","name":"Private","type":"Residential","Shape_Leng":0.00063626372120499999,"Shape_Area":2.2768988602999999e-08,"Road_Name":"Prince Ahmad Street","GlobalID":"{17589571-2298-4790-A814-73F08ED4998F}","created_us":" ","created_da":null,"last_edite":"RASOO","last_edi_1":1769990400000,"VALIDATION":2}},{"type":"Feature","id":352,"geometry":{"type":"Polygon","coordinates":[[[50.202626167546704,26.29586177496067],[50.202795085543215,26.295835515956682],[50.202811713545685,26.295932291956358],[50.202770394546512,26.295937415957301],[50.202772510547028,26.295955671957287],[50.202706055548376,26.295965296958805],[50.202705335548146,26.295957011958834],[50.202656736549166,26.295963282959992],[50.202652425547953,26.295920562960063],[50.202635912548295,26.29592257896045],[50.202626167546704,26.29586177496067]]]},"properties":{"FID":352,"OBJECTID":1201671,"fclass":"Building","name":"Private","type":"Residential","Shape_Leng":0.00057477377282999997,"Shape_Area":1.77313229248e-08,"Road_Name":"Prince Hathool Street","GlobalID":"{E69F0B63-AB15-4603-90A6-AB5D231575F0}","created_us":" ","created_da":null,"last_edite":"RASOO","last_edi_1":1769990400000,"VALIDATION":2}},{"type":"Feature","id":353,"geometry":{"type":"Polygon","coordinates":[[[50.200763729569893,26.295600046004033],[50.2009762965655,26.295569075999097],[50.201031667572018,26.295826220997874],[50.200829423576145,26.295855314002633],[50.200795637571666,26.29568028600335],[50.200781091571905,26.295680286003687],[50.200763729569893,26.295600046004033]]]},"properties":{"FID":353,"OBJECTID":1201672,"fclass":"Building","name":"Private","type":"Residential","Shape_Leng":0.000957077964893,"Shape_Area":5.4103202147900002e-08,"Road_Name":"16th Street","GlobalID":"{C07A9A56-10F3-44CD-A105-C31967AFE4A0}","created_us":" ","created_da":null,"last_edite":"RASOO","last_edi_1":1769990400000,"VALIDATION":2}},{"type":"Feature","id":354,"geometry":{"type":"Polygon","coordinates":[[[50.205685662500869,26.29602203088924],[50.205874205496755,26.295985867884831],[50.20589553249944,26.29609281188441],[50.205849739500479,26.296101640885439],[50.205843297499648,26.296070248885606],[50.205819496500176,26.296074884886199],[50.205825309501023,26.296106351886042],[50.205706371503616,26.296129284888806],[50.205697887502517,26.296085349889033],[50.205755206501308,26.296075502887689],[50.205742224500128,26.29602883088798],[50.205730170500424,26.296030994888238],[50.205735115501454,26.29606963088813],[50.205696017502277,26.296075662889027],[50.205685662500869,26.29602203088924]]]},"properties":{"FID":354,"OBJECTID":1201673,"fclass":"Building","name":"Private","type":"Residential","Shape_Leng":0.00085381867336899999,"Shape_Area":1.9071478345799999e-08,"Road_Name":"Prince Mashari Street","GlobalID":"{AB6895CC-2920-4EC1-AF19-DD358C512082}","created_us":" ","created_da":null,"last_edite":"RASOO","last_edi_1":1769990400000,"VALIDATION":2}},{"type":"Feature","id":355,"geometry":{"type":"Polygon","coordinates":[[[50.203689090567437,26.297192931936287],[50.203823414564525,26.297168934933119],[50.203823810564607,26.297171404933124],[50.203825981564975,26.297184933933092],[50.203887816563693,26.297176014931662],[50.203899056564943,26.297226406931404],[50.20390743756473,26.297224471931209],[50.203917247566089,26.297275306930967],[50.203711529570256,26.297303250935791],[50.203689090567437,26.297192931936287]]]},"properties":{"FID":355,"OBJECTID":1201674,"fclass":"Building","name":"Private","type":"Residential","Shape_Leng":0.00064731911755699998,"Shape_Area":2.2556840938000001e-08,"Road_Name":"Prince Mamdouh Street","GlobalID":"{87B2B8DB-7211-443C-975B-ABF710432F2A}","created_us":" ","created_da":null,"last_edite":"RASOO","last_edi_1":1769990400000,"VALIDATION":2}},{"type":"Feature","id":356,"geometry":{"type":"Polygon","coordinates":[[[50.200816999577,26.295876800002905],[50.200912999574946,26.295861100000661],[50.200926699576669,26.295928600000348],[50.200830699578717,26.29594430000261],[50.200816999577,26.295876800002905]]]},"properties":{"FID":356,"OBJECTID":1201676,"fclass":"Building","name":"Private","type":"Residential","Shape_Leng":0.00033230319349599998,"Shape_Area":6.6950899992499998e-09,"Road_Name":"Prince Sattam Street","GlobalID":"{0E7F5CC1-DC94-419F-AB8F-0F6F4EC617C6}","created_us":" ","created_da":null,"last_edite":"RASOO","last_edi_1":1769990400000,"VALIDATION":2}},{"type":"Feature","id":357,"geometry":{"type":"Polygon","coordinates":[[[50.205477866474418,26.294981568893746],[50.205601262471738,26.294959205890891],[50.205607091472302,26.294981698890727],[50.205671293470907,26.294970375889257],[50.205686720473054,26.295054247888935],[50.205560822475732,26.295074439891838],[50.205552543474695,26.295034280892036],[50.205490571476076,26.295046196893498],[50.205477866474418,26.294981568893746]]]},"properties":{"FID":357,"OBJECTID":1201678,"fclass":"Building","name":"Private","type":"Residential","Shape_Leng":0.00059659652973700005,"Shape_Area":1.6395705941900001e-08,"Road_Name":"Prince Mashari Street","GlobalID":"{C9A3B9A9-11EE-4690-B040-44C1C8303D7B}","created_us":" ","created_da":null,"last_edite":"RASOO","last_edi_1":1769990400000,"VALIDATION":2}},{"type":"Feature","id":358,"geometry":{"type":"Polygon","coordinates":[[[50.202609314550834,26.295995168961102],[50.202835312546249,26.295964316955796],[50.202857401549203,26.296080858955325],[50.2027392445518,26.296102775958115],[50.202729963550411,26.296049599958256],[50.20262572955275,26.296071047960751],[50.202609314550834,26.295995168961102]]]},"properties":{"FID":358,"OBJECTID":1201680,"fclass":"Building","name":"Private","type":"Residential","Shape_Leng":0.00070491539134900005,"Shape_Area":2.2466364173200001e-08,"Road_Name":"17th Street","GlobalID":"{9D873487-ECBE-4E92-82D1-BE5E4B21050B}","created_us":" ","created_da":null,"last_edite":"RASOO","last_edi_1":1769990400000,"VALIDATION":2}},{"type":"Feature","id":359,"geometry":{"type":"Polygon","coordinates":[[[50.207550761452801,26.295417915845512],[50.207931401444299,26.295341933836593],[50.208039443457515,26.295863116834227],[50.207774853463235,26.295909663840455],[50.207749097459853,26.295777562840978],[50.207627891462536,26.295801913843857],[50.207550761452801,26.295417915845512]]]},"properties":{"FID":359,"OBJECTID":1201685,"fclass":"Building","name":"Private","type":"Commercial","Shape_Leng":0.0018389504478499999,"Shape_Area":1.89309248197e-07,"Road_Name":"King Abdulaziz Road","GlobalID":"{8782CBCC-1CAC-4D25-BEA2-4D3D3C5CBA31}","created_us":" ","created_da":null,"last_edite":"RASOO","last_edi_1":1769990400000,"VALIDATION":2}},{"type":"Feature","id":360,"geometry":{"type":"Polygon","coordinates":[[[50.207244792527604,26.297845782853479],[50.207447829523183,26.29780839184874],[50.207463107524561,26.297865884848381],[50.207256854528985,26.297900461853231],[50.207244792527604,26.297845782853479]]]},"properties":{"FID":360,"OBJECTID":1201688,"fclass":"Building","name":"Private","type":"Residential","Shape_Leng":0.00053106440637499999,"Shape_Area":1.1969620749399999e-08,"Road_Name":"Prince Abdul Rahman Street","GlobalID":"{69313B34-0FFE-4754-976D-AFABC2C89E65}","created_us":" ","created_da":null,"last_edite":"RASOO","last_edi_1":1769990400000,"VALIDATION":2}},{"type":"Feature","id":361,"geometry":{"type":"Polygon","coordinates":[[[50.2058408245219,26.296842502885955],[50.20607449351661,26.296792430880451],[50.206103702519613,26.296913901879815],[50.205865258524611,26.296950575885386],[50.2058408245219,26.296842502885955]]]},"properties":{"FID":361,"OBJECTID":1201690,"fclass":"Building","name":"Private","type":"Residential","Shape_Leng":0.00071595565315099997,"Shape_Area":2.8256005535300001e-08,"Road_Name":"Prince Mashari Street","GlobalID":"{BF25D062-C8AB-46C3-A031-5793973A51A2}","created_us":" ","created_da":null,"last_edite":"RASOO","last_edi_1":1769990400000,"VALIDATION":2}},{"type":"Feature","id":362,"geometry":{"type":"Polygon","coordinates":[[[50.200924679589519,26.296374767000554],[50.200962688588781,26.296371482999668],[50.20096878858984,26.296411837999553],[50.200931249590624,26.296417938000445],[50.200924679589519,26.296374767000554]]]},"properties":{"FID":362,"OBJECTID":1201691,"fclass":"Building","name":"Private","type":"Residential","Shape_Leng":0.00016066349184099999,"Shape_Area":1.60727938216e-09,"Road_Name":"17th Street","GlobalID":"{18466CA8-2B69-4F8A-A942-56991E1E53EB}","created_us":" ","created_da":null,"last_edite":"RASOO","last_edi_1":1769990400000,"VALIDATION":2}},{"type":"Feature","id":363,"geometry":{"type":"Polygon","coordinates":[[[50.206279006539475,26.297704521875964],[50.20648802053519,26.297675008871121],[50.206511821538172,26.297792495870599],[50.206293559542765,26.297828450875706],[50.206283902541564,26.297779765875887],[50.206294146541289,26.297777465875647],[50.206279006539475,26.297704521875964]]]},"properties":{"FID":363,"OBJECTID":1201692,"fclass":"Building","name":"Private","type":"Residential","Shape_Leng":0.00068679581657800001,"Shape_Area":2.6268660235e-08,"Road_Name":"Prince Methab Street","GlobalID":"{38174BC6-ED52-4EDA-8944-6A89DA7373FB}","created_us":" ","created_da":null,"last_edite":"RASOO","last_edi_1":1769990400000,"VALIDATION":2}},{"type":"Feature","id":364,"geometry":{"type":"Polygon","coordinates":[[[50.208255454497078,26.297363179829741],[50.208252067496602,26.297345037829782],[50.207960480502699,26.297391277836617],[50.207935754499978,26.297281776837163],[50.208210230494252,26.297239724830771],[50.208207404493898,26.297226160830807],[50.208325523491553,26.29721090182802],[50.208355384494872,26.297344610827388],[50.208255454497078,26.297363179829741]]]},"properties":{"FID":364,"OBJECTID":1201695,"fclass":"Building","name":"Private","type":"Commercial","Shape_Leng":0.0010752219100400001,"Shape_Area":4.7216806553500002e-08,"Road_Name":"King Abdulaziz Road","GlobalID":"{DBA4FB6D-D3B5-4C49-842B-F0A51F640CBD}","created_us":" ","created_da":null,"last_edite":"RASOO","last_edi_1":1769990400000,"VALIDATION":2}},{"type":"Feature","id":365,"geometry":{"type":"Polygon","coordinates":[[[50.20102472260379,26.29692969499839],[50.201133962601453,26.29690979999587],[50.20114109560253,26.296951843995704],[50.201239823600453,26.296935701993402],[50.201245830601948,26.296992385993288],[50.201278114601322,26.29698750599254],[50.201307019604613,26.297119644991856],[50.201068268609689,26.29715906199749],[50.20102472260379,26.29692969499839]]]},"properties":{"FID":365,"OBJECTID":1201699,"fclass":"Building","name":"Private","type":"Residential","Shape_Leng":0.00095408322209099999,"Shape_Area":4.9006673871299999e-08,"Road_Name":"Prince Sattam Street","GlobalID":"{7CAE1D02-2994-42E4-BDE8-1E17EE2EE976}","created_us":" ","created_da":null,"last_edite":"RASOO","last_edi_1":1769990400000,"VALIDATION":2}},{"type":"Feature","id":366,"geometry":{"type":"Polygon","coordinates":[[[50.202464743532524,26.295275726964238],[50.202677851528087,26.29524265895926],[50.202715207531647,26.295387792958408],[50.202497812536436,26.295429434963488],[50.202464743532524,26.295275726964238]]]},"properties":{"FID":366,"OBJECTID":1201702,"fclass":"Building","name":"Private","type":"Commercial/Residential","Shape_Leng":0.00074409511472799995,"Shape_Area":3.3478457315399998e-08,"Road_Name":"16th Street","GlobalID":"{16523B3F-84FB-4D60-AB31-A53B92AB9889}","created_us":" ","created_da":null,"last_edite":"RASOO","last_edi_1":1769990400000,"VALIDATION":2}},{"type":"Feature","id":367,"geometry":{"type":"Polygon","coordinates":[[[50.201213699592486,26.296642999993892],[50.201254999591555,26.296635699992926],[50.20124989959097,26.296612599993015],[50.20138679958805,26.296588499989852],[50.201412199590926,26.296704199989282],[50.201233899594811,26.296735599993465],[50.201213699592486,26.296642999993892]]]},"properties":{"FID":367,"OBJECTID":1201704,"fclass":"Building","name":"Private","type":"Residential","Shape_Leng":0.00059887827164699999,"Shape_Area":2.0427454998500002e-08,"Road_Name":"Prince Abdulmajid Street","GlobalID":"{6E0B76F8-D30F-466E-BCF8-0845D51950AE}","created_us":" ","created_da":null,"last_edite":"RASOO","last_edi_1":1769990400000,"VALIDATION":2}},{"type":"Feature","id":368,"geometry":{"type":"Polygon","coordinates":[[[50.203923301547562,26.296634727930623],[50.203895436544215,26.296502091931231],[50.204103342539618,26.29646297292636],[50.204127041543117,26.296596524925871],[50.203923301547562,26.296634727930623]]]},"properties":{"FID":368,"OBJECTID":1201708,"fclass":"Building","name":"Private","type":"Residential","Shape_Leng":0.00069001484218400003,"Shape_Area":2.8390564264200001e-08,"Road_Name":"Prince Mamdouh Street","GlobalID":"{C060E762-40E0-4940-B808-C826B32AFFDD}","created_us":" ","created_da":null,"last_edite":"RASOO","last_edi_1":1769990400000,"VALIDATION":2}},{"type":"Feature","id":369,"geometry":{"type":"Polygon","coordinates":[[[50.204715451506289,26.295653075911773],[50.204869242503115,26.295630812908172],[50.204892509505733,26.295734795907702],[50.204726005509087,26.295757518911564],[50.204714717507784,26.295705376911851],[50.204725328507593,26.295703481911577],[50.204715451506289,26.295653075911773]]]},"properties":{"FID":369,"OBJECTID":1201710,"fclass":"Building","name":"Private","type":"Residential","Shape_Leng":0.00054548903431900003,"Shape_Area":1.7107354765400001e-08,"Road_Name":"17th Street","GlobalID":"{ADD0438A-F9FC-4BD7-A986-C724D7B6CFF4}","created_us":" ","created_da":null,"last_edite":"RASOO","last_edi_1":1769990400000,"VALIDATION":2}},{"type":"Feature","id":370,"geometry":{"type":"Polygon","coordinates":[[[50.202285440556089,26.295992395968664],[50.202282193555696,26.295976568968694],[50.202278617555805,26.295977242968814],[50.202254192556282,26.295981844969376],[50.202246888554299,26.295906769969541],[50.202471707549734,26.295877551964278],[50.202484287552203,26.295972104964015],[50.202285440556089,26.295992395968664]]]},"properties":{"FID":370,"OBJECTID":1201711,"fclass":"Building","name":"Private","type":"Residential","Shape_Leng":0.00064205528694700001,"Shape_Area":2.06210934948e-08,"Road_Name":"Prince Hathool Street","GlobalID":"{C9E5B46C-25B8-4EF4-A9AE-2EE7A7AB6D65}","created_us":" ","created_da":null,"last_edite":"RASOO","last_edi_1":1769990400000,"VALIDATION":2}},{"type":"Feature","id":371,"geometry":{"type":"Polygon","coordinates":[[[50.204597019500099,26.295370553914488],[50.204626792503255,26.295497691913805],[50.204398642508096,26.295535210919137],[50.204376876504902,26.295410853919599],[50.204597019500099,26.295370553914488]]]},"properties":{"FID":371,"OBJECTID":1201718,"fclass":"Building","name":"Private","type":"Commercial/Residential","Shape_Leng":0.00071184075429299996,"Shape_Area":2.9188540364800001e-08,"Road_Name":"Prince Miqren Bin Abdulaziz Street","GlobalID":"{1BD91B16-10F6-4DF4-924B-2F6612D5CDB4}","created_us":" ","created_da":null,"last_edite":"RASOO","last_edi_1":1769990400000,"VALIDATION":2}},{"type":"Feature","id":372,"geometry":{"type":"Polygon","coordinates":[[[50.206309590460201,26.294963403874348],[50.206517779455822,26.294931185869476],[50.206542063458741,26.295046517868965],[50.206330853463186,26.295081055873869],[50.206309590460201,26.294963403874348]]]},"properties":{"FID":372,"OBJECTID":1201722,"fclass":"Building","name":"Private","type":"Residential","Shape_Leng":0.00066210128326400005,"Shape_Area":2.5188448034200002e-08,"Road_Name":"Prince Abdul Rahman Street","GlobalID":"{5B75F8DB-8A72-45DD-81B4-5D56C3CD773C}","created_us":" ","created_da":null,"last_edite":"RASOO","last_edi_1":1769990400000,"VALIDATION":2}},{"type":"Feature","id":373,"geometry":{"type":"Polygon","coordinates":[[[50.203299795547622,26.296279694945049],[50.203294146546405,26.29623393194516],[50.203278135546711,26.296236374945568],[50.203259067547144,26.296239282946001],[50.203250486545578,26.296181073946162],[50.203266603545266,26.296177921945802],[50.203259383544108,26.296133376945985],[50.203430320540591,26.29610875894198],[50.203460512544225,26.2962527539413],[50.203299795547622,26.296279694945049]]]},"properties":{"FID":373,"OBJECTID":1201723,"fclass":"Building","name":"Private","type":"Residential","Shape_Leng":0.00068476809362499999,"Shape_Area":2.6419469354999999e-08,"Road_Name":"17th Street","GlobalID":"{159740CD-6695-4131-949A-9D73406275E1}","created_us":" ","created_da":null,"last_edite":"RASOO","last_edi_1":1769990400000,"VALIDATION":2}},{"type":"Feature","id":374,"geometry":{"type":"Polygon","coordinates":[[[50.207322736473529,26.296008571851019],[50.20734174747718,26.296146543850629],[50.207138562481177,26.296170284855378],[50.207108349477807,26.296035405856074],[50.207220278475376,26.296014582853449],[50.207222872475711,26.296027149853394],[50.207322736473529,26.296008571851019]]]},"properties":{"FID":374,"OBJECTID":1201724,"fclass":"Building","name":"Private","type":"Residential","Shape_Leng":0.00071032308730699996,"Shape_Area":2.9184858140599999e-08,"Road_Name":"Prince Abdul Mohshin Street","GlobalID":"{F127D2F3-EAD9-4989-96E3-A907B7CFE7AE}","created_us":" ","created_da":null,"last_edite":"RASOO","last_edi_1":1769990400000,"VALIDATION":2}},{"type":"Feature","id":375,"geometry":{"type":"Polygon","coordinates":[[[50.201985601605763,26.297547877976196],[50.201998622605508,26.297547094975879],[50.201985670603939,26.297485888976158],[50.202212402599152,26.297448162970834],[50.202242455602928,26.297596993970174],[50.202004367607977,26.297636207975774],[50.201985601605763,26.297547877976196]]]},"properties":{"FID":375,"OBJECTID":1201729,"fclass":"Building","name":"Private","type":"Residential","Shape_Leng":0.00078888724123299999,"Shape_Area":3.5881569802399997e-08,"Road_Name":"Prince Mashhour Street","GlobalID":"{23A08049-9F81-4143-A73C-1F0AEA328147}","created_us":" ","created_da":null,"last_edite":"RASOO","last_edi_1":1769990400000,"VALIDATION":2}},{"type":"Feature","id":376,"geometry":{"type":"Polygon","coordinates":[[[50.202806904562834,26.296527119956636],[50.202808824563135,26.296537037956632],[50.202720641564987,26.296550815958682],[50.202717196564159,26.296520158958728],[50.202727533564016,26.296521398958514],[50.202734420563907,26.296522225958356],[50.202745735560896,26.29642415895805],[50.202747854560378,26.296405796957995],[50.202779200559966,26.296410963957257],[50.202781267559594,26.296397874957208],[50.20281399155926,26.296405796956446],[50.202818469558679,26.296388229956353],[50.202898729557937,26.296408207954446],[50.202874272560337,26.296477445955077],[50.202894940560256,26.296487090954578],[50.202883403561216,26.296513046954857],[50.202806904562834,26.296527119956636]]]},"properties":{"FID":376,"OBJECTID":1201731,"fclass":"Building","name":"Private","type":"Residential","Shape_Leng":0.00064670675637400004,"Shape_Area":1.9470014054399999e-08,"Road_Name":"Prince Hathool Street","GlobalID":"{C80DB38F-F3BD-435E-A8B7-55DB1A43D220}","created_us":" ","created_da":null,"last_edite":"RASOO","last_edi_1":1769990400000,"VALIDATION":2}},{"type":"Feature","id":377,"geometry":{"type":"Polygon","coordinates":[[[50.204197969547089,26.296776698924251],[50.204314069544679,26.29675889892156],[50.204317169545114,26.296775298921492],[50.20442406954286,26.296758898919006],[50.204481569550609,26.297060298917714],[50.204258669555216,26.297094498922942],[50.204197969547089,26.296776698924251]]]},"properties":{"FID":377,"OBJECTID":1201733,"fclass":"Building","name":"Private","type":"Commercial/Residential","Shape_Leng":0.0010981868574000001,"Shape_Area":7.1118800003300006e-08,"Road_Name":"Prince Miqren Bin Abdulxziz Street","GlobalID":"{6021F9C1-34EC-45C1-A541-25C43004E98B}","created_us":" ","created_da":null,"last_edite":"RASOO","last_edi_1":1769990400000,"VALIDATION":2}},{"type":"Feature","id":378,"geometry":{"type":"Polygon","coordinates":[[[50.205920439531859,26.29723502088417],[50.206156999526705,26.297190499878688],[50.206169899528078,26.297245699878367],[50.206144199528666,26.297250599878996],[50.206161199530406,26.297322899878623],[50.205947847535086,26.297363087883635],[50.205920439531859,26.29723502088417]]]},"properties":{"FID":378,"OBJECTID":1201735,"fclass":"Building","name":"Private","type":"Residential","Shape_Leng":0.00074590600128800004,"Shape_Area":2.9733532749500002e-08,"Road_Name":"Prince Mashari Street","GlobalID":"{71C2211D-083A-4C52-A486-70A4F9277429}","created_us":" ","created_da":null,"last_edite":"RASOO","last_edi_1":1769990400000,"VALIDATION":2}},{"type":"Feature","id":379,"geometry":{"type":"Polygon","coordinates":[[[50.204669855531819,26.29651586391315],[50.20505535552352,26.296448356904143],[50.205160761537073,26.296980714901842],[50.204775260545404,26.297048813910894],[50.204669855531819,26.29651586391315]]]},"properties":{"FID":379,"OBJECTID":1201736,"fclass":"Building","name":"Panda","type":"Commercial","Shape_Leng":0.0018688019123600001,"Shape_Area":2.12485192442e-07,"Road_Name":"19th Street","GlobalID":"{7B842247-6C91-4521-BFEC-161052F55B92}","created_us":" ","created_da":null,"last_edite":"RASOO","last_edi_1":1769990400000,"VALIDATION":2}},{"type":"Feature","id":380,"geometry":{"type":"Polygon","coordinates":[[[50.201187925587959,26.296472369994422],[50.201350283584517,26.296445622990628],[50.201380784584714,26.296468615989934],[50.201393454587127,26.296560587989678],[50.201208103590901,26.296586396994034],[50.201187925587959,26.296472369994422]]]},"properties":{"FID":380,"OBJECTID":1201740,"fclass":"Building","name":"Private","type":"Residential","Shape_Leng":0.00059852154740900004,"Shape_Area":2.1994945684499999e-08,"Road_Name":"17th Street","GlobalID":"{7213DDDB-3FB4-4FD3-A8D8-AFD01BBAB110}","created_us":" ","created_da":null,"last_edite":"RASOO","last_edi_1":1769990400000,"VALIDATION":2}},{"type":"Feature","id":381,"geometry":{"type":"Polygon","coordinates":[[[50.204550378518185,26.295972412915745],[50.204507411519096,26.295980141916754],[50.204503242518264,26.295947548916832],[50.204520296517813,26.295943379916459],[50.204519159517154,26.295918745916477],[50.204537691516776,26.295915688916043],[50.204703401513228,26.295888355912165],[50.204730999516364,26.296012199911551],[50.204565112519823,26.296038288915426],[50.204550378518185,26.295972412915745]]]},"properties":{"FID":381,"OBJECTID":1201741,"fclass":"Building","name":"Private","type":"Commercial/Residential","Shape_Leng":0.00066777448060099996,"Shape_Area":2.3090434855299998e-08,"Road_Name":"17th Street","GlobalID":"{2728113E-6058-420E-BE6F-A876E6CC99F9}","created_us":" ","created_da":null,"last_edite":"RASOO","last_edi_1":1769990400000,"VALIDATION":2}},{"type":"Feature","id":382,"geometry":{"type":"Polygon","coordinates":[[[50.208069291457861,26.295892543833574],[50.208121723464892,26.296166432832454],[50.207805948471723,26.296222827839859],[50.207756050464624,26.295948783840906],[50.208069291457861,26.295892543833574]]]},"properties":{"FID":382,"OBJECTID":1201743,"fclass":"Building","name":"Private","type":"Commercial/Residential","Shape_Leng":0.0011964332045900001,"Shape_Area":8.9046140881800004e-08,"Road_Name":"King Abdulaziz Road","GlobalID":"{72454256-A095-458E-AAC3-F835827C7C2D}","created_us":" ","created_da":null,"last_edite":"RASOO","last_edi_1":1769990400000,"VALIDATION":2}},{"type":"Feature","id":383,"geometry":{"type":"Polygon","coordinates":[[[50.205545395484386,26.295367988892348],[50.20577440347946,26.29532724088698],[50.205804150482471,26.295449893886335],[50.205567399487506,26.295488605891872],[50.205545395484386,26.295367988892348]]]},"properties":{"FID":383,"OBJECTID":1201752,"fclass":"Building","name":"Private","type":"Residential","Shape_Leng":0.00072131642240699995,"Shape_Area":2.93543315978e-08,"Road_Name":"Prince Mashari Street","GlobalID":"{6B9A38C3-E605-41CD-8B18-F95BA5A0AFC1}","created_us":" ","created_da":null,"last_edite":"RASOO","last_edi_1":1769990400000,"VALIDATION":2}},{"type":"Feature","id":384,"geometry":{"type":"Polygon","coordinates":[[[50.205126081559435,26.297739169902947],[50.205298043555786,26.297709497898882],[50.205326407555837,26.297727703898214],[50.205346199558612,26.297836099897818],[50.205152471562691,26.297867189902359],[50.205126081559435,26.297739169902947]]]},"properties":{"FID":384,"OBJECTID":1201755,"fclass":"Building","name":"Private","type":"Residential","Shape_Leng":0.00064531405369999998,"Shape_Area":2.57676763069e-08,"Road_Name":"20th Street","GlobalID":"{556F63CE-71F1-4C60-8ADB-94300F719C35}","created_us":" ","created_da":null,"last_edite":"RASOO","last_edi_1":1769990400000,"VALIDATION":2}},{"type":"Feature","id":385,"geometry":{"type":"Polygon","coordinates":[[[50.206425397509442,26.296743865872248],[50.206638603504892,26.296707475867269],[50.206667287507528,26.296816646866606],[50.206450228512253,26.296854749871692],[50.206425397509442,26.296743865872248]]]},"properties":{"FID":385,"OBJECTID":1201756,"fclass":"Building","name":"Private","type":"Residential","Shape_Leng":0.000663173861551,"Shape_Area":2.46671143599e-08,"Road_Name":"Prince Methab Street","GlobalID":"{7A1B59B2-0307-4C42-9736-D5DADAA081EF}","created_us":" ","created_da":null,"last_edite":"RASOO","last_edi_1":1769990400000,"VALIDATION":2}},{"type":"Feature","id":386,"geometry":{"type":"Polygon","coordinates":[[[50.205634023542444,26.29743869589095],[50.205846407537813,26.297399208886006],[50.205866419540513,26.297504680885542],[50.205846791540914,26.29750786988599],[50.205845318540675,26.29749854688605],[50.205781281542045,26.297508360887548],[50.20578717054272,26.297536821887419],[50.205658559545554,26.297560605890446],[50.205634023542444,26.29743869589095]]]},"properties":{"FID":386,"OBJECTID":1201758,"fclass":"Building","name":"Private","type":"Residential","Shape_Leng":0.00070169614589499999,"Shape_Area":2.4647506179199999e-08,"Road_Name":"20th Street","GlobalID":"{E879A987-6AE0-4A33-A591-CA65629134E3}","created_us":" ","created_da":null,"last_edite":"RASOO","last_edi_1":1769990400000,"VALIDATION":2}},{"type":"Feature","id":387,"geometry":{"type":"Polygon","coordinates":[[[50.206252379452238,26.294653834875572],[50.20643390344825,26.294620532871352],[50.206481672448199,26.294644280870241],[50.206504874451312,26.294767115869686],[50.206282679455896,26.294798780874942],[50.206252379452238,26.294653834875572]]]},"properties":{"FID":387,"OBJECTID":1201760,"fclass":"Building","name":"Private","type":"Commercial/Residential","Shape_Leng":0.000735426109386,"Shape_Area":3.3727119359700002e-08,"Road_Name":"16th Street","GlobalID":"{CB0E205A-3E01-4193-A80B-AB028F5B3223}","created_us":" ","created_da":null,"last_edite":"RASOO","last_edi_1":1769990400000,"VALIDATION":2}},{"type":"Feature","id":388,"geometry":{"type":"Polygon","coordinates":[[[50.206879438447643,26.29485333886101],[50.207098083443128,26.294823212855881],[50.207118581446679,26.294957381855422],[50.20690233545109,26.294986274860523],[50.206879438447643,26.29485333886101]]]},"properties":{"FID":388,"OBJECTID":1201766,"fclass":"Building","name":"Private","type":"Residential","Shape_Leng":0.00070949765133300003,"Shape_Area":2.9680672509599999e-08,"Road_Name":"Prince Abdul Mohshin Street","GlobalID":"{8E6FF5F5-DAF8-46A3-B989-CAE1AACA4D99}","created_us":" ","created_da":null,"last_edite":"RASOO","last_edi_1":1769990400000,"VALIDATION":2}},{"type":"Feature","id":389,"geometry":{"type":"Polygon","coordinates":[[[50.202365662601132,26.297605225967331],[50.202556545597133,26.297574803962853],[50.202592932600332,26.297708422962046],[50.202390118604505,26.297736458966792],[50.202365662601132,26.297605225967331]]]},"properties":{"FID":389,"OBJECTID":1201767,"fclass":"Building","name":"Private","type":"Residential","Shape_Leng":0.00067001180971799999,"Shape_Area":2.69570494825e-08,"Road_Name":"Prince Mashhour Street","GlobalID":"{79CB82A0-BE35-4211-8952-0203A808DC18}","created_us":" ","created_da":null,"last_edite":"RASOO","last_edi_1":1769990400000,"VALIDATION":2}},{"type":"Feature","id":390,"geometry":{"type":"Polygon","coordinates":[[[50.203152536523334,26.295350615948156],[50.203075310525037,26.29536442394998],[50.20304249852127,26.29521583895071],[50.203051259520834,26.295205539950519],[50.20305679552056,26.295199032950361],[50.203088635519954,26.295195505949629],[50.203087067519604,26.295183355949685],[50.203188967517406,26.295164935947295],[50.203191711517711,26.295175908947204],[50.203230119516832,26.295168854946333],[50.203232775517151,26.29518164494624],[50.203263735520935,26.295330733945558],[50.203152536523334,26.295350615948156]]]},"properties":{"FID":390,"OBJECTID":1201776,"fclass":"Building","name":"Private","type":"Commercial/Residential","Shape_Leng":0.00072917334921199998,"Shape_Area":3.2831556253999998e-08,"Road_Name":"16th Street","GlobalID":"{25A09CF9-3AE1-48BC-85B2-CC57FA23042F}","created_us":" ","created_da":null,"last_edite":"RASOO","last_edi_1":1769990400000,"VALIDATION":2}},{"type":"Feature","id":391,"geometry":{"type":"Polygon","coordinates":[[[50.202194522580122,26.296776616971048],[50.202216586579638,26.296772576970501],[50.202215184579444,26.296765101970582],[50.202213789579289,26.296757659970584],[50.202256984578348,26.296750201969598],[50.202258286578484,26.296756280969579],[50.202260713578795,26.296767604969485],[50.202280291578283,26.29676169996905],[50.202270347577254,26.296720058969274],[50.202319446576247,26.296712289968095],[50.202321230576537,26.296722989968075],[50.20232224357666,26.296729070968027],[50.202380902575413,26.296719439966633],[50.202402999577522,26.296805999966168],[50.202207502581686,26.296838143970785],[50.202194522580122,26.296776616971048]]]},"properties":{"FID":391,"OBJECTID":1201777,"fclass":"Building","name":"Private","type":"Residential","Shape_Leng":0.00063900682513500005,"Shape_Area":1.6725555758100001e-08,"Road_Name":"Prince Mashhour Street","GlobalID":"{547AA28F-E2E3-4640-882E-3E3765CAA4CA}","created_us":" ","created_da":null,"last_edite":"RASOO","last_edi_1":1769990400000,"VALIDATION":2}},{"type":"Feature","id":392,"geometry":{"type":"Polygon","coordinates":[[[50.201430524618466,26.297671475989162],[50.201493215617013,26.29765758698769],[50.201521370619652,26.297765700987071],[50.201578430618454,26.297755939985731],[50.201570922617591,26.297722154985927],[50.201596073617083,26.297719151985319],[50.201573925614078,26.297600901985838],[50.201630610612845,26.297590390984485],[50.201659891617837,26.297781842983891],[50.201461307622282,26.297822009988497],[50.201430524618466,26.297671475989162]]]},"properties":{"FID":392,"OBJECTID":1201781,"fclass":"Building","name":"Private","type":"Residential","Shape_Leng":0.00102164918664,"Shape_Area":2.5315339746099999e-08,"Road_Name":"Prince Abdulmajid Street","GlobalID":"{D5ADAF0F-1A42-41DA-9157-C37BEB0E4D7E}","created_us":" ","created_da":null,"last_edite":"RASOO","last_edi_1":1769990400000,"VALIDATION":2}},{"type":"Feature","id":393,"geometry":{"type":"Polygon","coordinates":[[[50.202803299623049,26.298618299957461],[50.202935912620163,26.298594369954365],[50.202947328621462,26.298645657954122],[50.202922584621938,26.298648806954652],[50.202925733622543,26.2986717519546],[50.20291313662284,26.298675800954875],[50.202917185623441,26.298697396954807],[50.202934281623072,26.298695596954389],[50.202940734624086,26.298733811954278],[50.202833504626376,26.298752733956768],[50.202803299623049,26.298618299957461]]]},"properties":{"FID":393,"OBJECTID":1201783,"fclass":"Building","name":"Private","type":"Residential","Shape_Leng":0.000573224324484,"Shape_Area":1.60453447965e-08,"Road_Name":"Prince Hathool Street","GlobalID":"{D982FB90-AA3C-4DE9-AA65-444862884503}","created_us":" ","created_da":null,"last_edite":"RASOO","last_edi_1":1769990400000,"VALIDATION":2}},{"type":"Feature","id":394,"geometry":{"type":"Polygon","coordinates":[[[50.203453124572192,26.297222507941779],[50.203656899567896,26.29719009993703],[50.203680099570882,26.297307999936553],[50.203477837575178,26.297340091941248],[50.203453124572192,26.297222507941779]]]},"properties":{"FID":394,"OBJECTID":1201787,"fclass":"Building","name":"Private","type":"Residential","Shape_Leng":0.00065144195891899998,"Shape_Area":2.46764013514e-08,"Road_Name":"Prince Abdul Salam Street","GlobalID":"{94080FA0-5519-437E-86DD-2303167BE581}","created_us":" ","created_da":null,"last_edite":"RASOO","last_edi_1":1769990400000,"VALIDATION":2}},{"type":"Feature","id":395,"geometry":{"type":"Polygon","coordinates":[[[50.201707232569191,26.296115949982234],[50.201917499564807,26.296083799977271],[50.201954318569001,26.29625085797646],[50.201742425573329,26.296280918981431],[50.201707232569191,26.296115949982234]]]},"properties":{"FID":395,"OBJECTID":1201791,"fclass":"Building","name":"Private","type":"Residential","Shape_Leng":0.00076647381030400005,"Shape_Area":3.6162114211299998e-08,"Road_Name":"17th Street","GlobalID":"{FFA45613-A1EF-4D7E-9D82-37ED20D58246}","created_us":" ","created_da":null,"last_edite":"RASOO","last_edi_1":1769990400000,"VALIDATION":2}},{"type":"Feature","id":396,"geometry":{"type":"Polygon","coordinates":[[[50.208151648468558,26.296312161831814],[50.208180207472047,26.296450316831198],[50.207884952478288,26.296497195838072],[50.207858692474659,26.296356750838626],[50.208151648468558,26.296312161831814]]]},"properties":{"FID":396,"OBJECTID":1201792,"fclass":"Building","name":"Private","type":"Commercial/Residential","Shape_Leng":0.00087923817060500003,"Shape_Area":4.2222442221200002e-08,"Road_Name":"King Abdulaziz Road","GlobalID":"{CBD0361E-4FFF-48C8-8C9A-27D68A9230AC}","created_us":" ","created_da":null,"last_edite":"RASOO","last_edi_1":1769990400000,"VALIDATION":2}},{"type":"Feature","id":397,"geometry":{"type":"Polygon","coordinates":[[[50.201259837597888,26.296859261992914],[50.20148645859333,26.296829464987599],[50.201509733596595,26.296956723987105],[50.201283299601123,26.296984784992368],[50.201259837597888,26.296859261992914]]]},"properties":{"FID":397,"OBJECTID":1201794,"fclass":"Building","name":"Private","type":"Residential","Shape_Leng":0.00071380442639100005,"Shape_Area":2.9307064586700001e-08,"Road_Name":"Prince Abdulmajid Street","GlobalID":"{47B335F1-E7C4-44A4-A358-806B64327AA7}","created_us":" ","created_da":null,"last_edite":"RASOO","last_edi_1":1769990400000,"VALIDATION":2}},{"type":"Feature","id":398,"geometry":{"type":"Polygon","coordinates":[[[50.202768760619151,26.298463819958226],[50.202919743615993,26.298439250954697],[50.202977292614726,26.298429885953304],[50.203004699618297,26.298569199952727],[50.202794799622659,26.298601199957616],[50.202768760619151,26.298463819958226]]]},"properties":{"FID":398,"OBJECTID":1201795,"fclass":"Building","name":"Private","type":"Residential","Shape_Leng":0.00070541042821799997,"Shape_Area":2.9825365880499998e-08,"Road_Name":"Prince Hathool Street","GlobalID":"{04288927-3DAC-476E-8DFA-0C11B76C2D7D}","created_us":" ","created_da":null,"last_edite":"RASOO","last_edi_1":1769990400000,"VALIDATION":2}},{"type":"Feature","id":399,"geometry":{"type":"Polygon","coordinates":[[[50.20617083952709,26.297211814878349],[50.206348618523201,26.297177859874189],[50.206353821523592,26.297194764874067],[50.206392344522797,26.297188959873171],[50.20640082452374,26.297227689873008],[50.206280497526222,26.297244878875766],[50.206281911526609,26.297259416875765],[50.206287988527606,26.297296660875634],[50.206224515528987,26.297308573877149],[50.206220805528567,26.2972914888772],[50.206187823529277,26.297296734877975],[50.20617083952709,26.297211814878349]]]},"properties":{"FID":399,"OBJECTID":1201800,"fclass":"Building","name":"Private","type":"Residential","Shape_Leng":0.000653240033449,"Shape_Area":1.5960275844600001e-08,"Road_Name":"Prince Methab Street","GlobalID":"{27F7D215-F985-4DC5-89B4-72559C9CCE18}","created_us":" ","created_da":null,"last_edite":"RASOO","last_edi_1":1769990400000,"VALIDATION":2}},{"type":"Feature","id":400,"geometry":{"type":"Polygon","coordinates":[[[50.205382989510603,26.296185625896381],[50.20559486550642,26.296162358891454],[50.205614337509417,26.296277206890998],[50.205401876513797,26.296309447896004],[50.205382989510603,26.296185625896381]]]},"properties":{"FID":400,"OBJECTID":1201802,"fclass":"Building","name":"Private","type":"Residential","Shape_Leng":0.00066978423159700002,"Shape_Area":2.5851435790400001e-08,"Road_Name":"Prince Mashari Street","GlobalID":"{91E9DC53-5DE8-4B07-94A1-B545EE29DC13}","created_us":" ","created_da":null,"last_edite":"RASOO","last_edi_1":1769990400000,"VALIDATION":2}},{"type":"Feature","id":401,"geometry":{"type":"Polygon","coordinates":[[[50.203814825532625,26.296052280932948],[50.203832793531674,26.296031192932539],[50.204005296527932,26.295998332928519],[50.204038925531343,26.296137251927782],[50.203839201535764,26.29617565993242],[50.203814825532625,26.296052280932948]]]},"properties":{"FID":401,"OBJECTID":1201805,"fclass":"Building","name":"Private","type":"Residential","Shape_Leng":0.00067538848206400001,"Shape_Area":2.84497768601e-08,"Road_Name":"17th Street","GlobalID":"{5B78CE04-3860-4BB8-8E34-F98B19A00C84}","created_us":" ","created_da":null,"last_edite":"RASOO","last_edi_1":1769990400000,"VALIDATION":2}},{"type":"Feature","id":402,"geometry":{"type":"Polygon","coordinates":[[[50.203653271531984,26.295938732936676],[50.203632084533396,26.295974500937216],[50.203557125535035,26.295988995938938],[50.203549736534072,26.295951736939138],[50.20346489753576,26.295962310941121],[50.203464065535684,26.295957756941135],[50.203441497532495,26.295834283941605],[50.20361008152895,26.29580786593765],[50.203611884529209,26.295818834937631],[50.203630696528791,26.295814821937157],[50.203653271531984,26.295938732936676]]]},"properties":{"FID":402,"OBJECTID":1201806,"fclass":"Building","name":"Private","type":"Residential","Shape_Leng":0.00069849108157799997,"Shape_Area":2.8195857770500001e-08,"Road_Name":"17th Street","GlobalID":"{1FBF8250-CC42-447B-92FD-BD95D091EC0B}","created_us":" ","created_da":null,"last_edite":"RASOO","last_edi_1":1769990400000,"VALIDATION":2}},{"type":"Feature","id":403,"geometry":{"type":"Polygon","coordinates":[[[50.205538392527878,26.296875879892994],[50.205740481523797,26.296850686888252],[50.205758381526799,26.296966286887894],[50.205545408531115,26.296992824892857],[50.205536539529845,26.296944018893054],[50.205550103529568,26.296942661892761],[50.205538392527878,26.296875879892994]]]},"properties":{"FID":403,"OBJECTID":1201807,"fclass":"Building","name":"Private","type":"Residential","Shape_Leng":0.00066628901147700004,"Shape_Area":2.4338900312900001e-08,"Road_Name":"Prince Mashari Street","GlobalID":"{FE39EF36-A8A9-4862-B69D-AA48475A99E8}","created_us":" ","created_da":null,"last_edite":"RASOO","last_edi_1":1769990400000,"VALIDATION":2}},{"type":"Feature","id":404,"geometry":{"type":"Polygon","coordinates":[[[50.205455733469854,26.294810716894219],[50.205655768465583,26.294775881889539],[50.205682727468819,26.294904895888973],[50.205456996473764,26.294947400894227],[50.205442030470714,26.294831753894552],[50.205455733469854,26.294810716894219]]]},"properties":{"FID":404,"OBJECTID":1201812,"fclass":"Building","name":"Private","type":"Commercial/Residential","Shape_Leng":0.00070626177666800001,"Shape_Area":2.9776741330699999e-08,"Road_Name":"16th Street","GlobalID":"{4A5139F4-A0EA-47E7-BC57-265B8534F9FD}","created_us":" ","created_da":null,"last_edite":"RASOO","last_edi_1":1769990400000,"VALIDATION":2}},{"type":"Feature","id":405,"geometry":{"type":"Polygon","coordinates":[[[50.202840534576247,26.297012351956027],[50.202825195574491,26.296942811956391],[50.202812721573103,26.296886260956665],[50.202817762573012,26.296885501956503],[50.202849170572343,26.296880773955802],[50.202845352571643,26.296855573955845],[50.202904792570372,26.296844230954488],[50.202905804570477,26.296849292954469],[50.202906548570603,26.296853009954425],[50.202983699568968,26.296841199952624],[50.203004372571854,26.296953592952164],[50.203034471571286,26.296950582951474],[50.203042498572778,26.297008023951328],[50.202995091573776,26.297014043952437],[50.202991128573302,26.296996704952516],[50.202989071573128,26.296987705952564],[50.202845478576165,26.2970118379559],[50.202840534576247,26.297012351956027]]]},"properties":{"FID":405,"OBJECTID":1201814,"fclass":"Building","name":"Private","type":"Residential","Shape_Leng":0.00076689348040500001,"Shape_Area":2.7600807092599999e-08,"Road_Name":"19th Street","GlobalID":"{13B3DDF8-5109-4BA3-81B7-5C339772A072}","created_us":" ","created_da":null,"last_edite":"RASOO","last_edi_1":1769990400000,"VALIDATION":2}},{"type":"Feature","id":406,"geometry":{"type":"Polygon","coordinates":[[[50.206582020445488,26.294607930867862],[50.206802897440745,26.294569525862691],[50.206860617447525,26.294839313861463],[50.206620186452653,26.294879933867083],[50.206587760448542,26.294717065867779],[50.20660529644816,26.294714918867385],[50.206582020445488,26.294607930867862]]]},"properties":{"FID":406,"OBJECTID":1201815,"fclass":"Building","name":"Private","type":"Commercial/Residential","Shape_Leng":0.00103714467071,"Shape_Area":6.4716395473999993e-08,"Road_Name":"16th Street","GlobalID":"{AA09052F-A309-4564-81C9-FB815E6F3F44}","created_us":" ","created_da":null,"last_edite":"RASOO","last_edi_1":1769990400000,"VALIDATION":2}},{"type":"Feature","id":407,"geometry":{"type":"Polygon","coordinates":[[[50.206282403491649,26.296042170875328],[50.206472669487574,26.296009378870917],[50.206477628488244,26.2960366048708],[50.206500349487762,26.296033175870264],[50.206518728490906,26.296151770869873],[50.206494293491424,26.296155644870456],[50.206492185490887,26.296137213870502],[50.206440810491934,26.296144063871687],[50.206442954492466,26.296163783871652],[50.206408262493206,26.296169283872448],[50.206404847492763,26.296150913872502],[50.206334496494279,26.29616490587415],[50.206317938492262,26.296084126874522],[50.206292279492821,26.296089010875153],[50.206282403491649,26.296042170875328]]]},"properties":{"FID":407,"OBJECTID":1201816,"fclass":"Building","name":"Private","type":"Residential","Shape_Leng":0.00076067826298300005,"Shape_Area":2.5813459864599999e-08,"Road_Name":"Prince Methab Street","GlobalID":"{4A4ACBB7-85F9-4787-B465-7ED1A29F7D85}","created_us":" ","created_da":null,"last_edite":"RASOO","last_edi_1":1769990400000,"VALIDATION":2}},{"type":"Feature","id":408,"geometry":{"type":"Polygon","coordinates":[[[50.202308172610941,26.2979138919688],[50.202349439615205,26.298085311967849],[50.202335974616155,26.29811016996819],[50.202117945620834,26.298149529973305],[50.202081702615828,26.29795318697407],[50.202282585611499,26.297918330969352],[50.202282632611521,26.297918553969374],[50.202308172610941,26.2979138919688]]]},"properties":{"FID":408,"OBJECTID":1201817,"fclass":"Building","name":"Private","type":"Residential","Shape_Leng":0.00085587566057300003,"Shape_Area":4.6553381188599998e-08,"Road_Name":"20th Street","GlobalID":"{8C56365D-C75C-4E8C-B3D0-38DB1DCB901E}","created_us":" ","created_da":null,"last_edite":"RASOO","last_edi_1":1769990400000,"VALIDATION":3}},{"type":"Feature","id":409,"geometry":{"type":"Polygon","coordinates":[[[50.205061386585342,26.298602895904725],[50.205176092582739,26.298577389902064],[50.205189261582447,26.298574461901715],[50.205187394582111,26.298562947901775],[50.205240644581039,26.298555830900533],[50.205249532580872,26.298554643900314],[50.205250738581022,26.29856127090029],[50.205252119581225,26.298568860900268],[50.205264606581011,26.298568743899956],[50.205279678582713,26.298636814899623],[50.205263147583082,26.298639245900038],[50.205273279584873,26.29870724689982],[50.205087553588683,26.298735061904171],[50.205056550588729,26.298716807904903],[50.205034819586203,26.298616556905319],[50.205063274585527,26.298611153904659],[50.205061386585342,26.298602895904725]]]},"properties":{"FID":409,"OBJECTID":1201818,"fclass":"Building","name":"Restaurant","type":"Commercial","Shape_Leng":0.00075125972484299996,"Shape_Area":3.1756770159199998e-08,"Road_Name":"22nd Street","GlobalID":"{2250B201-6486-4716-8941-34CDB5C7C4E1}","created_us":" ","created_da":null,"last_edite":"RASOO","last_edi_1":1769990400000,"VALIDATION":2}},{"type":"Feature","id":410,"geometry":{"type":"Polygon","coordinates":[[[50.202386482606315,26.297798309966904],[50.202420510605634,26.297793282966115],[50.202439457609096,26.297925141965734],[50.202411229609631,26.297927847966367],[50.202386482606315,26.297798309966904]]]},"properties":{"FID":410,"OBJECTID":1201821,"fclass":"Building","name":"Private","type":"Residential","Shape_Leng":0.00032784868481600002,"Shape_Area":4.15285433586e-09,"Road_Name":"Prince Mashhour Street","GlobalID":"{1D9989D6-0D13-4E3E-8AA3-2530C3148691}","created_us":" ","created_da":null,"last_edite":"RASOO","last_edi_1":1769990400000,"VALIDATION":2}},{"type":"Feature","id":411,"geometry":{"type":"Polygon","coordinates":[[[50.204978249491873,26.295302519905519],[50.204971344490787,26.295261784905691],[50.204939919491459,26.295265916906448],[50.204927910489907,26.295204624906713],[50.205108054486203,26.295178801902452],[50.205107259485885,26.295167674902473],[50.205148191485044,26.295162110901526],[50.20516134048669,26.295227464901242],[50.205172432488361,26.295290867901027],[50.205075913490404,26.295307351903247],[50.205074895490192,26.295298449903274],[50.205027818491175,26.295306856904375],[50.20502479249091,26.295295906904453],[50.204978249491873,26.295302519905519]]]},"properties":{"FID":411,"OBJECTID":1201822,"fclass":"Building","name":"Private","type":"Residential","Shape_Leng":0.00071401689969199998,"Shape_Area":2.4745941473099999e-08,"Road_Name":"Prince Ahmad Street","GlobalID":"{4F963BF5-36E2-4F03-9D58-AF7CC8FAF11C}","created_us":" ","created_da":null,"last_edite":"RASOO","last_edi_1":1769990400000,"VALIDATION":2}},{"type":"Feature","id":412,"geometry":{"type":"Polygon","coordinates":[[[50.203865344503754,26.295078305931487],[50.203864514503493,26.295068031931461],[50.204020864500194,26.295042782927808],[50.204037019500085,26.295049306927467],[50.204042428500095,26.295051491927303],[50.204071363499949,26.295063176926639],[50.204085443502464,26.295159802926353],[50.204066199502932,26.295164599926785],[50.203886798506801,26.295194903930998],[50.203865344503754,26.295078305931487]]]},"properties":{"FID":412,"OBJECTID":1201831,"fclass":"Building","name":"Private","type":"Commercial/Residential","Shape_Leng":0.00064112177013100002,"Shape_Area":2.54523647023e-08,"Road_Name":"16th Street","GlobalID":"{45B5DDA0-DC13-47C6-AD3B-6628637706EC}","created_us":" ","created_da":null,"last_edite":"RASOO","last_edi_1":1769990400000,"VALIDATION":2}},{"type":"Feature","id":413,"geometry":{"type":"Polygon","coordinates":[[[50.201399554566279,26.295838421989291],[50.201614937561772,26.295804635984233],[50.201644030565191,26.295941654983626],[50.201426301569654,26.295971686988686],[50.201399554566279,26.295838421989291]]]},"properties":{"FID":413,"OBJECTID":1201835,"fclass":"Building","name":"Private","type":"Residential","Shape_Leng":0.00071380347208399998,"Shape_Area":3.0156710232100001e-08,"Road_Name":"Prince Abdulmajid Street","GlobalID":"{0E5E6955-8DC0-489E-9E48-82C6DAAD47D0}","created_us":" ","created_da":null,"last_edite":"RASOO","last_edi_1":1769990400000,"VALIDATION":2}},{"type":"Feature","id":414,"geometry":{"type":"Polygon","coordinates":[[[50.203798627612429,26.298820871934279],[50.203831630611703,26.298814626933506],[50.203830678611595,26.298809363933515],[50.203826576611014,26.29878668193361],[50.203963622607979,26.298761115930418],[50.203966298608371,26.298776277930376],[50.203985621607984,26.298773601929902],[50.203996187609832,26.298843405929649],[50.204010796611541,26.298911275929346],[50.203838034615231,26.298941369933392],[50.203816857615124,26.298924093933898],[50.203808191613639,26.298868907934068],[50.203798627612429,26.298820871934279]]]},"properties":{"FID":414,"OBJECTID":1201838,"fclass":"Building","name":"Private","type":"Commercial","Shape_Leng":0.00068385923377900005,"Shape_Area":2.8243119549200002e-08,"Road_Name":"22nd Street","GlobalID":"{42B86282-A91B-4F19-BC8D-90B04F034673}","created_us":" ","created_da":null,"last_edite":"RASOO","last_edi_1":1769990400000,"VALIDATION":2}},{"type":"Feature","id":415,"geometry":{"type":"Polygon","coordinates":[[[50.201608522557599,26.295656842984322],[50.201819336553079,26.295620099979384],[50.201837113555989,26.295732152979017],[50.201632053560502,26.295771099983824],[50.201621065559173,26.295717745984085],[50.201633815558857,26.295713959983797],[50.201627707557677,26.295671206983929],[50.201612397558073,26.295675660984244],[50.201608522557599,26.295656842984322]]]},"properties":{"FID":415,"OBJECTID":1201840,"fclass":"Building","name":"Private","type":"Residential","Shape_Leng":0.00068229085962100003,"Shape_Area":2.36851937317e-08,"Road_Name":"Prince Mashhour Street","GlobalID":"{CC00B1E6-2132-4B5D-B7F8-74858332C1FE}","created_us":" ","created_da":null,"last_edite":"RASOO","last_edi_1":1769990400000,"VALIDATION":2}},{"type":"Feature","id":416,"geometry":{"type":"Polygon","coordinates":[[[50.206890459533668,26.297854213861772],[50.206861141530425,26.297723242862379],[50.207093579525576,26.29768946285698],[50.207119740528974,26.297823230856416],[50.206890459533668,26.297854213861772]]]},"properties":{"FID":416,"OBJECTID":1201843,"fclass":"Building","name":"Private","type":"Residential","Shape_Leng":0.00073675916901600001,"Shape_Area":3.14570032039e-08,"Road_Name":"Prince Abdul Rahman Street","GlobalID":"{D4C002FB-5891-4358-8759-3802CF49F140}","created_us":" ","created_da":null,"last_edite":"RASOO","last_edi_1":1769990400000,"VALIDATION":2}},{"type":"Feature","id":417,"geometry":{"type":"Polygon","coordinates":[[[50.201055436580461,26.296133779997433],[50.201094076579579,26.296127006996539],[50.201130677584608,26.296321742995712],[50.201137716585663,26.296363505995586],[50.200989435588774,26.296386967999048],[50.20095283458302,26.296165014999847],[50.201056990580753,26.29614541299739],[50.201055436580461,26.296133779997433]]]},"properties":{"FID":417,"OBJECTID":1201845,"fclass":"Building","name":"Private","type":"Residential","Shape_Leng":0.00077252400840500002,"Shape_Area":3.4130057996e-08,"Road_Name":"17th Street","GlobalID":"{907FDEE3-CA5F-4BAD-A9CD-2DB80517F5C9}","created_us":" ","created_da":null,"last_edite":"RASOO","last_edi_1":1769990400000,"VALIDATION":2}},{"type":"Feature","id":418,"geometry":{"type":"Polygon","coordinates":[[[50.201906338602655,26.297395372977981],[50.201932928602062,26.297389741977334],[50.201948882604242,26.297475144977007],[50.201921353604874,26.297480149977645],[50.201906338602655,26.297395372977981]]]},"properties":{"FID":418,"OBJECTID":1201846,"fclass":"Building","name":"Private","type":"Residential","Shape_Leng":0.00022813677071200001,"Shape_Area":2.3848394248299999e-09,"Road_Name":"19th Street","GlobalID":"{2351E54C-8289-4F1C-821F-0B8C22F01487}","created_us":" ","created_da":null,"last_edite":"RASOO","last_edi_1":1769990400000,"VALIDATION":2}},{"type":"Feature","id":419,"geometry":{"type":"Polygon","coordinates":[[[50.205202399520395,26.296423099900689],[50.205176399520951,26.296427399901294],[50.205164999519532,26.296371599901562],[50.205368499515203,26.296337999896803],[50.20540960151849,26.29647550689587],[50.205314245520434,26.296489706898111],[50.205218019522448,26.296504035900362],[50.205202399520395,26.296423099900689]]]},"properties":{"FID":419,"OBJECTID":1201848,"fclass":"Building","name":"Private","type":"Residential","Shape_Leng":0.00070920346654600001,"Shape_Area":2.77629798519e-08,"Road_Name":"Prince Ahmad Street","GlobalID":"{7FEAF10B-D0AF-4775-AE85-2EE36A17151D}","created_us":" ","created_da":null,"last_edite":"RASOO","last_edi_1":1769990400000,"VALIDATION":2}},{"type":"Feature","id":420,"geometry":{"type":"Polygon","coordinates":[[[50.203701124564525,26.29709814593599],[50.203677434564931,26.297097681936506],[50.203672789563591,26.297048444936618],[50.203768309561632,26.297036887934379],[50.203766823561423,26.297027671934398],[50.203886329559019,26.29701340293165],[50.203897329560768,26.297079398931388],[50.203872252561226,26.297082481931948],[50.203861061561454,26.297083857932208],[50.203867898562422,26.297121314932085],[50.203888027562044,26.297119538931636],[50.203898221561872,26.297118639931359],[50.203902253562788,26.29715295693131],[50.203863451563556,26.2971577949322],[50.203861952563166,26.297143313932246],[50.203710927566362,26.297167179935773],[50.203701124564525,26.29709814593599]]]},"properties":{"FID":420,"OBJECTID":1201854,"fclass":"Building","name":"Private","type":"Residential","Shape_Leng":0.000781860326024,"Shape_Area":2.4741418941500001e-08,"Road_Name":"19th Street","GlobalID":"{2E9EDF32-FA96-4220-B643-5236AE199246}","created_us":" ","created_da":null,"last_edite":"RASOO","last_edi_1":1769990400000,"VALIDATION":2}},{"type":"Feature","id":421,"geometry":{"type":"Polygon","coordinates":[[[50.201765996580157,26.296532442980975],[50.201799690583812,26.296678289980246],[50.201566346588876,26.296719816985707],[50.201535315585154,26.296574232986337],[50.201765996580157,26.296532442980975]]]},"properties":{"FID":421,"OBJECTID":1201857,"fclass":"Building","name":"Private","type":"Residential","Shape_Leng":0.000769988957058,"Shape_Area":3.5155990655700001e-08,"Road_Name":"Prince Abdulmajid Street","GlobalID":"{BB9BA788-D47C-43FB-9306-5B4DCF7DC39D}","created_us":" ","created_da":null,"last_edite":"RASOO","last_edi_1":1769990400000,"VALIDATION":2}},{"type":"Feature","id":422,"geometry":{"type":"Polygon","coordinates":[[[50.201889899592516,26.297032399978246],[50.202092599588326,26.297003099973498],[50.202117899591954,26.297143699972978],[50.201915199596151,26.2971729999777],[50.201889899592516,26.297032399978246]]]},"properties":{"FID":422,"OBJECTID":1201860,"fclass":"Building","name":"Private","type":"Residential","Shape_Leng":0.00069532967153199999,"Shape_Area":2.9240910000100001e-08,"Road_Name":"19th Street","GlobalID":"{BF1B2476-A52C-4BE0-AD7F-29FBEDB9047E}","created_us":" ","created_da":null,"last_edite":"RASOO","last_edi_1":1769990400000,"VALIDATION":2}},{"type":"Feature","id":423,"geometry":{"type":"Polygon","coordinates":[[[50.20260630463239,26.298831016962151],[50.20280021162813,26.298794574957604],[50.202829005630917,26.298907949956977],[50.202632399635291,26.298946499961573],[50.20260630463239,26.298831016962151]]]},"properties":{"FID":423,"OBJECTID":1201864,"fclass":"Building","name":"Private","type":"Residential","Shape_Leng":0.00063302026022600002,"Shape_Area":2.33720650097e-08,"Road_Name":"Prince Mashhour Street","GlobalID":"{7EC6BAAE-B890-4CD6-80D0-C387E9408296}","created_us":" ","created_da":null,"last_edite":"RASOO","last_edi_1":1769990400000,"VALIDATION":2}},{"type":"Feature","id":424,"geometry":{"type":"Polygon","coordinates":[[[50.205158920484884,26.295162905901279],[50.205274235482413,26.295142035898561],[50.205277345482671,26.295154162898488],[50.205379987480548,26.295139222896125],[50.205387680481344,26.295171868895981],[50.20533894248242,26.295180788897081],[50.205352851484406,26.295256691896757],[50.205405442483247,26.295247238895559],[50.205436701486505,26.295379884894881],[50.205220796491211,26.29541789889992],[50.205196683487905,26.295290764900411],[50.205183430488262,26.29529407790076],[50.205158920484884,26.295162905901279]]]},"properties":{"FID":424,"OBJECTID":1201865,"fclass":"Building","name":"Private","type":"Residential","Shape_Leng":0.0010791287697000001,"Shape_Area":5.2345033761199999e-08,"Road_Name":"Prince Mashari Street","GlobalID":"{0F4BCD87-A51D-4708-90E4-5D1CCF22FC28}","created_us":" ","created_da":null,"last_edite":"RASOO","last_edi_1":1769990400000,"VALIDATION":2}},{"type":"Feature","id":425,"geometry":{"type":"Polygon","coordinates":[[[50.205527587532082,26.297017408893296],[50.205550158535104,26.297134196892834],[50.205319281540014,26.297173207898187],[50.205296661536956,26.297053797898709],[50.205527587532082,26.297017408893296]]]},"properties":{"FID":425,"OBJECTID":1201868,"fclass":"Building","name":"Private","type":"Residential","Shape_Leng":0.00070840778948300001,"Shape_Area":2.81210865969e-08,"Road_Name":"Prince Ahmad Street","GlobalID":"{88D417AD-4D05-44BD-9CA4-0945067DA716}","created_us":" ","created_da":null,"last_edite":"RASOO","last_edi_1":1769990400000,"VALIDATION":2}},{"type":"Feature","id":426,"geometry":{"type":"Polygon","coordinates":[[[50.206146925519562,26.296935819878826],[50.206324446515737,26.296906316874665],[50.206342824518131,26.296998417874271],[50.206239035520355,26.297017353876708],[50.206239263520658,26.297026941876663],[50.206213589521155,26.297030481877286],[50.206211689520913,26.297019716877312],[50.206171446521772,26.297026933878278],[50.206164397520837,26.296991087878421],[50.206157267521007,26.296992167878589],[50.206146925519562,26.296935819878826]]]},"properties":{"FID":426,"OBJECTID":1201878,"fclass":"Building","name":"Private","type":"Residential","Shape_Leng":0.00056773194399399997,"Shape_Area":1.7055800366000001e-08,"Road_Name":"Prince Methab Street","GlobalID":"{A1E2696C-5B4A-4F59-8C74-74130C8FC048}","created_us":" ","created_da":null,"last_edite":"RASOO","last_edi_1":1769990400000,"VALIDATION":2}},{"type":"Feature","id":427,"geometry":{"type":"Polygon","coordinates":[[[50.20113246060999,26.297207112995967],[50.201302890606186,26.297171824991977],[50.201323537608836,26.297276184991567],[50.201212887611192,26.297295203994125],[50.201211444610891,26.297282956994191],[50.201149999612262,26.297294499995598],[50.20113246060999,26.297207112995967]]]},"properties":{"FID":427,"OBJECTID":1201884,"fclass":"Building","name":"Private","type":"Residential","Shape_Leng":0.00055668162632600002,"Shape_Area":1.72528245696e-08,"Road_Name":"19th Street","GlobalID":"{6CD46CBA-F14E-4147-AC96-D8011430CBDA}","created_us":" ","created_da":null,"last_edite":"RASOO","last_edi_1":1769990400000,"VALIDATION":2}},{"type":"Feature","id":428,"geometry":{"type":"Polygon","coordinates":[[[50.201760844575546,26.296368238980993],[50.201943658571665,26.296338938976728],[50.201978776571714,26.296359549975943],[50.202002709574522,26.296472281975408],[50.20178861657913,26.296508208980423],[50.201760844575546,26.296368238980993]]]},"properties":{"FID":428,"OBJECTID":1201887,"fclass":"Building","name":"Private","type":"Residential","Shape_Leng":0.00070089631820400005,"Shape_Area":3.0268581334300002e-08,"Road_Name":"17th Street","GlobalID":"{06E39E28-797C-432F-B05F-35CF02941AC9}","created_us":" ","created_da":null,"last_edite":"RASOO","last_edi_1":1769990400000,"VALIDATION":2}},{"type":"Feature","id":429,"geometry":{"type":"Polygon","coordinates":[[[50.202254257556838,26.295999355969389],[50.202288154561693,26.296188908968649],[50.202053545566791,26.296232025974163],[50.202017954561846,26.296038924974891],[50.202254257556838,26.295999355969389]]]},"properties":{"FID":429,"OBJECTID":1201891,"fclass":"Building","name":"Private","type":"Residential","Shape_Leng":0.00086704471512299996,"Shape_Area":4.6485511307599998e-08,"Road_Name":"17th Street","GlobalID":"{1D12E43D-B52B-4944-B316-C14D4DFAB1D2}","created_us":" ","created_da":null,"last_edite":"RASOO","last_edi_1":1769990400000,"VALIDATION":2}},{"type":"Feature","id":430,"geometry":{"type":"Polygon","coordinates":[[[50.200835438623265,26.297498570003008],[50.201001013619816,26.297472077999164],[50.201015142619937,26.297485765998822],[50.201027947620382,26.297508725998554],[50.201063711624485,26.297671209997752],[50.200873851628465,26.297700352002224],[50.200835438623265,26.297498570003008]]]},"properties":{"FID":430,"OBJECTID":1201893,"fclass":"Building","name":"Private","type":"Residential","Shape_Leng":0.00077750508113000002,"Shape_Area":3.86384152305e-08,"Road_Name":"19th Street","GlobalID":"{7B83F1C8-1F4A-412A-8749-7010698BE972}","created_us":" ","created_da":null,"last_edite":"RASOO","last_edi_1":1769990400000,"VALIDATION":2}},{"type":"Feature","id":431,"geometry":{"type":"Polygon","coordinates":[[[50.201859311592017,26.296998065978926],[50.201893707596817,26.297185190978205],[50.20167265760157,26.29722374898336],[50.201634933596878,26.29703770798417],[50.201859311592017,26.296998065978926]]]},"properties":{"FID":431,"OBJECTID":1201894,"fclass":"Building","name":"Private","type":"Residential","Shape_Leng":0.00083232775112100003,"Shape_Area":4.2964592262100002e-08,"Road_Name":"19th Street","GlobalID":"{675FF7DE-113C-4EB2-A2EF-E60CB88A1824}","created_us":" ","created_da":null,"last_edite":"RASOO","last_edi_1":1769990400000,"VALIDATION":2}},{"type":"Feature","id":432,"geometry":{"type":"Polygon","coordinates":[[[50.20347183053898,26.296077956940977],[50.203693348534266,26.296041400935792],[50.203723784538063,26.296189774935119],[50.2034985765426,26.296219156940431],[50.203477299539607,26.296101769940837],[50.20347183053898,26.296077956940977]]]},"properties":{"FID":432,"OBJECTID":1201896,"fclass":"Building","name":"Private","type":"Residential","Shape_Leng":0.00074682680965100002,"Shape_Area":3.3215015210599997e-08,"Road_Name":"17th Street","GlobalID":"{2F262D15-E380-43CB-9BF4-DCE702367BDA}","created_us":" ","created_da":null,"last_edite":"RASOO","last_edi_1":1769990400000,"VALIDATION":2}},{"type":"Feature","id":433,"geometry":{"type":"Polygon","coordinates":[[[50.201089666661808,26.2989844859976],[50.201110740663871,26.299068003997139],[50.201076530664615,26.299074897997922],[50.201093048666721,26.299157504997577],[50.200971628669308,26.29917724000039],[50.200945446669294,26.299161896001038],[50.200927965667177,26.299079370001376],[50.200871051668351,26.299086281002733],[50.20086210766712,26.299038717002933],[50.200987454664428,26.299016863999967],[50.200984554664124,26.299005821000069],[50.201089666661808,26.2989844859976]]]},"properties":{"FID":433,"OBJECTID":1201898,"fclass":"Building","name":"بيت عزيزة - House of Aziza\r\nFamily restaurant","type":"Commercial","Shape_Leng":0.00079463332992799995,"Shape_Area":2.91744033176e-08,"Road_Name":"Al Amir Humud Bin Abdulaziz Street","GlobalID":"{E13D412B-47A6-451F-9F5C-DE2E662DCE0E}","created_us":" ","created_da":null,"last_edite":"RASOO","last_edi_1":1769990400000,"VALIDATION":2}},{"type":"Feature","id":434,"geometry":{"type":"Polygon","coordinates":[[[50.207442797467777,26.295878781848216],[50.207571489465053,26.295856503845179],[50.207577670465746,26.295884319845047],[50.207681872463546,26.295867541842632],[50.207697768465472,26.295944810842258],[50.207465948470485,26.295984533847676],[50.207442797467777,26.295878781848216]]]},"properties":{"FID":434,"OBJECTID":1201902,"fclass":"Building","name":"Private","type":"Residential","Shape_Leng":0.00068698689259300005,"Shape_Area":2.2482120069099999e-08,"Road_Name":"Prince Abdul Mohshin Street","GlobalID":"{C6A7133B-E7D8-4418-8A45-9C167A6465A8}","created_us":" ","created_da":null,"last_edite":"RASOO","last_edi_1":1769990400000,"VALIDATION":2}},{"type":"Feature","id":435,"geometry":{"type":"Polygon","coordinates":[[[50.202243684630794,26.298566925970519],[50.202377305627905,26.298543530967354],[50.202388408628991,26.298587053967154],[50.202421395628257,26.298580422966356],[50.202445299630305,26.298665899965801],[50.202347611632398,26.298682099968094],[50.202343562631441,26.298647907968189],[50.202266599633099,26.298660599969978],[50.202243684630794,26.298566925970519]]]},"properties":{"FID":435,"OBJECTID":1201903,"fclass":"Building","name":"Private","type":"Residential","Shape_Leng":0.00061086551000400001,"Shape_Area":1.83335785179e-08,"Road_Name":"Prince Mashhour Street","GlobalID":"{1EF8F6C8-5D6B-4EA2-A9C1-8F4DD9A06CB2}","created_us":" ","created_da":null,"last_edite":"RASOO","last_edi_1":1769990400000,"VALIDATION":2}},{"type":"Feature","id":436,"geometry":{"type":"Polygon","coordinates":[[[50.201134901578691,26.296118090995574],[50.201327999574566,26.296086799991027],[50.201337099575689,26.296131099990841],[50.201380315581346,26.296350835989923],[50.201314621582732,26.296361158991424],[50.201310599581852,26.296330199991559],[50.201178199584696,26.29635189999464],[50.201134901578691,26.296118090995574]]]},"properties":{"FID":436,"OBJECTID":1201904,"fclass":"Building","name":"Private","type":"Residential","Shape_Leng":0.00093445732007099995,"Shape_Area":4.8919938626700001e-08,"Road_Name":"17th Street","GlobalID":"{54371369-CCF1-40B4-AA29-FE3D7CD6656D}","created_us":" ","created_da":null,"last_edite":"RASOO","last_edi_1":1769990400000,"VALIDATION":2}},{"type":"Feature","id":437,"geometry":{"type":"Polygon","coordinates":[[[50.201186243667905,26.299251494995413],[50.201174765666188,26.299185946995657],[50.201343922662751,26.299162989991707],[50.201359630665252,26.299259952991406],[50.201352984666144,26.299286232991548],[50.201262364667961,26.299298617993653],[50.201186243667905,26.299251494995413]]]},"properties":{"FID":437,"OBJECTID":1201905,"fclass":"Building","name":"Private","type":"Residential","Shape_Leng":0.00054357634328999998,"Shape_Area":1.8928267987100001e-08,"Road_Name":"Prince Sattam Street","GlobalID":"{60B6AAA0-082F-4403-BA9F-67026DBC38A0}","created_us":" ","created_da":null,"last_edite":"RASOO","last_edi_1":1769990400000,"VALIDATION":2}},{"type":"Feature","id":438,"geometry":{"type":"Polygon","coordinates":[[[50.205546848531846,26.29701938689286],[50.205762548527538,26.296992386887823],[50.205780548530512,26.29710798688739],[50.205564848534891,26.297134986892488],[50.205546848531846,26.29701938689286]]]},"properties":{"FID":438,"OBJECTID":1201906,"fclass":"Building","name":"Private","type":"Residential","Shape_Leng":0.00066875254047899998,"Shape_Area":2.5420919995100001e-08,"Road_Name":"Prince Mashari Street","GlobalID":"{800D8DF3-76E6-42C7-BCBE-C8D7E35AE35F}","created_us":" ","created_da":null,"last_edite":"RASOO","last_edi_1":1769990400000,"VALIDATION":2}},{"type":"Feature","id":439,"geometry":{"type":"Polygon","coordinates":[[[50.206676358453031,26.294924534865746],[50.206816042449965,26.294899012862491],[50.206819273450286,26.294912211862439],[50.206850773449631,26.294906235861689],[50.206873653452512,26.295020641861218],[50.206667700456919,26.295055299865993],[50.206643022453548,26.294923250866567],[50.206675174452805,26.294917358865771],[50.206676358453031,26.294924534865746]]]},"properties":{"FID":439,"OBJECTID":1201910,"fclass":"Building","name":"Private","type":"Residential","Shape_Leng":0.00068746286612999998,"Shape_Area":2.6536220820000001e-08,"Road_Name":"Prince Abdul Rahman Street","GlobalID":"{CBA0205C-1B20-42DF-BC76-262B4FEF12D1}","created_us":" ","created_da":null,"last_edite":"RASOO","last_edi_1":1769990400000,"VALIDATION":2}},{"type":"Feature","id":440,"geometry":{"type":"Polygon","coordinates":[[[50.203631158509005,26.29512628993696],[50.203797609505507,26.29509865593306],[50.203816774508276,26.295207513932624],[50.203650323511837,26.295235147936509],[50.203631158509005,26.29512628993696]]]},"properties":{"FID":440,"OBJECTID":1201912,"fclass":"Building","name":"Private","type":"Commercial/Residential","Shape_Leng":0.00055852292738199996,"Shape_Area":1.8649128565100001e-08,"Road_Name":"16th Street","GlobalID":"{00D13A1C-864E-4A7A-8BE5-3489DF2E0F32}","created_us":" ","created_da":null,"last_edite":"RASOO","last_edi_1":1769990400000,"VALIDATION":2}},{"type":"Feature","id":441,"geometry":{"type":"Polygon","coordinates":[[[50.200732581644246,26.298169374005674],[50.200767911643517,26.298164064004848],[50.200766632643287,26.298155397004848],[50.200798014642636,26.29814980200409],[50.20079981164286,26.298159269004103],[50.200869300641415,26.298148825002482],[50.200878885642425,26.298189668002241],[50.200894312642077,26.298187202001863],[50.200909729643953,26.298259815001572],[50.200756433647165,26.29828330300511],[50.200736499644776,26.2981896000056],[50.200732581644246,26.298169374005674]]]},"properties":{"FID":441,"OBJECTID":1463241,"fclass":"Building","name":"Private","type":"Commercial/Residential","Shape_Leng":0.00055956396586999998,"Shape_Area":1.76134809914e-08,"Road_Name":"Al Amir Humud Bin Abdulaziz Street","GlobalID":"{E877788B-2443-4743-AC5C-0164A42B664E}","created_us":" ","created_da":null,"last_edite":"RASOO","last_edi_1":1769990400000,"VALIDATION":2}},{"type":"Feature","id":442,"geometry":{"type":"Polygon","coordinates":[[[50.207468422475188,26.296150344847728],[50.207607400472185,26.296125399844456],[50.207604084471797,26.296110590844481],[50.207473468474674,26.296134670847533],[50.207454040471433,26.296011923847963],[50.207699533466162,26.295968653842241],[50.207726221469152,26.296088072841638],[50.207769519468194,26.296080287840649],[50.207799169471826,26.296224045839971],[50.207497178478391,26.29627831384704],[50.207468422475188,26.296150344847728]]]},"properties":{"FID":442,"OBJECTID":1463243,"fclass":"Building","name":"Private","type":"Commercial/Residential","Shape_Leng":0.0014138731971099999,"Shape_Area":7.4159400360000005e-08,"Road_Name":"19th Street","GlobalID":"{CECCD87E-AA4E-4135-8570-BE243D8909F6}","created_us":" ","created_da":null,"last_edite":"RASOO","last_edi_1":1769990400000,"VALIDATION":2}},{"type":"Feature","id":443,"geometry":{"type":"Polygon","coordinates":[[[50.207525463481744,26.29641122184643],[50.207830768475183,26.296358814839294],[50.207863140478842,26.296503849838594],[50.207551072485387,26.296553395845915],[50.207525463481744,26.29641122184643]]]},"properties":{"FID":443,"OBJECTID":1463246,"fclass":"Building","name":"Private","type":"Commercial/Residential","Shape_Leng":0.00091881276549699996,"Shape_Area":4.5806604716700002e-08,"Road_Name":"19th Street","GlobalID":"{FD2E3987-D0FF-44C0-9325-84CF33C50AA9}","created_us":" ","created_da":null,"last_edite":"RASOO","last_edi_1":1769990400000,"VALIDATION":2}},{"type":"Feature","id":444,"geometry":{"type":"Polygon","coordinates":[[[50.207956143488694,26.296899835836552],[50.208253894482475,26.296853914829605],[50.208278215485336,26.296969044829059],[50.207980129491574,26.297014209836057],[50.207956143488694,26.296899835836552]]]},"properties":{"FID":444,"OBJECTID":1463247,"fclass":"Building","name":"Riyadh Bank","type":"Commercial","Shape_Leng":0.00083729241129599998,"Shape_Area":3.5286766560899998e-08,"Road_Name":"King Abdulaziz Road","GlobalID":"{B3C3258E-7D8B-4F65-9422-F1702E5F7459}","created_us":" ","created_da":null,"last_edite":"RASOO","last_edi_1":1769990400000,"VALIDATION":2}},{"type":"Feature","id":445,"geometry":{"type":"Polygon","coordinates":[[[50.208498269516241,26.29817014482434],[50.20848251751427,26.298091823824681],[50.208514606513567,26.298085369823916],[50.208530358515524,26.298163690823568],[50.208498269516241,26.29817014482434]]]},"properties":{"FID":445,"OBJECTID":1463251,"fclass":"Building","name":"Private","type":"Residential","Shape_Leng":0.00022524186585400001,"Shape_Area":2.6149059767899998e-09,"Road_Name":"King Abdulaziz Road","GlobalID":"{C1CEA4FC-C4B7-4FC4-BB7B-A96E71B5C975}","created_us":" ","created_da":null,"last_edite":"RASOO","last_edi_1":1769990400000,"VALIDATION":2}},{"type":"Feature","id":446,"geometry":{"type":"Polygon","coordinates":[[[50.200772680624937,26.297521064004485],[50.200780276626517,26.297578394004336],[50.200748446627124,26.297582011005087],[50.20073849962565,26.297525404005317],[50.200772680624937,26.297521064004485]]]},"properties":{"FID":446,"OBJECTID":1463252,"fclass":"Building","name":"Private","type":"Residential","Shape_Leng":0.000181795606895,"Shape_Area":1.91517123951e-09,"Road_Name":"Al Amir Humud Bin Abdulaziz Street","GlobalID":"{91F379E7-0321-416C-B0B1-4D8DB7474F95}","created_us":" ","created_da":null,"last_edite":"RASOO","last_edi_1":1769990400000,"VALIDATION":2}},{"type":"Feature","id":447,"geometry":{"type":"Polygon","coordinates":[[[50.200824516662173,26.298845651003717],[50.20103625765757,26.298807453998791],[50.201053720660013,26.298902415998395],[50.201070579659657,26.298898239998],[50.201087584661643,26.298976940997644],[50.200855765666795,26.299024033003057],[50.200849781666086,26.29899515400318],[50.200893752665095,26.298987088002193],[50.200892068664871,26.298977616002176],[50.201005108662365,26.298956126999581],[50.201003441661953,26.298940397999573],[50.200846659665331,26.298967436003288],[50.200824516662173,26.298845651003717]]]},"properties":{"FID":447,"OBJECTID":1463253,"fclass":"Building","name":"Private","type":"Commercial","Shape_Leng":0.00114372970057,"Shape_Area":3.6896070665100002e-08,"Road_Name":"Al Amir Humud Bin Abdulaziz Street","GlobalID":"{D2B3193D-FAE8-4C41-8FAF-588DA137D3E6}","created_us":" ","created_da":null,"last_edite":"RASOO","last_edi_1":1769990400000,"VALIDATION":2}},{"type":"Feature","id":448,"geometry":{"type":"Polygon","coordinates":[[[50.201324590655766,26.298909253992068],[50.201331537656941,26.298953355991934],[50.201172650660183,26.298975104995634],[50.201163286659053,26.298931908995858],[50.201324590655766,26.298909253992068]]]},"properties":{"FID":448,"OBJECTID":1463254,"fclass":"Building","name":"Private","type":"Residential","Shape_Leng":0.00041210090492700002,"Shape_Area":7.1690768902999996e-09,"Road_Name":"Prince Sattam Street","GlobalID":"{E58DEE9D-DAF7-48EE-9C9F-84ABBFF1DE73}","created_us":" ","created_da":null,"last_edite":"RASOO","last_edi_1":1769990400000,"VALIDATION":2}},{"type":"Feature","id":449,"geometry":{"type":"Polygon","coordinates":[[[50.201824783656576,26.299224814980469],[50.201794206657269,26.299229983981224],[50.201779084655271,26.299153342981583],[50.201762807655626,26.299155624981925],[50.201755549654671,26.299117571982116],[50.201725813655237,26.299122066982797],[50.201721689654576,26.299096290982849],[50.201915935650383,26.299060353978302],[50.201937415653298,26.299174736977875],[50.201891469654228,26.299180493978945],[50.20189676265543,26.299224911978854],[50.201827176656877,26.299235513980456],[50.201824783656576,26.299224814980469]]]},"properties":{"FID":449,"OBJECTID":1463255,"fclass":"Building","name":"Private","type":"Residential","Shape_Leng":0.00070679688764599998,"Shape_Area":2.32901953715e-08,"Road_Name":"22nd Street","GlobalID":"{BBEC77D7-AC93-4038-AB50-EA78395751E5}","created_us":" ","created_da":null,"last_edite":"RASOO","last_edi_1":1769990400000,"VALIDATION":2}},{"type":"Feature","id":450,"geometry":{"type":"Polygon","coordinates":[[[50.201674628655638,26.29910520098397],[50.201681708656956,26.299155230983821],[50.201667000657267,26.299157358984186],[50.201685956659823,26.299258121983755],[50.201595471661733,26.299272579985882],[50.201599144662197,26.299291331985817],[50.201552386663167,26.299298239986904],[50.201522651658735,26.299126439987511],[50.201674628655638,26.29910520098397]]]},"properties":{"FID":450,"OBJECTID":1463256,"fclass":"Building","name":"Private","type":"Residential","Shape_Leng":0.00065373501402899998,"Shape_Area":2.2909071073900001e-08,"Road_Name":"22nd Street","GlobalID":"{359E2E56-7BF1-41E4-A705-0449249177BF}","created_us":" ","created_da":null,"last_edite":"RASOO","last_edi_1":1769990400000,"VALIDATION":2}},{"type":"Feature","id":451,"geometry":{"type":"Polygon","coordinates":[[[50.201536691656244,26.299048284987169],[50.201540430657047,26.29907753998711],[50.20150765665776,26.299082818987863],[50.201502377656901,26.299051584987968],[50.201536691656244,26.299048284987169]]]},"properties":{"FID":451,"OBJECTID":1463257,"fclass":"Building","name":"Private","type":"Residential","Shape_Leng":0.00012883868606299999,"Shape_Area":1.0338628636900001e-09,"Road_Name":"Prince Sattam Street","GlobalID":"{7B13568E-EB5B-4C57-A0EF-1B04CC14C558}","created_us":" ","created_da":null,"last_edite":"RASOO","last_edi_1":1769990400000,"VALIDATION":2}},{"type":"Feature","id":452,"geometry":{"type":"Polygon","coordinates":[[[50.201439887622712,26.297824474989017],[50.201469823626837,26.297986033988362],[50.201256317631504,26.298026505993388],[50.201219950627419,26.297862270994184],[50.201439887622712,26.297824474989017]]]},"properties":{"FID":452,"OBJECTID":1463258,"fclass":"Building","name":"Private","type":"Residential","Shape_Leng":0.00077299136303600002,"Shape_Area":3.6600632986400003e-08,"Road_Name":"Prince Sattam Street","GlobalID":"{FF4FC311-4384-47FE-AF58-21DB78B3A139}","created_us":" ","created_da":null,"last_edite":"RASOO","last_edi_1":1769990400000,"VALIDATION":2}},{"type":"Feature","id":453,"geometry":{"type":"Polygon","coordinates":[[[50.201203755622032,26.297665199994487],[50.20119815562115,26.297631308994621],[50.201169625621738,26.297636188995231],[50.20115873862057,26.297590390995495],[50.201180886620115,26.29758626199499],[50.201172252618896,26.297538210995143],[50.201217300617913,26.297531828994124],[50.201209416616685,26.29748265299428],[50.201228562616315,26.29748077599384],[50.201236820617559,26.297529576993668],[50.201344183615383,26.297516437991128],[50.201364244618695,26.297641414990736],[50.201203755622032,26.297665199994487]]]},"properties":{"FID":453,"OBJECTID":1463259,"fclass":"Building","name":"Private","type":"Residential","Shape_Leng":0.00074273636505300001,"Shape_Area":2.3798089380700001e-08,"Road_Name":"19th Street","GlobalID":"{B18E5127-A372-4BF5-AA3C-59193FA6F13E}","created_us":" ","created_da":null,"last_edite":"RASOO","last_edi_1":1769990400000,"VALIDATION":2}},{"type":"Feature","id":454,"geometry":{"type":"Polygon","coordinates":[[[50.201387399613488,26.297475199990107],[50.201409877617451,26.297625677989661],[50.201382099618023,26.29763018399029],[50.201355599614118,26.297478498990859],[50.201387399613488,26.297475199990107]]]},"properties":{"FID":454,"OBJECTID":1463260,"fclass":"Building","name":"Private","type":"Residential","Shape_Leng":0.00036624178230800002,"Shape_Area":4.5961351255e-09,"Road_Name":"19th Street","GlobalID":"{74540B0F-0370-434C-B950-20EE4A8D52F2}","created_us":" ","created_da":null,"last_edite":"RASOO","last_edi_1":1769990400000,"VALIDATION":2}},{"type":"Feature","id":455,"geometry":{"type":"Polygon","coordinates":[[[50.201445540590747,26.296716845988524],[50.201452673592215,26.296772028988336],[50.201429398592722,26.296776158988923],[50.201437281593982,26.296823833988725],[50.201260056597597,26.296848292992895],[50.201240950595036,26.296748754993278],[50.201445540590747,26.296716845988524]]]},"properties":{"FID":455,"OBJECTID":1463261,"fclass":"Building","name":"Private","type":"Residential","Shape_Leng":0.00061492633580699995,"Shape_Area":1.9904891790799998e-08,"Road_Name":"Prince Abdulmajid Street","GlobalID":"{F4F267E7-5A23-40C8-8115-28E48DDE53D2}","created_us":" ","created_da":null,"last_edite":"RASOO","last_edi_1":1769990400000,"VALIDATION":2}},{"type":"Feature","id":456,"geometry":{"type":"Polygon","coordinates":[[[50.201165151561909,26.295553406994696],[50.201182013564249,26.295642690994288],[50.201233967563148,26.295635182993045],[50.201241175563979,26.295668517992908],[50.201170901565504,26.295680830994581],[50.201166997564911,26.295657405994657],[50.201026449567962,26.295682331997931],[50.201006928565221,26.295576620998347],[50.201165151561909,26.295553406994696]]]},"properties":{"FID":456,"OBJECTID":1463262,"fclass":"Building","name":"Private","type":"Residential","Shape_Leng":0.00068271040278399995,"Shape_Area":1.9084689741100001e-08,"Road_Name":"16th Street","GlobalID":"{42D9BC8C-43D8-4CA1-A9E0-DDDC04F98DBA}","created_us":" ","created_da":null,"last_edite":"RASOO","last_edi_1":1769990400000,"VALIDATION":2}},{"type":"Feature","id":457,"geometry":{"type":"Polygon","coordinates":[[[50.201801551584012,26.296686341980202],[50.201835482587683,26.29683321897943],[50.20159992159283,26.296877327984983],[50.201567871589013,26.296726968985649],[50.201801551584012,26.296686341980202]]]},"properties":{"FID":457,"OBJECTID":1463263,"fclass":"Building","name":"Private","type":"Residential","Shape_Leng":0.00078132276413800004,"Shape_Area":3.6266570974799998e-08,"Road_Name":"Prince Abdulmajid Street","GlobalID":"{D08C5D98-B779-4031-92F3-56666A878C2F}","created_us":" ","created_da":null,"last_edite":"RASOO","last_edi_1":1769990400000,"VALIDATION":2}},{"type":"Feature","id":458,"geometry":{"type":"Polygon","coordinates":[[[50.201533813585009,26.296567179986379],[50.201548398584642,26.296563759986061],[50.201544494584041,26.296540335986133],[50.201553804583881,26.296540034985913],[50.201539179581211,26.296439155986217],[50.201572424580519,26.296434323985441],[50.201567619579784,26.296405793985532],[50.201638493578287,26.296393480983912],[50.201647784579308,26.296433891983707],[50.201739756577375,26.296418875981526],[50.201763612579924,26.296522126980985],[50.201533813585009,26.296567179986379]]]},"properties":{"FID":458,"OBJECTID":1463264,"fclass":"Building","name":"Private","type":"Residential","Shape_Leng":0.00075923787712199999,"Shape_Area":2.60916719879e-08,"Road_Name":"17th Street","GlobalID":"{8D7CF50B-BE45-47E8-BAA3-85C6CA37AAFF}","created_us":" ","created_da":null,"last_edite":"RASOO","last_edi_1":1769990400000,"VALIDATION":3}},{"type":"Feature","id":459,"geometry":{"type":"Polygon","coordinates":[[[50.20160539659318,26.296892030984832],[50.201832608588283,26.296852809979509],[50.201856282591621,26.296981593979027],[50.201632306596515,26.297024751984246],[50.20160539659318,26.296892030984832]]]},"properties":{"FID":459,"OBJECTID":1463265,"fclass":"Building","name":"Private","type":"Residential","Shape_Leng":0.00072503194677600005,"Shape_Area":3.05387443219e-08,"Road_Name":"Prince Abdulmajid Street","GlobalID":"{0920B538-5C96-4D99-A3C0-E94310CC5E51}","created_us":" ","created_da":null,"last_edite":"RASOO","last_edi_1":1769990400000,"VALIDATION":2}},{"type":"Feature","id":460,"geometry":{"type":"Polygon","coordinates":[[[50.202137616595891,26.297292725972536],[50.202179164595911,26.297316676971587],[50.202210750598958,26.297441619970886],[50.20198411160375,26.297478519976192],[50.201952949600056,26.297331242976867],[50.202137616595891,26.297292725972536]]]},"properties":{"FID":460,"OBJECTID":1463266,"fclass":"Building","name":"Private","type":"Residential","Shape_Leng":0.00074563283831799996,"Shape_Area":3.4637957928400003e-08,"Road_Name":"19th Street","GlobalID":"{4EE7D2BA-5E40-4CD3-A8AB-D9182E571519}","created_us":" ","created_da":null,"last_edite":"RASOO","last_edi_1":1769990400000,"VALIDATION":2}},{"type":"Feature","id":461,"geometry":{"type":"Polygon","coordinates":[[[50.202244168603166,26.297605473970144],[50.202273990606912,26.297753171969539],[50.202038146611969,26.297795177975022],[50.202005584608102,26.29764193197574],[50.202244168603166,26.297605473970144]]]},"properties":{"FID":461,"OBJECTID":1463267,"fclass":"Building","name":"Private","type":"Residential","Shape_Leng":0.00078825498298599995,"Shape_Area":3.6917789557099997e-08,"Road_Name":"Prince Mashhour Street","GlobalID":"{195C5DB8-2D2E-4D04-BFC3-852FFD934EB3}","created_us":" ","created_da":null,"last_edite":"RASOO","last_edi_1":1769990400000,"VALIDATION":2}},{"type":"Feature","id":462,"geometry":{"type":"Polygon","coordinates":[[[50.202058389612539,26.297826888974576],[50.202257173608437,26.297797513969918],[50.202281220611347,26.297911840969402],[50.202080763615683,26.297948101974082],[50.202058389612539,26.297826888974576]]]},"properties":{"FID":462,"OBJECTID":1463268,"fclass":"Building","name":"Private","type":"Residential","Shape_Leng":0.00064474220377599999,"Shape_Area":2.4271028476500001e-08,"Road_Name":"Prince Mashhour Street","GlobalID":"{6B9BC183-698D-45BE-A45F-5AAA32EB096F}","created_us":" ","created_da":null,"last_edite":"RASOO","last_edi_1":1769990400000,"VALIDATION":2}},{"type":"Feature","id":463,"geometry":{"type":"Polygon","coordinates":[[[50.202135113633595,26.298603983973027],[50.202138361634049,26.298619681972983],[50.202166924633445,26.298615443972281],[50.20216821463373,26.298625762972272],[50.202183141633427,26.298624104971957],[50.20219180263436,26.298662249971727],[50.202208502633958,26.298657930971356],[50.202214145634855,26.298691448971258],[50.202154658636189,26.298703712972614],[50.202152354635857,26.298691619972708],[50.202055610637913,26.298708454974971],[50.202036892635725,26.298620499975357],[50.202135113633595,26.298603983973027]]]},"properties":{"FID":463,"OBJECTID":1463269,"fclass":"Building","name":"Private","type":"Residential","Shape_Leng":0.000521450363107,"Shape_Area":1.29745195975e-08,"Road_Name":"Prince Abdulmajid Street","GlobalID":"{21F152CD-4F40-4FD5-BF2E-4F4A3B6BFBAB}","created_us":" ","created_da":null,"last_edite":"RASOO","last_edi_1":1769990400000,"VALIDATION":2}},{"type":"Feature","id":464,"geometry":{"type":"Polygon","coordinates":[[[50.20198589964037,26.298752799976594],[50.20205279963897,26.298743699975034],[50.202049399638504,26.298723799975072],[50.202058599638271,26.298722499974911],[50.202215331635045,26.298698495971223],[50.202239445638746,26.298841766970732],[50.202008538643867,26.298887531976121],[50.20198589964037,26.298752799976594]]]},"properties":{"FID":464,"OBJECTID":1463270,"fclass":"Building","name":"Private","type":"Residential","Shape_Leng":0.00077286079176599998,"Shape_Area":3.4076481645900002e-08,"Road_Name":"Prince Abdulmajid Street","GlobalID":"{D8E56FA2-5199-4AD2-B28A-DC6AAA6CFC08}","created_us":" ","created_da":null,"last_edite":"RASOO","last_edi_1":1769990400000,"VALIDATION":2}},{"type":"Feature","id":465,"geometry":{"type":"Polygon","coordinates":[[[50.202268105639433,26.298881657970036],[50.20236197263732,26.298863229967864],[50.202359669637062,26.298851999967866],[50.20243827563538,26.298839330966032],[50.202440003635765,26.298852575965984],[50.202477633634885,26.298844963965113],[50.202499653637787,26.298957904964638],[50.202460986638485,26.298960587965588],[50.202460086639014,26.298977684965571],[50.202308470642265,26.299002878969166],[50.202306220641802,26.298986232969209],[50.202291188642086,26.298988715969564],[50.202268105639433,26.298881657970036]]]},"properties":{"FID":465,"OBJECTID":1463271,"fclass":"Building","name":"Private","type":"Residential","Shape_Leng":0.00070468682854299999,"Shape_Area":2.7130785851199999e-08,"Road_Name":"Prince Mashhour Street","GlobalID":"{AB4C03AE-B747-43E6-A134-4F4FEAAC8384}","created_us":" ","created_da":null,"last_edite":"RASOO","last_edi_1":1769990400000,"VALIDATION":2}},{"type":"Feature","id":466,"geometry":{"type":"Polygon","coordinates":[[[50.202862239629454,26.298876153956172],[50.202845964629773,26.298878512956549],[50.202835622628335,26.298822084956775],[50.202909339626807,26.298810825955041],[50.202901565626007,26.298777136955181],[50.203056205622566,26.29874643595161],[50.20306295362375,26.298792325951428],[50.203022912624604,26.298798623952393],[50.203031460626029,26.298853061952208],[50.203078701625031,26.298845788951116],[50.203084957626096,26.298886258950969],[50.202870131630711,26.298925088956],[50.202862239629454,26.298876153956172]]]},"properties":{"FID":466,"OBJECTID":1463272,"fclass":"Building","name":"Private","type":"Residential","Shape_Leng":0.00083926170001499996,"Shape_Area":2.6980489635499999e-08,"Road_Name":"Prince Hathool Street","GlobalID":"{02C15A1E-B5F0-446B-B9F5-75C8FD5EC9B0}","created_us":" ","created_da":null,"last_edite":"RASOO","last_edi_1":1769990400000,"VALIDATION":2}},{"type":"Feature","id":467,"geometry":{"type":"Polygon","coordinates":[[[50.203039887620974,26.298682113951951],[50.203047657621767,26.298714942951804],[50.203000767622804,26.298723218952862],[50.202993218621955,26.298690197953043],[50.203039887620974,26.298682113951951]]]},"properties":{"FID":467,"OBJECTID":1463273,"fclass":"Building","name":"Private","type":"Residential","Shape_Leng":0.000162587612813,"Shape_Area":1.60286974719e-09,"Road_Name":"Prince Hathool Street","GlobalID":"{47DBC987-C068-4E7E-9F7E-73B9B0E5CB85}","created_us":" ","created_da":null,"last_edite":"RASOO","last_edi_1":1769990400000,"VALIDATION":2}},{"type":"Feature","id":468,"geometry":{"type":"Polygon","coordinates":[[[50.203015714618395,26.298579972952471],[50.203031104620067,26.298644996952156],[50.202971623621345,26.298657354953555],[50.202960869619623,26.298589866953769],[50.203015714618395,26.298579972952471]]]},"properties":{"FID":468,"OBJECTID":1463274,"fclass":"Building","name":"Private","type":"Residential","Shape_Leng":0.00025164138858499999,"Shape_Area":3.9328308020399997e-09,"Road_Name":"Prince Hathool Street","GlobalID":"{A6A3D765-CE41-4EBA-86D4-E179E80AC14D}","created_us":" ","created_da":null,"last_edite":"RASOO","last_edi_1":1769990400000,"VALIDATION":2}},{"type":"Feature","id":469,"geometry":{"type":"Polygon","coordinates":[[[50.20275749561884,26.298446724958453],[50.202788964622641,26.298596618957781],[50.202778093622854,26.298598545958054],[50.202550814627756,26.298638832963363],[50.202539499627996,26.298640599963647],[50.202511035624298,26.298494219964212],[50.20275749561884,26.298446724958453]]]},"properties":{"FID":469,"OBJECTID":1463275,"fclass":"Building","name":"Private","type":"Residential","Shape_Leng":0.00080659270799800003,"Shape_Area":3.8131452154299999e-08,"Road_Name":"Prince Mashhour Street","GlobalID":"{0A048622-89CC-43C4-A14F-B1EC5E4E3881}","created_us":" ","created_da":null,"last_edite":"RASOO","last_edi_1":1769990400000,"VALIDATION":2}},{"type":"Feature","id":470,"geometry":{"type":"Polygon","coordinates":[[[50.202573911613797,26.298166513962624],[50.202578610613742,26.298165651962528],[50.202574365613266,26.298147005962633],[50.202620804612309,26.298139818961552],[50.202624440612716,26.298157240961455],[50.202694035611223,26.298144468959833],[50.20270199561218,26.298182384959667],[50.202723952614818,26.298286967959186],[50.202603866617416,26.298309267962001],[50.202602255617037,26.298293835962031],[50.202568512617717,26.298298784962839],[50.20255726561625,26.29824029796309],[50.202585159615616,26.298235348962422],[50.202573911613797,26.298166513962624]]]},"properties":{"FID":470,"OBJECTID":1463276,"fclass":"Building","name":"Private","type":"Residential","Shape_Leng":0.00063444760393799998,"Shape_Area":2.0672545542100001e-08,"Road_Name":"20th Street","GlobalID":"{7FF609F4-B81F-412C-B4D8-777D488BB53B}","created_us":" ","created_da":null,"last_edite":"RASOO","last_edi_1":1769990400000,"VALIDATION":2}},{"type":"Feature","id":471,"geometry":{"type":"Polygon","coordinates":[[[50.202777753613972,26.298288508957942],[50.202782359614616,26.298313559957862],[50.202742174615516,26.298321279958788],[50.202736923614829,26.29829488795891],[50.202777753613972,26.298288508957942]]]},"properties":{"FID":471,"OBJECTID":1463277,"fclass":"Building","name":"Private","type":"Residential","Shape_Leng":0.000134625358976,"Shape_Area":1.0766571221100001e-09,"Road_Name":"Prince Hathool Street","GlobalID":"{61D61CE2-7F2B-41ED-81AD-A713C8E673E7}","created_us":" ","created_da":null,"last_edite":"RASOO","last_edi_1":1769990400000,"VALIDATION":2}},{"type":"Feature","id":472,"geometry":{"type":"Polygon","coordinates":[[[50.202856359613293,26.298310679956124],[50.202864133614305,26.298348975955964],[50.202901277613527,26.298344080955083],[50.202915490615389,26.298417332954763],[50.202780343618223,26.298437659957948],[50.202756157615561,26.298332274958433],[50.202856359613293,26.298310679956124]]]},"properties":{"FID":472,"OBJECTID":1463278,"fclass":"Building","name":"Private","type":"Residential","Shape_Leng":0.000498454831403,"Shape_Area":1.40264789196e-08,"Road_Name":"Prince Hathool Street","GlobalID":"{852C79AF-CEBB-49D0-B34E-592F54DC6403}","created_us":" ","created_da":null,"last_edite":"RASOO","last_edi_1":1769990400000,"VALIDATION":2}},{"type":"Feature","id":473,"geometry":{"type":"Polygon","coordinates":[[[50.202608911594091,26.297499804961603],[50.20261561359537,26.297548194961486],[50.202583280596002,26.297552888962237],[50.202577065594674,26.297502235962344],[50.202608911594091,26.297499804961603]]]},"properties":{"FID":473,"OBJECTID":1463279,"fclass":"Building","name":"Private","type":"Residential","Shape_Leng":0.00016449537129600001,"Shape_Area":1.61212858214e-09,"Road_Name":"Prince Hathool Street","GlobalID":"{BAB9A041-AA89-4E31-B669-1CF9A4B76FC3}","created_us":" ","created_da":null,"last_edite":"RASOO","last_edi_1":1769990400000,"VALIDATION":2}},{"type":"Feature","id":474,"geometry":{"type":"Polygon","coordinates":[[[50.202528099592897,26.29741289996349],[50.202547799596665,26.297554999963069],[50.202341200600848,26.297581167967881],[50.202313801597526,26.297451201968503],[50.202485801593753,26.297417599964444],[50.202528099592897,26.29741289996349]]]},"properties":{"FID":474,"OBJECTID":1463280,"fclass":"Building","name":"Private","type":"Residential","Shape_Leng":0.00070234121725400004,"Shape_Area":2.9693507629300001e-08,"Road_Name":"Prince Mashhour Street","GlobalID":"{EC1493E9-DC65-454B-BC25-856CEA7E14C9}","created_us":" ","created_da":null,"last_edite":"RASOO","last_edi_1":1769990400000,"VALIDATION":2}},{"type":"Feature","id":475,"geometry":{"type":"Polygon","coordinates":[[[50.203729871523294,26.295680281934825],[50.203900892519762,26.295654470930817],[50.203908773520908,26.295699345930668],[50.203956285519887,26.295691489929531],[50.20396502552147,26.295751698929365],[50.203919332522446,26.29575946793042],[50.203751135526041,26.295788067934367],[50.203729871523294,26.295680281934825]]]},"properties":{"FID":475,"OBJECTID":1463282,"fclass":"Building","name":"Private","type":"Residential","Shape_Leng":0.00065434014882199997,"Shape_Area":2.1464282120399999e-08,"Road_Name":"Prince Mamdouh Street","GlobalID":"{C0295B38-69E3-4EE5-9D22-8D433C74B1AC}","created_us":" ","created_da":null,"last_edite":"RASOO","last_edi_1":1769990400000,"VALIDATION":2}},{"type":"Feature","id":476,"geometry":{"type":"Polygon","coordinates":[[[50.204022104521009,26.295767287928033],[50.204181033517635,26.29574273492431],[50.204198128520382,26.295847157923937],[50.20403919052368,26.295871610927687],[50.204022104521009,26.295767287928033]]]},"properties":{"FID":476,"OBJECTID":1463283,"fclass":"Building","name":"Private","type":"Commercial/Residential","Shape_Leng":0.00053314845633699998,"Shape_Area":1.7007134715999999e-08,"Road_Name":"17th Street","GlobalID":"{2D67B6C9-54F3-4D94-A630-636868DED16E}","created_us":" ","created_da":null,"last_edite":"RASOO","last_edi_1":1769990400000,"VALIDATION":2}},{"type":"Feature","id":477,"geometry":{"type":"Polygon","coordinates":[[[50.204351216534377,26.296422071920578],[50.20440978054188,26.296715938919291],[50.204187864546554,26.296752640924474],[50.204128385539015,26.296454637925812],[50.204351216534377,26.296422071920578]]]},"properties":{"FID":477,"OBJECTID":1463284,"fclass":"Building","name":"Private","type":"Commercial/Residential","Shape_Leng":0.0010536551878199999,"Shape_Area":6.7852252348899997e-08,"Road_Name":"Prince Miqren Bin Abdulaziz Street","GlobalID":"{A4DC9BBB-3A3A-4F4A-9E6F-E82D6791F110}","created_us":" ","created_da":null,"last_edite":"RASOO","last_edi_1":1769990400000,"VALIDATION":2}},{"type":"Feature","id":478,"geometry":{"type":"Polygon","coordinates":[[[50.204040529527767,26.296014446927654],[50.20402277652817,26.296016904928102],[50.204014036527397,26.295984675928299],[50.20425579952218,26.295943299922641],[50.20428627052609,26.296096187921968],[50.20406388353075,26.296131465927175],[50.204040529527767,26.296014446927654]]]},"properties":{"FID":478,"OBJECTID":1463285,"fclass":"Building","name":"Private","type":"Commercial/Residential","Shape_Leng":0.00079698279032899995,"Shape_Area":3.5407425875900003e-08,"Road_Name":"17th Street","GlobalID":"{BC2FE088-B9C9-469D-AA77-EF8A2F01C040}","created_us":" ","created_da":null,"last_edite":"RASOO","last_edi_1":1769990400000,"VALIDATION":2}},{"type":"Feature","id":479,"geometry":{"type":"Polygon","coordinates":[[[50.203884011540445,26.296365568931467],[50.204070932536489,26.296333987927063],[50.204095898539478,26.296451687926556],[50.203905563543465,26.296482263930983],[50.203884011540445,26.296365568931467]]]},"properties":{"FID":479,"OBJECTID":1463286,"fclass":"Building","name":"Private","type":"Residential","Shape_Leng":0.00062133256192100001,"Shape_Area":2.2829584864799999e-08,"Road_Name":"Prince Mamdouh Street","GlobalID":"{5A8DD14D-EF7B-4BE3-ACB2-67F3197CC792}","created_us":" ","created_da":null,"last_edite":"RASOO","last_edi_1":1769990400000,"VALIDATION":2}},{"type":"Feature","id":480,"geometry":{"type":"Polygon","coordinates":[[[50.20454456855694,26.297317917916359],[50.204563414559971,26.297434603915967],[50.204335297564519,26.297462242921295],[50.20431267656182,26.297354331921802],[50.204529641557251,26.297320261916706],[50.204529700557273,26.297320658916707],[50.20454456855694,26.297317917916359]]]},"properties":{"FID":480,"OBJECTID":1463287,"fclass":"Building","name":"Private","type":"Commercial/Residential","Shape_Leng":0.00069338351907799998,"Shape_Area":2.6490148088200001e-08,"Road_Name":"Prince Miqren Bin Abdulaziz Street","GlobalID":"{2F694BA4-B1FE-493F-910E-A48357992C35}","created_us":" ","created_da":null,"last_edite":"RASOO","last_edi_1":1769990400000,"VALIDATION":3}},{"type":"Feature","id":481,"geometry":{"type":"Polygon","coordinates":[[[50.2029553235934,26.297674715953569],[50.203170559588742,26.297636937948557],[50.20319690859214,26.297768365947963],[50.203194508592169,26.297769234948035],[50.202983728596827,26.297809833952964],[50.2029553235934,26.297674715953569]]]},"properties":{"FID":481,"OBJECTID":1463289,"fclass":"Building","name":"Private","type":"Residential","Shape_Leng":0.000707847713221,"Shape_Area":2.9675766763700002e-08,"Road_Name":"Prince Hathool Street","GlobalID":"{DC198C94-1E66-4893-860B-DED3F468F09B}","created_us":" ","created_da":null,"last_edite":"RASOO","last_edi_1":1769990400000,"VALIDATION":2}},{"type":"Feature","id":482,"geometry":{"type":"Polygon","coordinates":[[[50.202932307582159,26.297270234954002],[50.202874437583368,26.297278501955343],[50.202861462581524,26.297206954955623],[50.202882453580379,26.297180042955116],[50.203033811577242,26.297157944951596],[50.203062818581074,26.297307210950954],[50.202943398583614,26.297328226953752],[50.202940601583371,26.297317273953794],[50.202932307582159,26.297270234954002]]]},"properties":{"FID":482,"OBJECTID":1463290,"fclass":"Building","name":"Private","type":"Commercial/Residential","Shape_Leng":0.00065064702431000005,"Shape_Area":2.3921521925999999e-08,"Road_Name":"19th Street","GlobalID":"{A8B0E0D2-7B6A-4BAF-9748-693177D8DF09}","created_us":" ","created_da":null,"last_edite":"RASOO","last_edi_1":1769990400000,"VALIDATION":2}},{"type":"Feature","id":483,"geometry":{"type":"Polygon","coordinates":[[[50.203066481565671,26.296774618950678],[50.203076024566968,26.296823889950485],[50.203022735568084,26.29683189895173],[50.203013435566767,26.2967822959519],[50.203066481565671,26.296774618950678]]]},"properties":{"FID":483,"OBJECTID":1463291,"fclass":"Building","name":"Private","type":"Residential","Shape_Leng":0.000208140079449,"Shape_Area":2.7023345237599999e-09,"Road_Name":"Prince Abdul Salam Street","GlobalID":"{79368FD6-D4BA-4845-B3C9-9C30F60FE3D4}","created_us":" ","created_da":null,"last_edite":"RASOO","last_edi_1":1769990400000,"VALIDATION":2}},{"type":"Feature","id":484,"geometry":{"type":"Polygon","coordinates":[[[50.20273269756666,26.296615919958413],[50.202742583566433,26.2966142959582],[50.202780922565644,26.296607996957288],[50.202780889565588,26.296607807957301],[50.202774033564587,26.296568383957421],[50.202775822564554,26.296568010957404],[50.202808770563841,26.296561134956633],[50.202940753560824,26.296533592953551],[50.202971151564157,26.296665581952837],[50.202751933568841,26.296704277958025],[50.20273269756666,26.296615919958413]]]},"properties":{"FID":484,"OBJECTID":1463292,"fclass":"Building","name":"Private","type":"Residential","Shape_Leng":0.00070786941217699996,"Shape_Area":2.7299932539600001e-08,"Road_Name":"Prince Hathool Street","GlobalID":"{02522B35-34E3-43A3-BA9D-9F7BFFE2B508}","created_us":" ","created_da":null,"last_edite":"RASOO","last_edi_1":1769990400000,"VALIDATION":3}},{"type":"Feature","id":485,"geometry":{"type":"Polygon","coordinates":[[[50.203176899554663,26.296453799948019],[50.203181499555591,26.296488099947904],[50.203112699556925,26.296495499949526],[50.203105421557069,26.296496489949682],[50.203100260556184,26.296462319949807],[50.203176899554663,26.296453799948019]]]},"properties":{"FID":485,"OBJECTID":1463293,"fclass":"Building","name":"Private","type":"Residential","Shape_Leng":0.000222817615705,"Shape_Area":2.64827047427e-09,"Road_Name":"Prince Abdul Salam Street","GlobalID":"{656620D6-15F5-45FF-AB8E-F38425194FB6}","created_us":" ","created_da":null,"last_edite":"RASOO","last_edi_1":1769990400000,"VALIDATION":2}},{"type":"Feature","id":486,"geometry":{"type":"Polygon","coordinates":[[[50.203521710521208,26.295487879939653],[50.20353294452255,26.295541126939376],[50.203575403521597,26.295532950938387],[50.20358089052246,26.295565872938276],[50.203539386523353,26.295571659939206],[50.203550321524631,26.295623484938979],[50.20337168052842,26.295652295943167],[50.203346913524889,26.295515706943728],[50.203521710521208,26.295487879939653]]]},"properties":{"FID":486,"OBJECTID":1463295,"fclass":"Building","name":"Private","type":"Residential","Shape_Leng":0.00072266967421399995,"Shape_Area":2.6180298199399999e-08,"Road_Name":"Prince Mamdouh Street","GlobalID":"{1A9D1D9E-9637-422C-8406-042C99CABFC3}","created_us":" ","created_da":null,"last_edite":"RASOO","last_edi_1":1769990400000,"VALIDATION":2}},{"type":"Feature","id":487,"geometry":{"type":"Polygon","coordinates":[[[50.203277500521438,26.295356099945298],[50.203284801522663,26.295401703945114],[50.203300854522332,26.295400449944754],[50.20332089952484,26.295499499944277],[50.20310196152947,26.295534518949463],[50.203077661525725,26.295390682949968],[50.203277500521438,26.295356099945298]]]},"properties":{"FID":487,"OBJECTID":1463296,"fclass":"Building","name":"Private","type":"Residential","Shape_Leng":0.00073374901236100004,"Shape_Area":3.1591444782199997e-08,"Road_Name":"Prince Abdul Salam Street","GlobalID":"{86C30079-5913-4BD1-BE8C-51C52833165C}","created_us":" ","created_da":null,"last_edite":"RASOO","last_edi_1":1769990400000,"VALIDATION":2}},{"type":"Feature","id":488,"geometry":{"type":"Polygon","coordinates":[[[50.204553643592597,26.298564866916578],[50.204771161587807,26.298522930911474],[50.204785271590431,26.298620519911182],[50.20458106359483,26.29865684691595],[50.204579749594608,26.298649469915986],[50.204569475593338,26.298599062916221],[50.204559201593582,26.298599864916444],[50.204553643592597,26.298564866916578]]]},"properties":{"FID":488,"OBJECTID":1463297,"fclass":"Building","name":"Private","type":"Commercial/Residential","Shape_Leng":0.00063221968574200002,"Shape_Area":2.0717058335500001e-08,"Road_Name":"Prince Miqren Bin Abdulaziz Street","GlobalID":"{D353E0CE-5B29-4151-A6EE-5314B448F24B}","created_us":" ","created_da":null,"last_edite":"RASOO","last_edi_1":1769990400000,"VALIDATION":2}},{"type":"Feature","id":489,"geometry":{"type":"Polygon","coordinates":[[[50.204488323582964,26.29819122891799],[50.20449560058281,26.2981897529178],[50.204490148581925,26.298155442917924],[50.204686609577649,26.298119881913319],[50.204705550580528,26.298230990912902],[50.2044979305848,26.298261152917789],[50.204488323582964,26.29819122891799]]]},"properties":{"FID":489,"OBJECTID":1463298,"fclass":"Building","name":"Private","type":"Commercial","Shape_Leng":0.000634911351469,"Shape_Area":2.2449031707300001e-08,"Road_Name":"Prince Miqren Bin Abdulaziz Street","GlobalID":"{B2675E06-EB0C-42B6-9F54-1E1428A3F789}","created_us":" ","created_da":null,"last_edite":"RASOO","last_edi_1":1769990400000,"VALIDATION":2}},{"type":"Feature","id":490,"geometry":{"type":"Polygon","coordinates":[[[50.203341801557677,26.296653470944197],[50.203326252557972,26.296655178944565],[50.203320307557206,26.296625153944699],[50.203536226552586,26.296587194939647],[50.203558058555984,26.296719577939172],[50.203362038560115,26.296749769943759],[50.203341801557677,26.296653470944197]]]},"properties":{"FID":490,"OBJECTID":1463299,"fclass":"Building","name":"Private","type":"Residential","Shape_Leng":0.00069638575445100004,"Shape_Area":2.7040054870299999e-08,"Road_Name":"Prince Abdul Salam Street","GlobalID":"{BAFAE250-8175-4192-9BAD-2D42F9DC133F}","created_us":" ","created_da":null,"last_edite":"RASOO","last_edi_1":1769990400000,"VALIDATION":2}},{"type":"Feature","id":491,"geometry":{"type":"Polygon","coordinates":[[[50.203537591551104,26.296536656939622],[50.203544123552085,26.296575117939462],[50.203513744552737,26.296580289940152],[50.203506498551704,26.296540279940345],[50.203537591551104,26.296536656939622]]]},"properties":{"FID":491,"OBJECTID":1463300,"fclass":"Building","name":"Private","type":"Residential","Shape_Leng":0.000141792071082,"Shape_Area":1.23623670499e-09,"Road_Name":"Prince Miqren Bin Abdulaziz Street","GlobalID":"{D3B14853-8794-4204-A563-A2D990294C87}","created_us":" ","created_da":null,"last_edite":"RASOO","last_edi_1":1769990400000,"VALIDATION":2}},{"type":"Feature","id":492,"geometry":{"type":"Polygon","coordinates":[[[50.203716453575076,26.297473927935751],[50.203740942577667,26.297578249935189],[50.203551357581638,26.297607049939625],[50.203530652578962,26.2975017979401],[50.203716453575076,26.297473927935751]]]},"properties":{"FID":492,"OBJECTID":1463301,"fclass":"Building","name":"Private","type":"Residential","Shape_Leng":0.00059406663094200001,"Shape_Area":2.0308072378699999e-08,"Road_Name":"Prince Abdul Salam Street","GlobalID":"{DDF61CDB-2071-4282-B02A-FA266773346A}","created_us":" ","created_da":null,"last_edite":"RASOO","last_edi_1":1769990400000,"VALIDATION":2}},{"type":"Feature","id":493,"geometry":{"type":"Polygon","coordinates":[[[50.204114046585694,26.298071279926678],[50.204142981589463,26.298219480926043],[50.203891462594555,26.298252880931944],[50.203874374590733,26.298109524932272],[50.204114046585694,26.298071279926678]]]},"properties":{"FID":493,"OBJECTID":1463303,"fclass":"Building","name":"Private","type":"Residential","Shape_Leng":0.00079180128436399998,"Shape_Area":3.6626873060899998e-08,"Road_Name":"Prince Mamdouh Street","GlobalID":"{E896ECEA-76B2-4C30-B698-E75C2F9B0956}","created_us":" ","created_da":null,"last_edite":"RASOO","last_edi_1":1769990400000,"VALIDATION":2}},{"type":"Feature","id":494,"geometry":{"type":"Polygon","coordinates":[[[50.204599082491413,26.295069358914308],[50.204605749492494,26.295109615914196],[50.204566508493357,26.295117939915084],[50.204559489492297,26.295076980915237],[50.204599082491413,26.295069358914308]]]},"properties":{"FID":494,"OBJECTID":1463304,"fclass":"Building","name":"Private","type":"Residential","Shape_Leng":0.00016279551601699999,"Shape_Area":1.65520477573e-09,"Road_Name":"Prince Ahmad Street","GlobalID":"{32D379BC-ADC6-4C45-A0F5-8A6940BE6D8B}","created_us":" ","created_da":null,"last_edite":"RASOO","last_edi_1":1769990400000,"VALIDATION":2}},{"type":"Feature","id":495,"geometry":{"type":"Polygon","coordinates":[[[50.204552568491216,26.295036591915387],[50.204592334490385,26.29502861691444],[50.204595280490835,26.29504640291438],[50.204576521491234,26.295049636914843],[50.204579756491697,26.295067140914746],[50.204558376492123,26.295070484915296],[50.204552568491216,26.295036591915387]]]},"properties":{"FID":495,"OBJECTID":1463305,"fclass":"Building","name":"Private","type":"Residential","Shape_Leng":0.00015144925806300001,"Shape_Area":1.0870373074199999e-09,"Road_Name":"16th Street","GlobalID":"{FF6B9046-4AF8-42D1-8BB1-A59C6410B5F2}","created_us":" ","created_da":null,"last_edite":"RASOO","last_edi_1":1769990400000,"VALIDATION":2}},{"type":"Feature","id":496,"geometry":{"type":"Polygon","coordinates":[[[50.205183596578586,26.29843692790185],[50.205232652577472,26.298427219900638],[50.205247460579187,26.298495378900341],[50.205245643579218,26.298495810900366],[50.205233137579519,26.298497910900675],[50.205234413579731,26.298506545900686],[50.205238427580461,26.29853369690057],[50.205201397581156,26.298538111901419],[50.205183596578586,26.29843692790185]]]},"properties":{"FID":496,"OBJECTID":1463306,"fclass":"Building","name":"Private","type":"Residential","Shape_Leng":0.00031051017699099999,"Shape_Area":4.8817705287200003e-09,"Road_Name":"Prince Miqren Bin Abdulaziz Street","GlobalID":"{B3D5A36E-C1C4-4580-BC53-F86F086094E2}","created_us":" ","created_da":null,"last_edite":"RASOO","last_edi_1":1769990400000,"VALIDATION":2}},{"type":"Feature","id":497,"geometry":{"type":"Polygon","coordinates":[[[50.205305988578374,26.298500621898953],[50.205318457578137,26.298498930898706],[50.205346293577591,26.298495155898014],[50.205334313575555,26.298418127898298],[50.205456461573057,26.298401132895432],[50.205482178576119,26.298523700894865],[50.205281124580395,26.298556931899604],[50.205274123579478,26.298520094899715],[50.20530713457871,26.298513231898937],[50.205305988578374,26.298500621898953]]]},"properties":{"FID":497,"OBJECTID":1463307,"fclass":"Building","name":"Private","type":"Residential","Shape_Leng":0.00065484649646599998,"Shape_Area":1.9403916960999999e-08,"Road_Name":"Prince Ahmad Street","GlobalID":"{B4294905-A725-41D9-83A1-2B969CE318D4}","created_us":" ","created_da":null,"last_edite":"RASOO","last_edi_1":1769990400000,"VALIDATION":2}},{"type":"Feature","id":498,"geometry":{"type":"Polygon","coordinates":[[[50.205219386573859,26.298294141900929],[50.205431974569429,26.298261572895978],[50.20545802957232,26.298377637895385],[50.205241582576882,26.298411189900445],[50.205219386573859,26.298294141900929]]]},"properties":{"FID":498,"OBJECTID":1463308,"fclass":"Building","name":"Private","type":"Residential","Shape_Leng":0.00067218790424699996,"Shape_Area":2.5801010077199999e-08,"Road_Name":"Prince Ahmad Street","GlobalID":"{31CE11AA-1915-4E99-9A50-C76E1F0112E8}","created_us":" ","created_da":null,"last_edite":"RASOO","last_edi_1":1769990400000,"VALIDATION":2}},{"type":"Feature","id":499,"geometry":{"type":"Polygon","coordinates":[[[50.204357190501959,26.295298367920051],[50.204570963497353,26.295259284915048],[50.204594111499787,26.295358135914508],[50.204374450504559,26.295396992919706],[50.204357190501959,26.295298367920051]]]},"properties":{"FID":499,"OBJECTID":1463310,"fclass":"Building","name":"Private","type":"Commercial/Residential","Shape_Leng":0.00064203667685599998,"Shape_Area":2.21855530249e-08,"Road_Name":"Prince Miqren Bin Abdulaziz Street","GlobalID":"{46AE8911-9A7D-40DA-A4BC-28E840630947}","created_us":" ","created_da":null,"last_edite":"RASOO","last_edi_1":1769990400000,"VALIDATION":2}},{"type":"Feature","id":500,"geometry":{"type":"Polygon","coordinates":[[[50.205158038480732,26.295017358901262],[50.205356640476246,26.294975297896627],[50.205380144479548,26.295105232896081],[50.205182867483892,26.29514232290073],[50.205158038480732,26.295017358901262]]]},"properties":{"FID":500,"OBJECTID":1463311,"fclass":"Building","name":"Private","type":"Residential","Shape_Leng":0.00066319092687800005,"Shape_Area":2.61836916218e-08,"Road_Name":"Prince Mashari Street","GlobalID":"{E8733152-E617-4B25-BABD-6AFC0D8079D4}","created_us":" ","created_da":null,"last_edite":"RASOO","last_edi_1":1769990400000,"VALIDATION":2}},{"type":"Feature","id":501,"geometry":{"type":"Polygon","coordinates":[[[50.204876054483059,26.294937833907831],[50.204879345482929,26.294933466907715],[50.204887960482402,26.294922035907497],[50.205076167478396,26.294889735903109],[50.205080263478919,26.29491082290301],[50.205099121481439,26.295007922902609],[50.204890728485822,26.295042139907487],[50.204876054483059,26.294937833907831]]]},"properties":{"FID":501,"OBJECTID":1463314,"fclass":"Building","name":"Private","type":"Commercial/Residential","Shape_Leng":0.00064765256762699995,"Shape_Area":2.47911663857e-08,"Road_Name":"16th Street","GlobalID":"{9EE20DEC-D8CD-48A9-96D0-631D22B4C4C6}","created_us":" ","created_da":null,"last_edite":"RASOO","last_edi_1":1769990400000,"VALIDATION":2}},{"type":"Feature","id":502,"geometry":{"type":"Polygon","coordinates":[[[50.205223721491542,26.295431198899838],[50.205434838486852,26.295389595894886],[50.205444637488014,26.295435893894705],[50.205391373489206,26.295447342895951],[50.205406276490969,26.295516886895616],[50.205252391494405,26.295546819899219],[50.205223721491542,26.295431198899838]]]},"properties":{"FID":502,"OBJECTID":1463315,"fclass":"Building","name":"Private","type":"Residential","Shape_Leng":0.000663995979613,"Shape_Area":2.15152088897e-08,"Road_Name":"Prince Mashari Street","GlobalID":"{4765ABF1-E429-4D17-8D46-8D04C7F820E9}","created_us":" ","created_da":null,"last_edite":"RASOO","last_edi_1":1769990400000,"VALIDATION":2}},{"type":"Feature","id":503,"geometry":{"type":"Polygon","coordinates":[[[50.205073070505833,26.295842747903531],[50.205131500504656,26.295834108902181],[50.205127765504294,26.295820058902247],[50.205286087500937,26.295793574898489],[50.205307472503605,26.295899878898069],[50.205242100505004,26.295910647899571],[50.205238685504618,26.295895116899668],[50.205176882505938,26.295905290901135],[50.205179534506328,26.295920954901071],[50.205113099507734,26.295931899902602],[50.205100699506403,26.295878899902895],[50.205082699506789,26.295882299903287],[50.205073070505833,26.295842747903531]]]},"properties":{"FID":503,"OBJECTID":1463316,"fclass":"Building","name":"Private","type":"Residential","Shape_Leng":0.00068402279778299999,"Shape_Area":2.0661792952e-08,"Road_Name":"17th Street","GlobalID":"{CC936243-E8CE-42C7-894D-3D1021EC90B8}","created_us":" ","created_da":null,"last_edite":"RASOO","last_edi_1":1769990400000,"VALIDATION":2}},{"type":"Feature","id":504,"geometry":{"type":"Polygon","coordinates":[[[50.205381072508544,26.296113691896387],[50.205387726508405,26.296112582896257],[50.205390838508343,26.29611206389621],[50.205381463507223,26.296067380896421],[50.205564662503186,26.296032807892075],[50.205576186504949,26.296100364891856],[50.205533653505888,26.296108589892839],[50.205530152505986,26.296109266892927],[50.205530969506142,26.296115148892898],[50.205535950507048,26.296151025892797],[50.205395327509933,26.296170164896104],[50.205381072508544,26.296113691896387]]]},"properties":{"FID":504,"OBJECTID":1463317,"fclass":"Building","name":"Private","type":"Residential","Shape_Leng":0.00059973246532900001,"Shape_Area":1.8471304825e-08,"Road_Name":"Prince Mashari Street","GlobalID":"{4F60E090-B463-4F87-8E6C-2B78A4C12238}","created_us":" ","created_da":null,"last_edite":"RASOO","last_edi_1":1769990400000,"VALIDATION":2}},{"type":"Feature","id":505,"geometry":{"type":"Polygon","coordinates":[[[50.205195980523122,26.296514140900886],[50.20529853452085,26.296495196898455],[50.205317382520484,26.296492207898012],[50.20534163151995,26.296488362897463],[50.205343443519901,26.296488254897426],[50.205345750520316,26.296502069897375],[50.205402558519147,26.296495558896062],[50.205429431522326,26.296620901895459],[50.205250072525978,26.296645575899625],[50.20522350052596,26.296628493900243],[50.205195980523122,26.296514140900886]]]},"properties":{"FID":505,"OBJECTID":1463318,"fclass":"Building","name":"Private","type":"Commercial/Residential","Shape_Leng":0.00067937236496600005,"Shape_Area":2.79118648402e-08,"Road_Name":"19th Street","GlobalID":"{1D7B30FE-80B3-49B8-BFC6-F09A8CC25C9A}","created_us":" ","created_da":null,"last_edite":"RASOO","last_edi_1":1769990400000,"VALIDATION":2}},{"type":"Feature","id":506,"geometry":{"type":"Polygon","coordinates":[[[50.205308547536369,26.29704076289843],[50.205281251533449,26.29692294789902],[50.205477779529332,26.296892278894408],[50.205504523531879,26.296997289893845],[50.205370268534864,26.297023511896953],[50.205371818535092,26.297033037896966],[50.205308547536369,26.29704076289843]]]},"properties":{"FID":506,"OBJECTID":1463319,"fclass":"Building","name":"Private","type":"Residential","Shape_Leng":0.00063838930945499999,"Shape_Area":2.2825236672499999e-08,"Road_Name":"Prince Ahmad Street","GlobalID":"{6E5DEA3E-0210-40BC-BF1F-106F2F01C1CB}","created_us":" ","created_da":null,"last_edite":"RASOO","last_edi_1":1769990400000,"VALIDATION":2}},{"type":"Feature","id":507,"geometry":{"type":"Polygon","coordinates":[[[50.205362601544564,26.297355505897265],[50.205533965540788,26.297323302893265],[50.205553900543293,26.297421443892787],[50.205384102547121,26.297457413896772],[50.205362601544564,26.297355505897265]]]},"properties":{"FID":507,"OBJECTID":1463320,"fclass":"Building","name":"Private","type":"Residential","Shape_Leng":0.00055222638614199995,"Shape_Area":1.7768483335800001e-08,"Road_Name":"Prince Ahmad Street","GlobalID":"{D515132E-951F-4229-ACD6-3F49B0A5464D}","created_us":" ","created_da":null,"last_edite":"RASOO","last_edi_1":1769990400000,"VALIDATION":2}},{"type":"Feature","id":508,"geometry":{"type":"Polygon","coordinates":[[[50.206045136563489,26.298407605881668],[50.205839378567845,26.298440938886511],[50.205818501564835,26.298324027886942],[50.206022563560715,26.298296872882176],[50.206045136563489,26.298407605881668]]]},"properties":{"FID":508,"OBJECTID":1463321,"fclass":"Building","name":"Private","type":"Residential","Shape_Leng":0.00064607210027699995,"Shape_Area":2.39803169213e-08,"Road_Name":"Prince Mashari Street","GlobalID":"{C33E8827-5E5E-4CBB-91EE-144FFC001783}","created_us":" ","created_da":null,"last_edite":"RASOO","last_edi_1":1769990400000,"VALIDATION":2}},{"type":"Feature","id":509,"geometry":{"type":"Polygon","coordinates":[[[50.205945299466222,26.294965492882824],[50.20595108246701,26.294995944882732],[50.205903278468064,26.295003719883823],[50.205897651467296,26.294974044883944],[50.205945299466222,26.294965492882824]]]},"properties":{"FID":509,"OBJECTID":1463322,"fclass":"Building","name":"Private","type":"Residential","Shape_Leng":0.00015804156946499999,"Shape_Area":1.4813833682999999e-09,"Road_Name":"Prince Methab Street","GlobalID":"{476D848E-070A-40CF-9A8F-6DC21A487826}","created_us":" ","created_da":null,"last_edite":"RASOO","last_edi_1":1769990400000,"VALIDATION":2}},{"type":"Feature","id":510,"geometry":{"type":"Polygon","coordinates":[[[50.205655854496882,26.29586516988989],[50.205652015496405,26.295847704889997],[50.205702219495393,26.295839572888813],[50.205704329495838,26.295857362888786],[50.205655854496882,26.29586516988989]]]},"properties":{"FID":510,"OBJECTID":1463323,"fclass":"Building","name":"Private","type":"Residential","Shape_Leng":0.000135754627776,"Shape_Area":8.9343731418699995e-10,"Road_Name":"Prince Mashari Street","GlobalID":"{52055465-0848-4244-94C8-4B2D30E95647}","created_us":" ","created_da":null,"last_edite":"RASOO","last_edi_1":1769990400000,"VALIDATION":2}},{"type":"Feature","id":511,"geometry":{"type":"Polygon","coordinates":[[[50.20570946250384,26.296138556888728],[50.205926441498988,26.296093739883656],[50.205954266502204,26.296221300883047],[50.205733598506868,26.296256812888217],[50.20570946250384,26.296138556888728]]]},"properties":{"FID":511,"OBJECTID":1463324,"fclass":"Building","name":"Private","type":"Residential","Shape_Leng":0.000696320759211,"Shape_Area":2.7938761944800001e-08,"Road_Name":"Prince Mashari Street","GlobalID":"{BE7FFA8A-FD34-4B56-89BA-A6417863346F}","created_us":" ","created_da":null,"last_edite":"RASOO","last_edi_1":1769990400000,"VALIDATION":2}},{"type":"Feature","id":512,"geometry":{"type":"Polygon","coordinates":[[[50.206144038514964,26.296773885878832],[50.20614739551533,26.29678979887872],[50.206091184516509,26.296798921880093],[50.206088057516176,26.296784257880109],[50.206144038514964,26.296773885878832]]]},"properties":{"FID":512,"OBJECTID":1463325,"fclass":"Building","name":"Private","type":"Residential","Shape_Leng":0.00014513719649199999,"Shape_Area":8.8922509128500004e-10,"Road_Name":"Prince Methab Street","GlobalID":"{48578DD6-8465-4089-849A-1B21DFB08675}","created_us":" ","created_da":null,"last_edite":"RASOO","last_edi_1":1769990400000,"VALIDATION":2}},{"type":"Feature","id":513,"geometry":{"type":"Polygon","coordinates":[[[50.205931430525546,26.297021465883883],[50.205941309527198,26.297083988883674],[50.205900164528103,26.297092428884628],[50.205889572526488,26.297029119884876],[50.205931430525546,26.297021465883883]]]},"properties":{"FID":513,"OBJECTID":1463326,"fclass":"Building","name":"Private","type":"Residential","Shape_Leng":0.00021204135691499999,"Shape_Area":2.6934734414800001e-09,"Road_Name":"Prince Mashari Street","GlobalID":"{13E7973B-165E-49BA-9792-C204A9E37A64}","created_us":" ","created_da":null,"last_edite":"RASOO","last_edi_1":1769990400000,"VALIDATION":2}},{"type":"Feature","id":514,"geometry":{"type":"Polygon","coordinates":[[[50.205946067529496,26.297167507883579],[50.205954130530586,26.29721008288341],[50.205922423531284,26.29721618888416],[50.205914983530192,26.297173758884302],[50.205946067529496,26.297167507883579]]]},"properties":{"FID":514,"OBJECTID":1463327,"fclass":"Building","name":"Private","type":"Residential","Shape_Leng":0.00015040501945000001,"Shape_Area":1.38227988183e-09,"Road_Name":"Prince Mashari Street","GlobalID":"{5B5A0F91-2D6D-440E-8BA0-232AE7B11405}","created_us":" ","created_da":null,"last_edite":"RASOO","last_edi_1":1769990400000,"VALIDATION":2}},{"type":"Feature","id":515,"geometry":{"type":"Polygon","coordinates":[[[50.206126531517455,26.296850532879287],[50.206137213518353,26.296888216878987],[50.206160410517896,26.2968852558785],[50.206161841518096,26.296893557878438],[50.2061814065177,26.296890929877986],[50.206190907518447,26.296923441877777],[50.206115293520078,26.29693569287954],[50.206101976517985,26.296856009879868],[50.206126531517455,26.296850532879287]]]},"properties":{"FID":515,"OBJECTID":1463328,"fclass":"Building","name":"Private","type":"Residential","Shape_Leng":0.00030713745284599998,"Shape_Area":4.0613298848299998e-09,"Road_Name":"Prince Methab Street","GlobalID":"{25378503-3870-476D-AEFC-0C04DF950ADE}","created_us":" ","created_da":null,"last_edite":"RASOO","last_edi_1":1769990400000,"VALIDATION":2}},{"type":"Feature","id":516,"geometry":{"type":"Polygon","coordinates":[[[50.2060936545167,26.296806202879999],[50.206119590516131,26.296801727879419],[50.206128015517102,26.296839257879224],[50.206099852517653,26.296843307879858],[50.2060936545167,26.296806202879999]]]},"properties":{"FID":516,"OBJECTID":1463330,"fclass":"Building","name":"Private","type":"Residential","Shape_Leng":0.00013085506648499999,"Shape_Area":1.0405849847099999e-09,"Road_Name":"Prince Methab Street","GlobalID":"{FC6111A9-E405-42AA-B0A1-D34A100BE787}","created_us":" ","created_da":null,"last_edite":"RASOO","last_edi_1":1769990400000,"VALIDATION":2}},{"type":"Feature","id":517,"geometry":{"type":"Polygon","coordinates":[[[50.206113772520254,26.296941330879569],[50.206135126519811,26.296937780879109],[50.206156997522463,26.297042336878636],[50.206202574521519,26.297035921877537],[50.20620590952209,26.297058939877498],[50.206133653523644,26.297069811879162],[50.206113772520254,26.296941330879569]]]},"properties":{"FID":517,"OBJECTID":1463331,"fclass":"Building","name":"Private","type":"Residential","Shape_Leng":0.00040083008971799998,"Shape_Area":4.3288724271699997e-09,"Road_Name":"Prince Methab Street","GlobalID":"{EF09ECD4-98F3-4B8A-ADF2-09549CF6BA2A}","created_us":" ","created_da":null,"last_edite":"RASOO","last_edi_1":1769990400000,"VALIDATION":2}},{"type":"Feature","id":518,"geometry":{"type":"Polygon","coordinates":[[[50.205883409525534,26.296993413884998],[50.205924740524672,26.296987618884035],[50.205929377525216,26.2970084828839],[50.205929683525277,26.297010423883883],[50.205887436526119,26.297016344884899],[50.205883409525534,26.296993413884998]]]},"properties":{"FID":518,"OBJECTID":1463332,"fclass":"Building","name":"Private","type":"Residential","Shape_Leng":0.00013101514119500001,"Shape_Area":9.8321199728999995e-10,"Road_Name":"Prince Mashari Street","GlobalID":"{07FF34C5-A7D5-4ED4-A5B4-6377792D00D5}","created_us":" ","created_da":null,"last_edite":"RASOO","last_edi_1":1769990400000,"VALIDATION":2}},{"type":"Feature","id":519,"geometry":{"type":"Polygon","coordinates":[[[50.206246504536203,26.297572309876699],[50.206266050535724,26.297568049876261],[50.206283127537723,26.297647176875881],[50.206295118537497,26.297645880875613],[50.206305177538759,26.297694561875353],[50.206277617539307,26.297699032876007],[50.206246504536203,26.297572309876699]]]},"properties":{"FID":519,"OBJECTID":1463333,"fclass":"Building","name":"Private","type":"Residential","Shape_Leng":0.000321130696569,"Shape_Area":2.9661451501400002e-09,"Road_Name":"20th Street","GlobalID":"{1E58498F-2989-4AFE-BD26-A62E8CBD83CE}","created_us":" ","created_da":null,"last_edite":"RASOO","last_edi_1":1769990400000,"VALIDATION":2}},{"type":"Feature","id":520,"geometry":{"type":"Polygon","coordinates":[[[50.206103427553543,26.298094268880234],[50.20614215455273,26.298088282879313],[50.206154267553721,26.29812853787903],[50.206114797554527,26.298135840879976],[50.206103427553543,26.298094268880234]]]},"properties":{"FID":520,"OBJECTID":1463334,"fclass":"Building","name":"Private","type":"Residential","Shape_Leng":0.000164463608171,"Shape_Area":1.6776728772600001e-09,"Road_Name":"Prince Mashari Street","GlobalID":"{D6CAE334-6A4E-4148-8309-E348929D44C9}","created_us":" ","created_da":null,"last_edite":"RASOO","last_edi_1":1769990400000,"VALIDATION":2}},{"type":"Feature","id":521,"geometry":{"type":"Polygon","coordinates":[[[50.206174553560857,26.298388720878666],[50.206148301557768,26.298266210879252],[50.206192927556764,26.298257655878192],[50.206196267557225,26.298274312878121],[50.206172284557752,26.298279174878644],[50.206190110559604,26.298354689878316],[50.206225112558805,26.298346587877457],[50.206232390559556,26.298377257877291],[50.206174553560857,26.298388720878666]]]},"properties":{"FID":521,"OBJECTID":1463335,"fclass":"Building","name":"Private","type":"Residential","Shape_Leng":0.00041619083333600002,"Shape_Area":4.2505392760800004e-09,"Road_Name":"Prince Mashari Street","GlobalID":"{39A0BFBA-BC0C-4D1F-9597-3F2401FFFD6B}","created_us":" ","created_da":null,"last_edite":"RASOO","last_edi_1":1769990400000,"VALIDATION":2}},{"type":"Feature","id":522,"geometry":{"type":"Polygon","coordinates":[[[50.206744121547622,26.298254702865332],[50.206746009547849,26.298264615865293],[50.206780937547109,26.29825918786447],[50.206788179547793,26.298287498864294],[50.206738929548905,26.298296711865436],[50.206731222547873,26.298256757865627],[50.206744121547622,26.298254702865332]]]},"properties":{"FID":522,"OBJECTID":1463336,"fclass":"Building","name":"Private","type":"Residential","Shape_Leng":0.00017851754460100001,"Shape_Area":1.6028209800300001e-09,"Road_Name":"Prince Methab Street","GlobalID":"{4B5D81F9-5982-4473-971A-6887C1ABE568}","created_us":" ","created_da":null,"last_edite":"RASOO","last_edi_1":1769990400000,"VALIDATION":2}},{"type":"Feature","id":523,"geometry":{"type":"Polygon","coordinates":[[[50.206665925538921,26.297907489867054],[50.206880730534387,26.297873578862021],[50.206904796537167,26.297984511861468],[50.206688582541751,26.298019512866549],[50.206665925538921,26.297907489867054]]]},"properties":{"FID":523,"OBJECTID":1463337,"fclass":"Building","name":"Private","type":"Residential","Shape_Leng":0.00066429866132100004,"Shape_Area":2.4829511878099999e-08,"Road_Name":"Prince Methab Street","GlobalID":"{EFCED020-9791-4180-BF75-D34454C7111F}","created_us":" ","created_da":null,"last_edite":"RASOO","last_edi_1":1769990400000,"VALIDATION":2}},{"type":"Feature","id":524,"geometry":{"type":"Polygon","coordinates":[[[50.206691262507825,26.296839594866093],[50.2068071645053,26.296819866863341],[50.206804698504918,26.296803700863414],[50.206861963503734,26.296794932862042],[50.206888269506912,26.296920972861514],[50.206712359510846,26.296956592865588],[50.206691262507825,26.296839594866093]]]},"properties":{"FID":524,"OBJECTID":1463338,"fclass":"Building","name":"Private","type":"Residential","Shape_Leng":0.00061897527284300005,"Shape_Area":2.15805840082e-08,"Road_Name":"Prince Abdul Rahman Street","GlobalID":"{9C7F2C40-1E18-4AE0-8FA8-7C0E2F9A7C75}","created_us":" ","created_da":null,"last_edite":"RASOO","last_edi_1":1769990400000,"VALIDATION":2}},{"type":"Feature","id":525,"geometry":{"type":"Polygon","coordinates":[[[50.206652079502419,26.296629436866922],[50.206658929503043,26.29665601486678],[50.206669341502796,26.296653274866536],[50.206676830503845,26.296692508866339],[50.206648449504378,26.296696772867001],[50.206634318502807,26.296633786867325],[50.206652079502419,26.296629436866922]]]},"properties":{"FID":525,"OBJECTID":1463340,"fclass":"Building","name":"Private","type":"Residential","Shape_Leng":0.00018969255207500001,"Shape_Area":1.63949214198e-09,"Road_Name":"19th Street","GlobalID":"{C76FC0AA-8380-459E-861F-C53658B182E5}","created_us":" ","created_da":null,"last_edite":"RASOO","last_edi_1":1769990400000,"VALIDATION":2}},{"type":"Feature","id":526,"geometry":{"type":"Polygon","coordinates":[[[50.20685717849814,26.296599222862124],[50.20687064649978,26.296663378861844],[50.206824409500754,26.29667032886292],[50.206814482499084,26.296606756863092],[50.20685717849814,26.296599222862124]]]},"properties":{"FID":526,"OBJECTID":1463341,"fclass":"Building","name":"Private","type":"Residential","Shape_Leng":0.00022000883662899999,"Shape_Area":2.9245218511500002e-09,"Road_Name":"19th Street","GlobalID":"{D1C2E84A-28DD-4D57-B39E-D980604FF481}","created_us":" ","created_da":null,"last_edite":"RASOO","last_edi_1":1769990400000,"VALIDATION":2}},{"type":"Feature","id":527,"geometry":{"type":"Polygon","coordinates":[[[50.206470692479684,26.295734280870835],[50.206690166474985,26.29569619486568],[50.206715838477841,26.295810471865131],[50.206486759482573,26.295844517870506],[50.206470692479684,26.295734280870835]]]},"properties":{"FID":527,"OBJECTID":1463342,"fclass":"Building","name":"Private","type":"Residential","Shape_Leng":0.00068287604656000001,"Shape_Area":2.59292864507e-08,"Road_Name":"Prince Abdul Rahman Street","GlobalID":"{4CE1FAB0-C626-47A4-8A12-2D826942BE1D}","created_us":" ","created_da":null,"last_edite":"RASOO","last_edi_1":1769990400000,"VALIDATION":2}},{"type":"Feature","id":528,"geometry":{"type":"Polygon","coordinates":[[[50.206405728469811,26.295353112872235],[50.206602412465813,26.295326124867643],[50.206619414468463,26.295428766867271],[50.206596744469692,26.295458991867797],[50.206429244473327,26.295488587871713],[50.206405728469811,26.295353112872235]]]},"properties":{"FID":528,"OBJECTID":1463345,"fclass":"Building","name":"Private","type":"Residential","Shape_Leng":0.00064794498295199998,"Shape_Area":2.6104333331200001e-08,"Road_Name":"17th Street","GlobalID":"{FF7A7773-41B2-4DF8-9BDA-1B9AF23FD6CE}","created_us":" ","created_da":null,"last_edite":"RASOO","last_edi_1":1769990400000,"VALIDATION":2}},{"type":"Feature","id":529,"geometry":{"type":"Polygon","coordinates":[[[50.206281312457982,26.294869876874991],[50.206297744457608,26.294866578874583],[50.206285408456203,26.294810310874873],[50.206510146451414,26.294773172869572],[50.20653445745463,26.294898993869094],[50.206293478459678,26.294936952874725],[50.206281312457982,26.294869876874991]]]},"properties":{"FID":529,"OBJECTID":1463347,"fclass":"Building","name":"Private","type":"Residential","Shape_Leng":0.00074241880874400005,"Shape_Area":3.0019078409599998e-08,"Road_Name":"Prince Abdul Rahman Street","GlobalID":"{392E9E1E-70A2-4FFF-8935-72AAD1156C66}","created_us":" ","created_da":null,"last_edite":"RASOO","last_edi_1":1769990400000,"VALIDATION":2}},{"type":"Feature","id":530,"geometry":{"type":"Polygon","coordinates":[[[50.207041366435575,26.294528061857122],[50.207105343442315,26.294797963855739],[50.20686458744747,26.294838642861361],[50.206810358440585,26.294568228862538],[50.207041366435575,26.294528061857122]]]},"properties":{"FID":530,"OBJECTID":1463349,"fclass":"Building","name":"Private","type":"Commercial/Residential","Shape_Leng":0.00103182133971,"Shape_Area":6.6114529918999995e-08,"Road_Name":"16th Street","GlobalID":"{31BD77CE-8AED-4C7A-A3AF-5AD38CC81BB3}","created_us":" ","created_da":null,"last_edite":"RASOO","last_edi_1":1769990400000,"VALIDATION":2}},{"type":"Feature","id":531,"geometry":{"type":"Polygon","coordinates":[[[50.206909563455845,26.295156771860409],[50.206924268457641,26.295227836860075],[50.20690987445797,26.295231309860409],[50.206916762459116,26.29527400986025],[50.20680862746142,26.295292492862814],[50.206809022461513,26.295296299862777],[50.206758235462594,26.295304024863963],[50.206754897462105,26.295286592864048],[50.206737505462513,26.295290008864466],[50.206733157461926,26.295267336864573],[50.206704735462544,26.295272887865256],[50.206690297460689,26.295199630865508],[50.206909563455845,26.295156771860409]]]},"properties":{"FID":531,"OBJECTID":1463350,"fclass":"Building","name":"Private","type":"Residential","Shape_Leng":0.00068113018536900005,"Shape_Area":2.3720053105399999e-08,"Road_Name":"Prince Abdul Rahman Street","GlobalID":"{320B2066-4A42-4210-BE7F-B5BC27D83573}","created_us":" ","created_da":null,"last_edite":"RASOO","last_edi_1":1769990400000,"VALIDATION":2}},{"type":"Feature","id":532,"geometry":{"type":"Polygon","coordinates":[[[50.206854988475051,26.295793390861871],[50.206838421473066,26.295714485862238],[50.206801502473915,26.295723965863111],[50.206797006473316,26.295699574863193],[50.206971457469287,26.295660934859157],[50.20697272846914,26.295655021859076],[50.207012758468217,26.295646427858191],[50.207020210469246,26.295687708858029],[50.206982241470108,26.295693990858872],[50.206997337472046,26.29577086485854],[50.206854988475051,26.295793390861871]]]},"properties":{"FID":532,"OBJECTID":1463351,"fclass":"Building","name":"Private","type":"Residential","Shape_Leng":0.00067210919314600001,"Shape_Area":1.8226041329599999e-08,"Road_Name":"Prince Abdul Rahman Street","GlobalID":"{B2D414E4-7F7A-41FA-A9F8-EF3EA37A0E75}","created_us":" ","created_da":null,"last_edite":"RASOO","last_edi_1":1769990400000,"VALIDATION":2}},{"type":"Feature","id":533,"geometry":{"type":"Polygon","coordinates":[[[50.207083900475098,26.29592624185657],[50.207117224474317,26.295919593855832],[50.207127519475691,26.295971516855616],[50.207095587476395,26.295978425856333],[50.207083900475098,26.29592624185657]]]},"properties":{"FID":533,"OBJECTID":1463352,"fclass":"Building","name":"Private","type":"Residential","Shape_Leng":0.00017306200603599999,"Shape_Area":1.77290409087e-09,"Road_Name":"Prince Abdul Mohshin Street","GlobalID":"{04E96C56-4730-43A7-98D4-F9024D029C6C}","created_us":" ","created_da":null,"last_edite":"RASOO","last_edi_1":1769990400000,"VALIDATION":2}},{"type":"Feature","id":534,"geometry":{"type":"Polygon","coordinates":[[[50.207305306470161,26.295882070851423],[50.207315149472038,26.29595350985117],[50.207316580472309,26.295963892851162],[50.207249541473722,26.295974276852736],[50.207236069471712,26.29589588285301],[50.207305306470161,26.295882070851423]]]},"properties":{"FID":534,"OBJECTID":1463353,"fclass":"Building","name":"Private","type":"Residential","Shape_Leng":0.00030057788752200002,"Shape_Area":5.6080727865800001e-09,"Road_Name":"Prince Abdul Mohshin Street","GlobalID":"{22AA5348-69A7-4302-BE5E-CBC103A1B489}","created_us":" ","created_da":null,"last_edite":"RASOO","last_edi_1":1769990400000,"VALIDATION":2}},{"type":"Feature","id":535,"geometry":{"type":"Polygon","coordinates":[[[50.207453135495754,26.296856934848304],[50.207469832498361,26.296958000847905],[50.207315339501612,26.296981607851531],[50.20729504949913,26.296883669852011],[50.207453135495754,26.296856934848304]]]},"properties":{"FID":535,"OBJECTID":1463354,"fclass":"Building","name":"Private","type":"Residential","Shape_Leng":0.00051907057511499995,"Shape_Area":1.60166177088e-08,"Road_Name":"Prince Abdul Mohshin Street","GlobalID":"{C5A9F20F-D208-4C38-932C-E242703203F2}","created_us":" ","created_da":null,"last_edite":"RASOO","last_edi_1":1769990400000,"VALIDATION":2}},{"type":"Feature","id":536,"geometry":{"type":"Polygon","coordinates":[[[50.207257658504197,26.29704006885293],[50.20727409650668,26.297133859852554],[50.207100346510359,26.297163826856618],[50.207080594508035,26.29707030285708],[50.207257658504197,26.29704006885293]]]},"properties":{"FID":536,"OBJECTID":1463355,"fclass":"Building","name":"Private","type":"Residential","Shape_Leng":0.00054674961799000001,"Shape_Area":1.69728496455e-08,"Road_Name":"Prince Abdul Rahman Street","GlobalID":"{0B90CBAA-3FDE-47D4-8049-37963ECC720F}","created_us":" ","created_da":null,"last_edite":"RASOO","last_edi_1":1769990400000,"VALIDATION":2}},{"type":"Feature","id":537,"geometry":{"type":"Polygon","coordinates":[[[50.20068594362828,26.297587618006546],[50.200686985628565,26.297597456006489],[50.20073409462762,26.297590743005454],[50.200762496630816,26.297718419004802],[50.200806861629907,26.297711637003765],[50.200812432630514,26.297737101003666],[50.200655963633764,26.297759959007283],[50.200631254630522,26.297633012007822],[50.200619680630766,26.297634639008105],[50.200615158630029,26.297607511008191],[50.200660942629085,26.297600813007136],[50.200659322628873,26.297591553007155],[50.20068594362828,26.297587618006546]]]},"properties":{"FID":537,"OBJECTID":1463356,"fclass":"Building","name":"Private","type":"Residential","Shape_Leng":0.00066845300025699999,"Shape_Area":1.91311627539e-08,"Road_Name":"Al Amir Humud Bin Abdulaziz Street","GlobalID":"{21D05E3D-F983-496F-9B63-D189E7C62B28}","created_us":" ","created_da":null,"last_edite":"RASOO","last_edi_1":1769990400000,"VALIDATION":2}},{"type":"Feature","id":538,"geometry":{"type":"Polygon","coordinates":[[[50.20198950355789,26.295884551975526],[50.202226014552728,26.295841434970022],[50.202247631555863,26.295962307969511],[50.202235525556155,26.295964800969802],[50.202242424556843,26.295994018969672],[50.202016006561557,26.296028358974961],[50.20198950355789,26.295884551975526]]]},"properties":{"FID":538,"OBJECTID":1463357,"fclass":"Building","name":"Private","type":"Residential","Shape_Leng":0.00078081746050699999,"Shape_Area":3.5604960411099997e-08,"Road_Name":"Prince Mashhour Street","GlobalID":"{2E8D0E8A-36F5-4028-B25B-88876037AEAA}","created_us":" ","created_da":null,"last_edite":"RASOO","last_edi_1":1769990400000,"VALIDATION":2}},{"type":"Feature","id":539,"geometry":{"type":"Polygon","coordinates":[[[50.203492941619892,26.298904475941434],[50.203509912622465,26.299004537941077],[50.20346005862352,26.299012669942254],[50.203440149621024,26.298914263942677],[50.203492941619892,26.298904475941434]]]},"properties":{"FID":539,"OBJECTID":1463358,"fclass":"Building","name":"Private","type":"Residential","Shape_Leng":0.00030609531645399998,"Shape_Area":5.25820898297e-09,"Road_Name":"22nd Street","GlobalID":"{BB2A45AA-E683-4044-94F2-254A1DCFEABF}","created_us":" ","created_da":null,"last_edite":"RASOO","last_edi_1":1769990400000,"VALIDATION":2}},{"type":"Feature","id":540,"geometry":{"type":"Polygon","coordinates":[[[50.203425364619143,26.298841186943026],[50.203445562618704,26.298836943942511],[50.203456798620309,26.298898154942282],[50.203437652620742,26.298901922942722],[50.203425364619143,26.298841186943026]]]},"properties":{"FID":540,"OBJECTID":1463359,"fclass":"Building","name":"Private","type":"Residential","Shape_Leng":0.000164352391733,"Shape_Area":1.2465833835199999e-09,"Road_Name":"Prince Abdul Salam Street","GlobalID":"{74C7D0E3-5425-4CB3-B54A-42BE4741BF2F}","created_us":" ","created_da":null,"last_edite":"RASOO","last_edi_1":1769990400000,"VALIDATION":2}},{"type":"Feature","id":541,"geometry":{"type":"Polygon","coordinates":[[[50.203497672545176,26.296308029940459],[50.203500877545096,26.29630728794039],[50.203610717542624,26.296285022937838],[50.203619669543727,26.296327277937618],[50.203641978543232,26.296323694937069],[50.203643330543507,26.29633323793707],[50.203506634546422,26.296357105940249],[50.203499534545415,26.296318223940386],[50.203497672545176,26.296308029940459]]]},"properties":{"FID":541,"OBJECTID":1463360,"fclass":"Building","name":"Private","type":"Residential","Shape_Leng":0.00037944140552599999,"Shape_Area":6.2023041577300004e-09,"Road_Name":"Prince Miqren Bin Abdulaziz Street","GlobalID":"{8D460B37-64A8-435F-A8A1-EBDCC9E2AF85}","created_us":" ","created_da":null,"last_edite":"RASOO","last_edi_1":1769990400000,"VALIDATION":2}},{"type":"Feature","id":542,"geometry":{"type":"Polygon","coordinates":[[[50.20394651459916,26.298442908930681],[50.20415369759472,26.298407588925844],[50.204184602597898,26.298537533925195],[50.203972642602366,26.298571380930149],[50.20394651459916,26.298442908930681]]]},"properties":{"FID":542,"OBJECTID":1463361,"fclass":"Building","name":"Private","type":"Residential","Shape_Leng":0.00068948901079500004,"Shape_Area":2.8064619538699999e-08,"Road_Name":"Prince Mamdouh Street","GlobalID":"{D8FA9770-254F-4A27-A8E4-F92297C4AF85}","created_us":" ","created_da":null,"last_edite":"RASOO","last_edi_1":1769990400000,"VALIDATION":2}},{"type":"Feature","id":543,"geometry":{"type":"Polygon","coordinates":[[[50.204903077562093,26.297702020908108],[50.204898197561171,26.297667452908208],[50.204942771560269,26.297661159907165],[50.204947652561167,26.29769572890709],[50.204903077562093,26.297702020908108]]]},"properties":{"FID":543,"OBJECTID":1463364,"fclass":"Building","name":"Mosque","type":"Religious","Shape_Leng":0.00015985556459,"Shape_Area":1.5715841503399999e-09,"Road_Name":"20th Street","GlobalID":"{00E0B35F-B0A2-47AC-A194-AA5EB1915385}","created_us":" ","created_da":null,"last_edite":"RASOO","last_edi_1":1769472000000,"VALIDATION":0}},{"type":"Feature","id":544,"geometry":{"type":"Polygon","coordinates":[[[50.205841275521649,26.296834174885898],[50.205809213518222,26.296696483886628],[50.206051192512973,26.296652549880953],[50.206079676516318,26.296785759880326],[50.205841275521649,26.296834174885898]]]},"properties":{"FID":544,"OBJECTID":1463365,"fclass":"Recreation","name":"Childrens Playground","type":"Playground","Shape_Leng":0.00076679838051799999,"Shape_Area":3.3931696228899998e-08,"Road_Name":"19th Street","GlobalID":"{54F87DE4-A0DB-48A3-8959-BA1CFF7271E3}","created_us":" ","created_da":null,"last_edite":"RASOO","last_edi_1":1769472000000,"VALIDATION":0}},{"type":"Feature","id":545,"geometry":{"type":"Polygon","coordinates":[[[50.207199146455864,26.29532270085371],[50.20720671745682,26.295361368853541],[50.207191773457964,26.295392361853899],[50.207101008459908,26.295406751855996],[50.207085802458273,26.295341376856378],[50.207199146455864,26.29532270085371]]]},"properties":{"FID":545,"OBJECTID":1463366,"fclass":"Building","name":"Private","type":"Residential","Shape_Leng":0.00034770100996000001,"Shape_Area":7.3615185194800004e-09,"Road_Name":"17th Street","GlobalID":"{60721D23-8147-429F-8807-760257E0D071}","created_us":" ","created_da":null,"last_edite":"RASOO","last_edi_1":1769990400000,"VALIDATION":2}},{"type":"Feature","id":546,"geometry":{"type":"Polygon","coordinates":[[[50.200431283579512,26.295744344011851],[50.200517807577725,26.295730668009835],[50.200511679577112,26.295705750009972],[50.200616495574991,26.295692680007495],[50.200627970574764,26.295691249007238],[50.200642011576704,26.295767202006957],[50.20062726657703,26.295769778007291],[50.200629438577444,26.295785321007266],[50.200637543578331,26.295820815007062],[50.200452858582096,26.295846677011411],[50.200431283579512,26.295744344011851]]]},"properties":{"FID":546,"OBJECTID":1463367,"fclass":"Building","name":"Private","type":"Residential","Shape_Leng":0.00066582973042300002,"Shape_Area":2.3398148732e-08,"Road_Name":"16th Street","GlobalID":"{AB852D78-F57E-40B7-AF81-4775CF5FA518}","created_us":" ","created_da":null,"last_edite":"RASOO","last_edi_1":1769990400000,"VALIDATION":2}},{"type":"Feature","id":547,"geometry":{"type":"Polygon","coordinates":[[[50.206431380498721,26.296374138871968],[50.206444765500272,26.29643653487172],[50.206364175502031,26.296450600873545],[50.20635169450037,26.296385567873813],[50.206431380498721,26.296374138871968]]]},"properties":{"FID":547,"OBJECTID":1463368,"fclass":"Building","name":"Shop","type":"Commercial","Shape_Leng":0.00029234508993499999,"Shape_Area":5.2708160183999997e-09,"Road_Name":"19th Street","GlobalID":"{45AC24A0-B732-4327-A9B6-C85B40889185}","created_us":" ","created_da":null,"last_edite":"RASOO","last_edi_1":1769990400000,"VALIDATION":2}},{"type":"Feature","id":548,"geometry":{"type":"Polygon","coordinates":[[[50.202884673583966,26.2973060879551],[50.202887702584498,26.297327293955025],[50.202916835583864,26.297321773954334],[50.202918477584163,26.297332268954342],[50.202874419585079,26.297339411955374],[50.202870225584242,26.297307252955445],[50.202884673583966,26.2973060879551]]]},"properties":{"FID":548,"OBJECTID":1463369,"fclass":"Building","name":"Private","type":"Residential","Shape_Leng":0.00015325475056,"Shape_Area":7.7086650687800004e-10,"Road_Name":"Prince Hathool Street","GlobalID":"{C585C369-6ADC-4363-B749-9A74082D889A}","created_us":" ","created_da":null,"last_edite":"RASOO","last_edi_1":1769990400000,"VALIDATION":2}},{"type":"Feature","id":549,"geometry":{"type":"Polygon","coordinates":[[[50.203628686556449,26.296776117937547],[50.203814081552245,26.296735679933224],[50.203827699554232,26.296811499932932],[50.203790699554936,26.296815699933781],[50.203796699556079,26.296859399933648],[50.203648208559223,26.296883787937116],[50.203628686556449,26.296776117937547]]]},"properties":{"FID":549,"OBJECTID":1463370,"fclass":"Building","name":"Private","type":"Residential","Shape_Leng":0.00060804062449799998,"Shape_Area":2.0029463393899999e-08,"Road_Name":"19th Street","GlobalID":"{02FA9219-1E9E-46E1-A7E8-F77F8D044402}","created_us":" ","created_da":null,"last_edite":"RASOO","last_edi_1":1769990400000,"VALIDATION":2}},{"type":"Feature","id":550,"geometry":{"type":"Polygon","coordinates":[[[50.203703685549982,26.29659203493571],[50.203619372551849,26.296609025937737],[50.203601721549276,26.296509622938075],[50.203731341546508,26.296487471935052],[50.203742838548671,26.296569463934805],[50.203783174547823,26.296563616933849],[50.203790060548805,26.296601951933702],[50.203709918550608,26.296618952935585],[50.203703685549982,26.29659203493571]]]},"properties":{"FID":550,"OBJECTID":1463371,"fclass":"Building","name":"Private","type":"Residential","Shape_Leng":0.00059052097410199999,"Shape_Area":1.5639537930700001e-08,"Road_Name":"Prince Mamdouh Street","GlobalID":"{1F5DB0ED-2A73-40E0-9E8E-DC44149E31C9}","created_us":" ","created_da":null,"last_edite":"RASOO","last_edi_1":1769990400000,"VALIDATION":2}},{"type":"Feature","id":551,"geometry":{"type":"Polygon","coordinates":[[[50.202379239570682,26.296553414966631],[50.202596689565993,26.296515559961588],[50.202622125568936,26.296633046961034],[50.202399406573761,26.296671935966245],[50.202379239570682,26.296553414966631]]]},"properties":{"FID":551,"OBJECTID":1463372,"fclass":"Building","name":"Mosque","type":"Religious","Shape_Leng":0.00068724257877300003,"Shape_Area":2.68457904984e-08,"Road_Name":"Prince Hathool Street","GlobalID":"{2408BBA3-4CCE-4C6F-AC71-CEB018FDD052}","created_us":" ","created_da":null,"last_edite":"RASOO","last_edi_1":1769472000000,"VALIDATION":0}},{"type":"Feature","id":552,"geometry":{"type":"Polygon","coordinates":[[[50.202401037575591,26.296737458966213],[50.202583849571489,26.296700272961957],[50.202602959573646,26.296784614961513],[50.202424802577752,26.296826878965689],[50.202401037575591,26.296737458966213]]]},"properties":{"FID":552,"OBJECTID":1463373,"fclass":"Building","name":"Private","type":"Residential","Shape_Leng":0.000548661166846,"Shape_Area":1.6532278531799999e-08,"Road_Name":"Prince Hathool Street","GlobalID":"{9BFF57CB-36DB-4F79-A2C1-F6B395A12E50}","created_us":" ","created_da":null,"last_edite":"RASOO","last_edi_1":1769990400000,"VALIDATION":2}},{"type":"Feature","id":553,"geometry":{"type":"Polygon","coordinates":[[[50.205212280566258,26.298025297901003],[50.205240112569356,26.298149060900371],[50.205186890570509,26.298157756901627],[50.205156353567503,26.298036818902286],[50.205212280566258,26.298025297901003]]]},"properties":{"FID":553,"OBJECTID":1463374,"fclass":"Building","name":"Private","type":"Residential","Shape_Leng":0.00036261668662599999,"Shape_Area":6.9722288781599996e-09,"Road_Name":"Prince Ahmad Street","GlobalID":"{6E862B3F-CEB8-4806-B0DE-426680FF87B3}","created_us":" ","created_da":null,"last_edite":"RASOO","last_edi_1":1769990400000,"VALIDATION":2}},{"type":"Feature","id":554,"geometry":{"type":"Polygon","coordinates":[[[50.205290071577018,26.298443568899327],[50.205301654578406,26.298498780899088],[50.205259961579358,26.298508297900032],[50.205255940579001,26.29849336090016],[50.205249193579164,26.298494965900296],[50.205240428578094,26.298453010900513],[50.205290071577018,26.298443568899327]]]},"properties":{"FID":554,"OBJECTID":1463375,"fclass":"Building","name":"Private","type":"Residential","Shape_Leng":0.00021497709274700001,"Shape_Area":2.78445763446e-09,"Road_Name":"Prince Ahmad Street","GlobalID":"{2280F8D4-9B04-4B42-868D-A22C47922663}","created_us":" ","created_da":null,"last_edite":"RASOO","last_edi_1":1769990400000,"VALIDATION":2}}]}