{"type":"FeatureCollection","features":[{"type":"Feature","id":5,"geometry":{"type":"Point","coordinates":[50.207343882426855,26.294396767849978]},"properties":{"OBJECTID":5,"Road_Name":"16th Street","TreeType":"Palm Tree","GlobalID":"{91F64A2D-3EA5-47E8-B1FD-A99F096AEABA}","created_user":null,"created_date":null,"last_edited_user":"RASOO","last_edited_date":1769535551000,"VALIDATIONSTATUS":0}},{"type":"Feature","id":6,"geometry":{"type":"Point","coordinates":[50.207205662429836,26.294420955853216]},"properties":{"OBJECTID":6,"Road_Name":"16th Street","TreeType":"Palm Tree","GlobalID":"{9D2848F4-9555-48B7-B867-D3C002B45BCE}","created_user":null,"created_date":null,"last_edited_user":"RASOO","last_edited_date":1769535551000,"VALIDATIONSTATUS":0}},{"type":"Feature","id":7,"geometry":{"type":"Point","coordinates":[50.207085584432363,26.294440392856018]},"properties":{"OBJECTID":7,"Road_Name":"16th Street","TreeType":"Palm Tree","GlobalID":"{76219FA2-7917-4553-B474-C19ECE5D7F62}","created_user":null,"created_date":null,"last_edited_user":"RASOO","last_edited_date":1769535551000,"VALIDATIONSTATUS":0}},{"type":"Feature","id":8,"geometry":{"type":"Point","coordinates":[50.206968530434793,26.294457670858797]},"properties":{"OBJECTID":8,"Road_Name":"16th Street","TreeType":"Palm Tree","GlobalID":"{8930CD55-117B-4342-8444-956DA1A3FE2A}","created_user":null,"created_date":null,"last_edited_user":"RASOO","last_edited_date":1769535551000,"VALIDATIONSTATUS":0}},{"type":"Feature","id":9,"geometry":{"type":"Point","coordinates":[50.206883257432501,26.294329953860736]},"properties":{"OBJECTID":9,"Road_Name":"16th Street","TreeType":"Tree","GlobalID":"{08B21A30-4D72-4933-9173-969F1E3CC39D}","created_user":null,"created_date":null,"last_edited_user":"RASOO","last_edited_date":1769535551000,"VALIDATIONSTATUS":0}},{"type":"Feature","id":10,"geometry":{"type":"Point","coordinates":[50.20683386943363,26.294339755861927]},"properties":{"OBJECTID":10,"Road_Name":"16th Street","TreeType":"Tree","GlobalID":"{80005F5B-4211-4EC4-AC65-D43BDBC4A13E}","created_user":null,"created_date":null,"last_edited_user":"RASOO","last_edited_date":1769535551000,"VALIDATIONSTATUS":0}},{"type":"Feature","id":11,"geometry":{"type":"Point","coordinates":[50.20675970343504,26.294345816863625]},"properties":{"OBJECTID":11,"Road_Name":"16th Street","TreeType":"Tree","GlobalID":"{1B9B3715-81F1-47DD-9F63-D072E239D12E}","created_user":null,"created_date":null,"last_edited_user":"RASOO","last_edited_date":1769535551000,"VALIDATIONSTATUS":0}},{"type":"Feature","id":12,"geometry":{"type":"Point","coordinates":[50.206640367437039,26.294347526866396]},"properties":{"OBJECTID":12,"Road_Name":"16th Street","TreeType":"Tree","GlobalID":"{210D5FBD-E4D0-46D6-BA6A-C7B4104439E4}","created_user":null,"created_date":null,"last_edited_user":"RASOO","last_edited_date":1769535551000,"VALIDATIONSTATUS":0}},{"type":"Feature","id":13,"geometry":{"type":"Point","coordinates":[50.206831363437765,26.294481831861997]},"properties":{"OBJECTID":13,"Road_Name":"16th Street","TreeType":"Palm Tree","GlobalID":"{47A08D98-92B4-4D3D-BA1B-1B28D7C46D9B}","created_user":null,"created_date":null,"last_edited_user":"RASOO","last_edited_date":1769535551000,"VALIDATIONSTATUS":0}},{"type":"Feature","id":14,"geometry":{"type":"Point","coordinates":[50.206713256440082,26.294496679864739]},"properties":{"OBJECTID":14,"Road_Name":"16th Street","TreeType":"Palm Tree","GlobalID":"{08584DFE-EE91-403C-8647-43C388AF6BE4}","created_user":null,"created_date":null,"last_edited_user":"RASOO","last_edited_date":1769535551000,"VALIDATIONSTATUS":0}},{"type":"Feature","id":15,"geometry":{"type":"Point","coordinates":[50.206603247442395,26.294512876867344]},"properties":{"OBJECTID":15,"Road_Name":"16th Street","TreeType":"Palm Tree","GlobalID":"{3479467F-4AE6-40BB-9927-9E940EC978A3}","created_user":null,"created_date":null,"last_edited_user":"RASOO","last_edited_date":1769535551000,"VALIDATIONSTATUS":0}},{"type":"Feature","id":16,"geometry":{"type":"Point","coordinates":[50.206476366445116,26.294535823870316]},"properties":{"OBJECTID":16,"Road_Name":"16th Street","TreeType":"Palm Tree","GlobalID":"{D4EC2CC4-4C28-499C-BF0C-A3B6268AFC96}","created_user":null,"created_date":null,"last_edited_user":"RASOO","last_edited_date":1769535551000,"VALIDATIONSTATUS":0}},{"type":"Feature","id":17,"geometry":{"type":"Point","coordinates":[50.206331938448344,26.294564844873683]},"properties":{"OBJECTID":17,"Road_Name":"16th Street","TreeType":"Palm Tree","GlobalID":"{C0FDA3CC-ACB8-45EF-86CD-2704A795E2CB}","created_user":null,"created_date":null,"last_edited_user":"RASOO","last_edited_date":1769535551000,"VALIDATIONSTATUS":0}},{"type":"Feature","id":18,"geometry":{"type":"Point","coordinates":[50.206214505450824,26.294582391876457]},"properties":{"OBJECTID":18,"Road_Name":"16th Street","TreeType":"Palm Tree","GlobalID":"{E28B1BF2-FCE2-49C8-8F24-E79C19BBC0F2}","created_user":null,"created_date":null,"last_edited_user":"RASOO","last_edited_date":1769535551000,"VALIDATIONSTATUS":0}},{"type":"Feature","id":19,"geometry":{"type":"Point","coordinates":[50.206090999453473,26.294604663879309]},"properties":{"OBJECTID":19,"Road_Name":"16th Street","TreeType":"Palm Tree","GlobalID":"{284A02F6-D7F4-4AB6-8423-49F3F6D7822D}","created_user":null,"created_date":null,"last_edited_user":"RASOO","last_edited_date":1769535551000,"VALIDATIONSTATUS":0}},{"type":"Feature","id":20,"geometry":{"type":"Point","coordinates":[50.205961418456198,26.294625584882336]},"properties":{"OBJECTID":20,"Road_Name":"16th Street","TreeType":"Palm Tree","GlobalID":"{C97E60E0-F822-45AA-9BB5-11A655B70117}","created_user":null,"created_date":null,"last_edited_user":"RASOO","last_edited_date":1769535551000,"VALIDATIONSTATUS":0}},{"type":"Feature","id":21,"geometry":{"type":"Point","coordinates":[50.205719129461308,26.294663379888028]},"properties":{"OBJECTID":21,"Road_Name":"16th Street","TreeType":"Palm Tree","GlobalID":"{D7046DBF-A714-4572-B148-CD9E6B4B1FEB}","created_user":null,"created_date":null,"last_edited_user":"RASOO","last_edited_date":1769535551000,"VALIDATIONSTATUS":0}},{"type":"Feature","id":22,"geometry":{"type":"Point","coordinates":[50.205597648463751,26.29467890189089]},"properties":{"OBJECTID":22,"Road_Name":"16th Street","TreeType":"Palm Tree","GlobalID":"{599C6615-64DD-41DA-B246-36E542C1BDE5}","created_user":null,"created_date":null,"last_edited_user":"RASOO","last_edited_date":1769535551000,"VALIDATIONSTATUS":0}},{"type":"Feature","id":23,"geometry":{"type":"Point","coordinates":[50.205476166466404,26.294701173893696]},"properties":{"OBJECTID":23,"Road_Name":"16th Street","TreeType":"Palm Tree","GlobalID":"{C9AB6B18-3A38-40E8-A1E9-C2CA9C38FDBE}","created_user":null,"created_date":null,"last_edited_user":"RASOO","last_edited_date":1769535551000,"VALIDATIONSTATUS":0}},{"type":"Feature","id":24,"geometry":{"type":"Point","coordinates":[50.205339836469491,26.294731544896933]},"properties":{"OBJECTID":24,"Road_Name":"16th Street","TreeType":"Palm Tree","GlobalID":"{80C7A38B-A798-40A5-BC8B-8374313E85D2}","created_user":null,"created_date":null,"last_edited_user":"RASOO","last_edited_date":1769535551000,"VALIDATIONSTATUS":0}},{"type":"Feature","id":25,"geometry":{"type":"Point","coordinates":[50.205220379471911,26.294746391899704]},"properties":{"OBJECTID":25,"Road_Name":"16th Street","TreeType":"Palm Tree","GlobalID":"{9212019B-BC92-4749-A630-756B2B71B10E}","created_user":null,"created_date":null,"last_edited_user":"RASOO","last_edited_date":1769535551000,"VALIDATIONSTATUS":0}},{"type":"Feature","id":26,"geometry":{"type":"Point","coordinates":[50.205102947474394,26.294766638902459]},"properties":{"OBJECTID":26,"Road_Name":"16th Street","TreeType":"Palm Tree","GlobalID":"{DB81C3F9-ED47-47EF-B668-43DC166FBB74}","created_user":null,"created_date":null,"last_edited_user":"RASOO","last_edited_date":1769535551000,"VALIDATIONSTATUS":0}},{"type":"Feature","id":27,"geometry":{"type":"Point","coordinates":[50.205010485476294,26.294779461904586]},"properties":{"OBJECTID":27,"Road_Name":"16th Street","TreeType":"Palm Tree","GlobalID":"{E5CE4A87-FDCC-4CB5-BACE-5AEFEE1E1793}","created_user":null,"created_date":null,"last_edited_user":"RASOO","last_edited_date":1769535551000,"VALIDATIONSTATUS":0}},{"type":"Feature","id":28,"geometry":{"type":"Point","coordinates":[50.203469016508997,26.295031874940669]},"properties":{"OBJECTID":28,"Road_Name":"16th Street","TreeType":"Palm Tree","GlobalID":"{3B2A9F1F-B45D-4629-B9CD-9DAF41E869F7}","created_user":null,"created_date":null,"last_edited_user":"RASOO","last_edited_date":1769535551000,"VALIDATIONSTATUS":0}},{"type":"Feature","id":29,"geometry":{"type":"Point","coordinates":[50.203347534511558,26.295051446943553]},"properties":{"OBJECTID":29,"Road_Name":"16th Street","TreeType":"Palm Tree","GlobalID":"{5DCBC988-6BB3-414D-B92C-C9C4B59EB188}","created_user":null,"created_date":null,"last_edited_user":"RASOO","last_edited_date":1769535551000,"VALIDATIONSTATUS":0}},{"type":"Feature","id":30,"geometry":{"type":"Point","coordinates":[50.203232126513953,26.295068318946253]},"properties":{"OBJECTID":30,"Road_Name":"16th Street","TreeType":"Palm Tree","GlobalID":"{EC54C20C-B02F-46D6-98F5-F37044F9A865}","created_user":null,"created_date":null,"last_edited_user":"RASOO","last_edited_date":1769535551000,"VALIDATIONSTATUS":0}},{"type":"Feature","id":31,"geometry":{"type":"Point","coordinates":[50.203120768516342,26.295088565948813]},"properties":{"OBJECTID":31,"Road_Name":"16th Street","TreeType":"Palm Tree","GlobalID":"{AAEB8CA5-9412-422D-94C1-CA7B2CE2C751}","created_user":null,"created_date":null,"last_edited_user":"RASOO","last_edited_date":1769535551000,"VALIDATIONSTATUS":0}},{"type":"Feature","id":32,"geometry":{"type":"Point","coordinates":[50.202968241519677,26.295117586952436]},"properties":{"OBJECTID":32,"Road_Name":"16th Street","TreeType":"Palm Tree","GlobalID":"{1B7BF341-5ACD-4445-8F41-ADB57A54D623}","created_user":null,"created_date":null,"last_edited_user":"RASOO","last_edited_date":1769535551000,"VALIDATIONSTATUS":0}},{"type":"Feature","id":33,"geometry":{"type":"Point","coordinates":[50.202840685522247,26.295133783955396]},"properties":{"OBJECTID":33,"Road_Name":"16th Street","TreeType":"Palm Tree","GlobalID":"{8568EC5E-D45A-4F8B-809F-C5E4D566A121}","created_user":null,"created_date":null,"last_edited_user":"RASOO","last_edited_date":1769535551000,"VALIDATIONSTATUS":0}},{"type":"Feature","id":34,"geometry":{"type":"Point","coordinates":[50.202736750524593,26.295154705957817]},"properties":{"OBJECTID":34,"Road_Name":"16th Street","TreeType":"Palm Tree","GlobalID":"{87DE20C2-99AA-45B3-9E73-D8BDD249C0C1}","created_user":null,"created_date":null,"last_edited_user":"RASOO","last_edited_date":1769535551000,"VALIDATIONSTATUS":0}},{"type":"Feature","id":35,"geometry":{"type":"Point","coordinates":[50.202607845527403,26.29517832796083]},"properties":{"OBJECTID":35,"Road_Name":"16th Street","TreeType":"Palm Tree","GlobalID":"{4B981A1F-5E39-4A59-8178-857DB4C6C11D}","created_user":null,"created_date":null,"last_edited_user":"RASOO","last_edited_date":1769535551000,"VALIDATIONSTATUS":0}},{"type":"Feature","id":36,"geometry":{"type":"Point","coordinates":[50.201489537551318,26.295369323987028]},"properties":{"OBJECTID":36,"Road_Name":"16th Street","TreeType":"Tree","GlobalID":"{1D98938A-16D5-4322-86E1-F9A987ABB6C5}","created_user":null,"created_date":null,"last_edited_user":"RASOO","last_edited_date":1769535551000,"VALIDATIONSTATUS":0}},{"type":"Feature","id":37,"geometry":{"type":"Point","coordinates":[50.201374804553573,26.295382821989705]},"properties":{"OBJECTID":37,"Road_Name":"16th Street","TreeType":"Tree","GlobalID":"{8AF3A760-4A52-493F-B9CF-53CF6DEEF624}","created_user":null,"created_date":null,"last_edited_user":"RASOO","last_edited_date":1769535551000,"VALIDATIONSTATUS":0}},{"type":"Feature","id":38,"geometry":{"type":"Point","coordinates":[50.201260746556052,26.295403743992409]},"properties":{"OBJECTID":38,"Road_Name":"16th Street","TreeType":"Tree","GlobalID":"{5CAF4830-84DB-4D91-A1CC-8F289588B4DA}","created_user":null,"created_date":null,"last_edited_user":"RASOO","last_edited_date":1769535551000,"VALIDATIONSTATUS":0}},{"type":"Feature","id":39,"geometry":{"type":"Point","coordinates":[50.201132515558818,26.295425340995411]},"properties":{"OBJECTID":39,"Road_Name":"16th Street","TreeType":"Tree","GlobalID":"{609902D8-CD8A-422D-A463-D3A011CA07F8}","created_user":null,"created_date":null,"last_edited_user":"RASOO","last_edited_date":1769535551000,"VALIDATIONSTATUS":0}},{"type":"Feature","id":40,"geometry":{"type":"Point","coordinates":[50.20100495956158,26.295448286998393]},"properties":{"OBJECTID":40,"Road_Name":"16th Street","TreeType":"Tree","GlobalID":"{87522AFF-7393-4122-A560-049837CF54A0}","created_user":null,"created_date":null,"last_edited_user":"RASOO","last_edited_date":1769535551000,"VALIDATIONSTATUS":0}},{"type":"Feature","id":41,"geometry":{"type":"Point","coordinates":[50.200901700563719,26.295463810000761]},"properties":{"OBJECTID":41,"Road_Name":"16th Street","TreeType":"Tree","GlobalID":"{5BE5D903-3A37-48D7-96EE-9C151E1B8780}","created_user":null,"created_date":null,"last_edited_user":"RASOO","last_edited_date":1769535551000,"VALIDATIONSTATUS":0}},{"type":"Feature","id":42,"geometry":{"type":"Point","coordinates":[50.200798440565862,26.295479333003183]},"properties":{"OBJECTID":42,"Road_Name":"16th Street","TreeType":"Tree","GlobalID":"{2A96BD45-6D06-4B56-A714-DE9BDAF2F6D3}","created_user":null,"created_date":null,"last_edited_user":"RASOO","last_edited_date":1769535551000,"VALIDATIONSTATUS":0}},{"type":"Feature","id":43,"geometry":{"type":"Point","coordinates":[50.200689107568202,26.295498230005752]},"properties":{"OBJECTID":43,"Road_Name":"16th Street","TreeType":"Tree","GlobalID":"{FAE6319B-2853-4891-94BA-A8930C78434D}","created_user":null,"created_date":null,"last_edited_user":"RASOO","last_edited_date":1769535551000,"VALIDATIONSTATUS":0}},{"type":"Feature","id":44,"geometry":{"type":"Point","coordinates":[50.200074948590434,26.295920042020256]},"properties":{"OBJECTID":44,"Road_Name":"Al Amir Humud Bin Abdulaziz Street","TreeType":"Tree","GlobalID":"{11609CA6-0955-428C-A011-E153F94C2B82}","created_user":null,"created_date":null,"last_edited_user":"RASOO","last_edited_date":1769535551000,"VALIDATIONSTATUS":0}},{"type":"Feature","id":45,"geometry":{"type":"Point","coordinates":[50.200094520592636,26.296006429019833]},"properties":{"OBJECTID":45,"Road_Name":"Al Amir Humud Bin Abdulaziz Street","TreeType":"Tree","GlobalID":"{3C8FB21A-308D-4329-A4A6-6F61B2C0C48D}","created_user":null,"created_date":null,"last_edited_user":"RASOO","last_edited_date":1769535551000,"VALIDATIONSTATUS":0}},{"type":"Feature","id":46,"geometry":{"type":"Point","coordinates":[50.20011409359477,26.296092141019383]},"properties":{"OBJECTID":46,"Road_Name":"Al Amir Humud Bin Abdulaziz Street","TreeType":"Tree","GlobalID":"{0EE2046B-94F0-4B43-9E4E-3FF8EE39F50A}","created_user":null,"created_date":null,"last_edited_user":"RASOO","last_edited_date":1769535551000,"VALIDATIONSTATUS":0}},{"type":"Feature","id":48,"geometry":{"type":"Point","coordinates":[50.200153237599238,26.296269640018558]},"properties":{"OBJECTID":48,"Road_Name":"Al Amir Humud Bin Abdulaziz Street","TreeType":"Tree","GlobalID":"{E238EC5A-F2E3-4C2A-9E8A-730D5DA92DED}","created_user":null,"created_date":null,"last_edited_user":"RASOO","last_edited_date":1769535551000,"VALIDATIONSTATUS":0}},{"type":"Feature","id":49,"geometry":{"type":"Point","coordinates":[50.200170109601508,26.296360076018185]},"properties":{"OBJECTID":49,"Road_Name":"Al Amir Humud Bin Abdulaziz Street","TreeType":"Tree","GlobalID":"{41DBD39F-79D4-4298-A1F9-B614738D0575}","created_user":null,"created_date":null,"last_edited_user":"RASOO","last_edited_date":1769535551000,"VALIDATIONSTATUS":0}},{"type":"Feature","id":50,"geometry":{"type":"Point","coordinates":[50.200192381604019,26.2964599610177]},"properties":{"OBJECTID":50,"Road_Name":"Al Amir Humud Bin Abdulaziz Street","TreeType":"Tree","GlobalID":"{3F53533C-CBD0-47A0-895A-B1F3793C2180}","created_user":null,"created_date":null,"last_edited_user":"RASOO","last_edited_date":1769535551000,"VALIDATIONSTATUS":0}},{"type":"Feature","id":51,"geometry":{"type":"Point","coordinates":[50.200226801608608,26.296638135016941]},"properties":{"OBJECTID":51,"Road_Name":"Al Amir Humud Bin Abdulaziz Street","TreeType":"Tree","GlobalID":"{A7B692D8-2963-48BE-B5C6-8AF388214A61}","created_user":null,"created_date":null,"last_edited_user":"RASOO","last_edited_date":1769535551000,"VALIDATIONSTATUS":0}},{"type":"Feature","id":52,"geometry":{"type":"Point","coordinates":[50.200243673610736,26.2967218220166]},"properties":{"OBJECTID":52,"Road_Name":"Al Amir Humud Bin Abdulaziz Street","TreeType":"Tree","GlobalID":"{CB689BE2-89FD-41BA-8B53-6655C07DF5ED}","created_user":null,"created_date":null,"last_edited_user":"RASOO","last_edited_date":1769535551000,"VALIDATIONSTATUS":0}},{"type":"Feature","id":53,"geometry":{"type":"Point","coordinates":[50.200263245613229,26.296820357016138]},"properties":{"OBJECTID":53,"Road_Name":"Al Amir Humud Bin Abdulaziz Street","TreeType":"Tree","GlobalID":"{D8568940-F017-41E9-B426-9AAD23B01C35}","created_user":null,"created_date":null,"last_edited_user":"RASOO","last_edited_date":1769535551000,"VALIDATIONSTATUS":0}},{"type":"Feature","id":55,"geometry":{"type":"Point","coordinates":[50.20029901561778,26.296998531015383]},"properties":{"OBJECTID":55,"Road_Name":"Al Amir Humud Bin Abdulaziz Street","TreeType":"Tree","GlobalID":"{DC08329E-6D39-4699-88F8-2E444C0D0099}","created_user":null,"created_date":null,"last_edited_user":"RASOO","last_edited_date":1769535551000,"VALIDATIONSTATUS":0}},{"type":"Feature","id":56,"geometry":{"type":"Point","coordinates":[50.200316562620117,26.297090992015022]},"properties":{"OBJECTID":56,"Road_Name":"Al Amir Humud Bin Abdulaziz Street","TreeType":"Tree","GlobalID":"{02FBAFF0-131B-4277-9DD7-79E7E47FA968}","created_user":null,"created_date":null,"last_edited_user":"RASOO","last_edited_date":1769535551000,"VALIDATIONSTATUS":0}},{"type":"Feature","id":57,"geometry":{"type":"Point","coordinates":[50.200334785622317,26.297176704014596]},"properties":{"OBJECTID":57,"Road_Name":"Al Amir Humud Bin Abdulaziz Street","TreeType":"Tree","GlobalID":"{E867A783-A27D-4CE7-9DF8-1E70B8805C8E}","created_user":null,"created_date":null,"last_edited_user":"RASOO","last_edited_date":1769535551000,"VALIDATIONSTATUS":0}},{"type":"Feature","id":58,"geometry":{"type":"Point","coordinates":[50.200375278626815,26.297357577013706]},"properties":{"OBJECTID":58,"Road_Name":"Al Amir Humud Bin Abdulaziz Street","TreeType":"Tree","GlobalID":"{8AD6FCE5-BA9F-49EB-88D4-0BA07A503381}","created_user":null,"created_date":null,"last_edited_user":"RASOO","last_edited_date":1769535551000,"VALIDATIONSTATUS":0}},{"type":"Feature","id":59,"geometry":{"type":"Point","coordinates":[50.200392826629276,26.297452738013327]},"properties":{"OBJECTID":59,"Road_Name":"Al Amir Humud Bin Abdulaziz Street","TreeType":"Tree","GlobalID":"{AC34BA27-158B-4E0D-8F90-18DAD4EB3830}","created_user":null,"created_date":null,"last_edited_user":"RASOO","last_edited_date":1769535551000,"VALIDATIONSTATUS":0}},{"type":"Feature","id":60,"geometry":{"type":"Point","coordinates":[50.200410373631485,26.297540475012937]},"properties":{"OBJECTID":60,"Road_Name":"Al Amir Humud Bin Abdulaziz Street","TreeType":"Tree","GlobalID":"{9FA041A3-1239-421E-8A7C-C36F47FDF6EB}","created_user":null,"created_date":null,"last_edited_user":"RASOO","last_edited_date":1769535551000,"VALIDATIONSTATUS":0}},{"type":"Feature","id":62,"geometry":{"type":"Point","coordinates":[50.200449517635889,26.297715273012127]},"properties":{"OBJECTID":62,"Road_Name":"Al Amir Humud Bin Abdulaziz Street","TreeType":"Tree","GlobalID":"{A3599050-7410-4B43-9CA4-9EFC7EAC8137}","created_user":null,"created_date":null,"last_edited_user":"RASOO","last_edited_date":1769535551000,"VALIDATIONSTATUS":0}},{"type":"Feature","id":63,"geometry":{"type":"Point","coordinates":[50.200464365638247,26.297806385011754]},"properties":{"OBJECTID":63,"Road_Name":"Al Amir Humud Bin Abdulaziz Street","TreeType":"Tree","GlobalID":"{3983640B-8307-43CE-A63E-B2C0E4214D34}","created_user":null,"created_date":null,"last_edited_user":"RASOO","last_edited_date":1769535551000,"VALIDATIONSTATUS":0}},{"type":"Feature","id":64,"geometry":{"type":"Point","coordinates":[50.200485287640568,26.297898171011344]},"properties":{"OBJECTID":64,"Road_Name":"Al Amir Humud Bin Abdulaziz Street","TreeType":"Tree","GlobalID":"{EF2D8E9F-7E3D-4B13-B8FC-E20548375845}","created_user":null,"created_date":null,"last_edited_user":"RASOO","last_edited_date":1769535551000,"VALIDATIONSTATUS":0}},{"type":"Feature","id":65,"geometry":{"type":"Point","coordinates":[50.20052645664525,26.29808511801043]},"properties":{"OBJECTID":65,"Road_Name":"Al Amir Humud Bin Abdulaziz Street","TreeType":"Tree","GlobalID":"{45BD34BE-BDC6-4F30-91FD-F52228A68466}","created_user":null,"created_date":null,"last_edited_user":"RASOO","last_edited_date":1769535551000,"VALIDATIONSTATUS":0}},{"type":"Feature","id":68,"geometry":{"type":"Point","coordinates":[50.200559526649855,26.298265316009722]},"properties":{"OBJECTID":68,"Road_Name":"Al Amir Humud Bin Abdulaziz Street","TreeType":"Tree","GlobalID":"{DBFFDB07-31F8-40B3-875C-F2D09233E0D5}","created_user":null,"created_date":null,"last_edited_user":"RASOO","last_edited_date":1769535551000,"VALIDATIONSTATUS":0}},{"type":"Feature","id":69,"geometry":{"type":"Point","coordinates":[50.200540629647527,26.298172180010152]},"properties":{"OBJECTID":69,"Road_Name":"Al Amir Humud Bin Abdulaziz Street","TreeType":"Tree","GlobalID":"{6CDECB4C-59CD-4B43-8616-A391E7EC244E}","created_user":null,"created_date":null,"last_edited_user":"RASOO","last_edited_date":1769535551000,"VALIDATIONSTATUS":0}},{"type":"Feature","id":71,"geometry":{"type":"Point","coordinates":[50.200597320654381,26.298443490008886]},"properties":{"OBJECTID":71,"Road_Name":"Al Amir Humud Bin Abdulaziz Street","TreeType":"Tree","GlobalID":"{445B2407-8118-4727-98D0-E43E3E02AA94}","created_user":null,"created_date":null,"last_edited_user":"RASOO","last_edited_date":1769535551000,"VALIDATIONSTATUS":0}},{"type":"Feature","id":72,"geometry":{"type":"Point","coordinates":[50.200612843656756,26.298534601008569]},"properties":{"OBJECTID":72,"Road_Name":"Al Amir Humud Bin Abdulaziz Street","TreeType":"Tree","GlobalID":"{B8724981-3D92-4C26-AF9F-0E681C9F37AF}","created_user":null,"created_date":null,"last_edited_user":"RASOO","last_edited_date":1769535551000,"VALIDATIONSTATUS":0}},{"type":"Feature","id":73,"geometry":{"type":"Point","coordinates":[50.200634440659229,26.29863313600811]},"properties":{"OBJECTID":73,"Road_Name":"Al Amir Humud Bin Abdulaziz Street","TreeType":"Tree","GlobalID":"{8E742C84-D4AE-4889-903E-A1A9AEC60FD7}","created_user":null,"created_date":null,"last_edited_user":"RASOO","last_edited_date":1769535551000,"VALIDATIONSTATUS":0}},{"type":"Feature","id":75,"geometry":{"type":"Point","coordinates":[50.200668185663574,26.298803886007374]},"properties":{"OBJECTID":75,"Road_Name":"Al Amir Humud Bin Abdulaziz Street","TreeType":"Tree","GlobalID":"{F45609E7-1571-444F-9CDB-34420C00A2E2}","created_user":null,"created_date":null,"last_edited_user":"RASOO","last_edited_date":1769535551000,"VALIDATIONSTATUS":0}},{"type":"Feature","id":76,"geometry":{"type":"Point","coordinates":[50.200693156665743,26.298894997006844]},"properties":{"OBJECTID":76,"Road_Name":"Al Amir Humud Bin Abdulaziz Street","TreeType":"Tree","GlobalID":"{A3629654-1B84-413C-BD6F-B209C9F49161}","created_user":null,"created_date":null,"last_edited_user":"RASOO","last_edited_date":1769535551000,"VALIDATIONSTATUS":0}},{"type":"Feature","id":77,"geometry":{"type":"Point","coordinates":[50.200705979668136,26.298984759006522]},"properties":{"OBJECTID":77,"Road_Name":"Al Amir Humud Bin Abdulaziz Street","TreeType":"Tree","GlobalID":"{3578A5B6-3600-41FB-B689-BCA1B48E4251}","created_user":null,"created_date":null,"last_edited_user":"RASOO","last_edited_date":1769535551000,"VALIDATIONSTATUS":0}},{"type":"Feature","id":79,"geometry":{"type":"Point","coordinates":[50.200739724671863,26.299133911005807]},"properties":{"OBJECTID":79,"Road_Name":"Al Amir Humud Bin Abdulaziz Street","TreeType":"Tree","GlobalID":"{3A67E22E-EB92-4704-B3FA-CD026FC35436}","created_user":null,"created_date":null,"last_edited_user":"RASOO","last_edited_date":1769535551000,"VALIDATIONSTATUS":0}},{"type":"Feature","id":80,"geometry":{"type":"Point","coordinates":[50.200753222674173,26.299222323005541]},"properties":{"OBJECTID":80,"Road_Name":"Al Amir Humud Bin Abdulaziz Street","TreeType":"Tree","GlobalID":"{5B7972E2-51C8-4437-A696-2DAABA2C8550}","created_user":null,"created_date":null,"last_edited_user":"RASOO","last_edited_date":1769535551000,"VALIDATIONSTATUS":0}},{"type":"Feature","id":82,"geometry":{"type":"Point","coordinates":[50.201000910674544,26.2993775499998]},"properties":{"OBJECTID":82,"Road_Name":"Al Amir Humud Bin Abdulaziz Street","TreeType":"Tree","GlobalID":"{90D64D22-0CCF-4799-AB64-C58C35F946C1}","created_user":null,"created_date":null,"last_edited_user":"RASOO","last_edited_date":1769535551000,"VALIDATIONSTATUS":0}},{"type":"Feature","id":83,"geometry":{"type":"Point","coordinates":[50.201357932673858,26.299558422991499]},"properties":{"OBJECTID":83,"Road_Name":"22nd Street","TreeType":"Palm Tree","GlobalID":"{7DAC8324-99B9-4BC6-8D5A-F1D51631CF51}","created_user":null,"created_date":null,"last_edited_user":"RASOO","last_edited_date":1769535551000,"VALIDATIONSTATUS":0}},{"type":"Feature","id":84,"geometry":{"type":"Point","coordinates":[50.20149358667112,26.299540200988332]},"properties":{"OBJECTID":84,"Road_Name":"22nd Street","TreeType":"Palm Tree","GlobalID":"{04DBFC27-0875-4885-B48E-B96A748D996F}","created_user":null,"created_date":null,"last_edited_user":"RASOO","last_edited_date":1769535551000,"VALIDATIONSTATUS":0}},{"type":"Feature","id":85,"geometry":{"type":"Point","coordinates":[50.201670410660981,26.299289137984122]},"properties":{"OBJECTID":85,"Road_Name":"22nd Street","TreeType":"Palm Tree","GlobalID":"{71D44EBA-388C-40C1-85AE-B2DCFD683723}","created_user":null,"created_date":null,"last_edited_user":"RASOO","last_edited_date":1769535551000,"VALIDATIONSTATUS":0}},{"type":"Feature","id":86,"geometry":{"type":"Point","coordinates":[50.201918098660798,26.299424792978371]},"properties":{"OBJECTID":86,"Road_Name":"22nd Street","TreeType":"Tree","GlobalID":"{68AB3640-C2C2-446F-AE9E-A2BBF2184D5D}","created_user":null,"created_date":null,"last_edited_user":"RASOO","last_edited_date":1769535551000,"VALIDATIONSTATUS":0}},{"type":"Feature","id":87,"geometry":{"type":"Point","coordinates":[50.20164138966787,26.299511854984903]},"properties":{"OBJECTID":87,"Road_Name":"22nd Street","TreeType":"Palm Tree","GlobalID":"{3ADFC746-821C-4638-A363-A21AB7A676A8}","created_user":null,"created_date":null,"last_edited_user":"RASOO","last_edited_date":1769535551000,"VALIDATIONSTATUS":0}},{"type":"Feature","id":88,"geometry":{"type":"Point","coordinates":[50.201906625662545,26.299478109978701]},"properties":{"OBJECTID":88,"Road_Name":"22nd Street","TreeType":"Palm Tree","GlobalID":"{5C84A316-2E41-43BB-8454-17414597F91B}","created_user":null,"created_date":null,"last_edited_user":"RASOO","last_edited_date":1769535551000,"VALIDATIONSTATUS":0}},{"type":"Feature","id":89,"geometry":{"type":"Point","coordinates":[50.20200111066108,26.299482158976488]},"properties":{"OBJECTID":89,"Road_Name":"22nd Street","TreeType":"Tree","GlobalID":"{EF7AA4E4-38FC-4B55-BFC6-559D067DF8D6}","created_user":null,"created_date":null,"last_edited_user":"RASOO","last_edited_date":1769535551000,"VALIDATIONSTATUS":0}},{"type":"Feature","id":90,"geometry":{"type":"Point","coordinates":[50.202013259659971,26.299451113976172]},"properties":{"OBJECTID":90,"Road_Name":"22nd Street","TreeType":"Tree","GlobalID":"{AF228B01-3C6D-4ACA-892E-E38CF37415FE}","created_user":null,"created_date":null,"last_edited_user":"RASOO","last_edited_date":1769535551000,"VALIDATIONSTATUS":0}},{"type":"Feature","id":91,"geometry":{"type":"Point","coordinates":[50.201962641661716,26.299482158977376]},"properties":{"OBJECTID":91,"Road_Name":"22nd Street","TreeType":"Tree","GlobalID":"{74271F1D-94A6-419F-909B-597CCEE58226}","created_user":null,"created_date":null,"last_edited_user":"RASOO","last_edited_date":1769535551000,"VALIDATIONSTATUS":0}},{"type":"Feature","id":92,"geometry":{"type":"Point","coordinates":[50.202059827659781,26.299470685975074]},"properties":{"OBJECTID":92,"Road_Name":"22nd Street","TreeType":"Tree","GlobalID":"{4F201A92-1672-4FDB-81F5-AE850948D05A}","created_user":null,"created_date":null,"last_edited_user":"RASOO","last_edited_date":1769535551000,"VALIDATIONSTATUS":0}},{"type":"Feature","id":93,"geometry":{"type":"Point","coordinates":[50.202100321658534,26.299449763974152]},"properties":{"OBJECTID":93,"Road_Name":"22nd Street","TreeType":"Tree","GlobalID":"{ACFC21F7-6067-4CC9-843A-1FC841874EAA}","created_user":null,"created_date":null,"last_edited_user":"RASOO","last_edited_date":1769535551000,"VALIDATIONSTATUS":0}},{"type":"Feature","id":94,"geometry":{"type":"Point","coordinates":[50.202123267656582,26.299395096973573]},"properties":{"OBJECTID":94,"Road_Name":"22nd Street","TreeType":"Tree","GlobalID":"{A0572469-67CF-4D0B-9931-6147E8CF03E3}","created_user":null,"created_date":null,"last_edited_user":"RASOO","last_edited_date":1769535551000,"VALIDATIONSTATUS":0}},{"type":"Feature","id":95,"geometry":{"type":"Point","coordinates":[50.202182658655502,26.299392397972191]},"properties":{"OBJECTID":95,"Road_Name":"22nd Street","TreeType":"Palm Tree","GlobalID":"{99630479-3F92-49DE-80BD-A3AC8B68734F}","created_user":null,"created_date":null,"last_edited_user":"RASOO","last_edited_date":1769535551000,"VALIDATIONSTATUS":0}},{"type":"Feature","id":96,"geometry":{"type":"Point","coordinates":[50.202764331638647,26.299139840958567]},"properties":{"OBJECTID":96,"Road_Name":"22nd Street","TreeType":"Tree","GlobalID":"{694D951A-CF98-410D-9D56-515CD260DB3E}","created_user":null,"created_date":null,"last_edited_user":"RASOO","last_edited_date":1769535551000,"VALIDATIONSTATUS":0}},{"type":"Feature","id":97,"geometry":{"type":"Point","coordinates":[50.203599271620689,26.298993531939026]},"properties":{"OBJECTID":97,"Road_Name":"22nd Street","TreeType":"Palm Tree","GlobalID":"{518B25B5-6C75-4343-B6E4-3E1DE7339D83}","created_user":null,"created_date":null,"last_edited_user":"RASOO","last_edited_date":1769535551000,"VALIDATIONSTATUS":0}},{"type":"Feature","id":98,"geometry":{"type":"Point","coordinates":[50.203660012618883,26.298966535937556]},"properties":{"OBJECTID":98,"Road_Name":"22nd Street","TreeType":"Palm Tree","GlobalID":"{00823D94-A30B-42F2-9CE4-67E32AF0EAFC}","created_user":null,"created_date":null,"last_edited_user":"RASOO","last_edited_date":1769535551000,"VALIDATIONSTATUS":0}},{"type":"Feature","id":99,"geometry":{"type":"Point","coordinates":[50.203676210617346,26.2989213179372]},"properties":{"OBJECTID":99,"Road_Name":"Prince Abdul Salam Street","TreeType":"Palm Tree","GlobalID":"{8C2FF08B-5C57-4E8E-9077-4F115E00937C}","created_user":null,"created_date":null,"last_edited_user":"RASOO","last_edited_date":1769535551000,"VALIDATIONSTATUS":0}},{"type":"Feature","id":100,"geometry":{"type":"Point","coordinates":[50.203678235615833,26.298869350937085]},"properties":{"OBJECTID":100,"Road_Name":"Prince Abdul Salam Street","TreeType":"Palm Tree","GlobalID":"{5133935D-7F06-4D8C-9173-FA8CC106DB50}","created_user":null,"created_date":null,"last_edited_user":"RASOO","last_edited_date":1769535551000,"VALIDATIONSTATUS":0}},{"type":"Feature","id":101,"geometry":{"type":"Point","coordinates":[50.203668111615201,26.298842354937339]},"properties":{"OBJECTID":101,"Road_Name":"Prince Abdul Salam Street","TreeType":"Palm Tree","GlobalID":"{644BA236-221C-49DF-91C4-E85FCA34E331}","created_user":null,"created_date":null,"last_edited_user":"RASOO","last_edited_date":1769535551000,"VALIDATIONSTATUS":0}},{"type":"Feature","id":102,"geometry":{"type":"Point","coordinates":[50.204332428611849,26.299105727921916]},"properties":{"OBJECTID":102,"Road_Name":"22nd Street","TreeType":"Tree","GlobalID":"{113D63F5-1342-42C1-A3D1-F6F6512A83CF}","created_user":null,"created_date":null,"last_edited_user":"RASOO","last_edited_date":1769535551000,"VALIDATIONSTATUS":0}},{"type":"Feature","id":103,"geometry":{"type":"Point","coordinates":[50.204303056612275,26.299105295922629]},"properties":{"OBJECTID":103,"Road_Name":"22nd Street","TreeType":"Tree","GlobalID":"{9CAA2FDC-1F54-491E-819F-6DD725A03863}","created_user":null,"created_date":null,"last_edited_user":"RASOO","last_edited_date":1769535551000,"VALIDATIONSTATUS":0}},{"type":"Feature","id":104,"geometry":{"type":"Point","coordinates":[50.204279732612704,26.29910615992312]},"properties":{"OBJECTID":104,"Road_Name":"22nd Street","TreeType":"Tree","GlobalID":"{56AD885F-EC1D-4159-8372-99FB89578D53}","created_user":null,"created_date":null,"last_edited_user":"RASOO","last_edited_date":1769535551000,"VALIDATIONSTATUS":0}},{"type":"Feature","id":105,"geometry":{"type":"Point","coordinates":[50.204249064613364,26.299112206923834]},"properties":{"OBJECTID":105,"Road_Name":"22nd Street","TreeType":"Tree","GlobalID":"{45E41BD8-3693-49A2-8E43-B692A147AE25}","created_user":null,"created_date":null,"last_edited_user":"RASOO","last_edited_date":1769535551000,"VALIDATIONSTATUS":0}},{"type":"Feature","id":106,"geometry":{"type":"Point","coordinates":[50.204363527611108,26.299100111921181]},"properties":{"OBJECTID":106,"Road_Name":"22nd Street","TreeType":"Tree","GlobalID":"{5DF0240D-6E8F-4941-859C-43BE9D71F503}","created_user":null,"created_date":null,"last_edited_user":"RASOO","last_edited_date":1769535551000,"VALIDATIONSTATUS":0}},{"type":"Feature","id":107,"geometry":{"type":"Point","coordinates":[50.20440283361043,26.299097952920295]},"properties":{"OBJECTID":107,"Road_Name":"22nd Street","TreeType":"Tree","GlobalID":"{F4B35E76-C9F4-4D51-AEFE-6D339BE57696}","created_user":null,"created_date":null,"last_edited_user":"RASOO","last_edited_date":1769535551000,"VALIDATIONSTATUS":0}},{"type":"Feature","id":108,"geometry":{"type":"Point","coordinates":[50.204432205609798,26.299091905919546]},"properties":{"OBJECTID":108,"Road_Name":"22nd Street","TreeType":"Tree","GlobalID":"{6A449B89-4923-4752-811C-2201B10D7EE0}","created_user":null,"created_date":null,"last_edited_user":"RASOO","last_edited_date":1769535551000,"VALIDATIONSTATUS":0}},{"type":"Feature","id":109,"geometry":{"type":"Point","coordinates":[50.204463304609142,26.29908844991888]},"properties":{"OBJECTID":109,"Road_Name":"22nd Street","TreeType":"Tree","GlobalID":"{AAA68B16-BA64-41D1-88FA-D0315703550D}","created_user":null,"created_date":null,"last_edited_user":"RASOO","last_edited_date":1769535551000,"VALIDATIONSTATUS":0}},{"type":"Feature","id":110,"geometry":{"type":"Point","coordinates":[50.20449354060846,26.299080674918144]},"properties":{"OBJECTID":110,"Road_Name":"22nd Street","TreeType":"Tree","GlobalID":"{D51D537D-5F1D-40F0-9383-B8C1619E2CBD}","created_user":null,"created_date":null,"last_edited_user":"RASOO","last_edited_date":1769535551000,"VALIDATIONSTATUS":0}},{"type":"Feature","id":111,"geometry":{"type":"Point","coordinates":[50.204520320607969,26.299079379917504]},"properties":{"OBJECTID":111,"Road_Name":"22nd Street","TreeType":"Tree","GlobalID":"{247CC444-AFBD-4F15-BE01-FFDC4E2BFCEC}","created_user":null,"created_date":null,"last_edited_user":"RASOO","last_edited_date":1769535551000,"VALIDATIONSTATUS":0}},{"type":"Feature","id":112,"geometry":{"type":"Point","coordinates":[50.204562217606949,26.299067284916536]},"properties":{"OBJECTID":112,"Road_Name":"22nd Street","TreeType":"Tree","GlobalID":"{C72CDDAA-D928-45B2-B325-1A8E505BFEB3}","created_user":null,"created_date":null,"last_edited_user":"RASOO","last_edited_date":1769535551000,"VALIDATIONSTATUS":0}},{"type":"Feature","id":113,"geometry":{"type":"Point","coordinates":[50.204594181606232,26.299062101915801]},"properties":{"OBJECTID":113,"Road_Name":"22nd Street","TreeType":"Tree","GlobalID":"{FEE74F3D-3760-4CA0-B9A3-A2BBB5ED4EE2}","created_user":null,"created_date":null,"last_edited_user":"RASOO","last_edited_date":1769535551000,"VALIDATIONSTATUS":0}},{"type":"Feature","id":114,"geometry":{"type":"Point","coordinates":[50.204627008605613,26.299057782915014]},"properties":{"OBJECTID":114,"Road_Name":"22nd Street","TreeType":"Tree","GlobalID":"{AB1D77AF-E4FE-48FA-8505-509F341F5FCB}","created_user":null,"created_date":null,"last_edited_user":"RASOO","last_edited_date":1769535551000,"VALIDATIONSTATUS":0}},{"type":"Feature","id":115,"geometry":{"type":"Point","coordinates":[50.204653356605135,26.299056486914406]},"properties":{"OBJECTID":115,"Road_Name":"22nd Street","TreeType":"Tree","GlobalID":"{E84DB3D7-A94C-49A0-A25A-687D7BC5D43C}","created_user":null,"created_date":null,"last_edited_user":"RASOO","last_edited_date":1769535551000,"VALIDATIONSTATUS":0}},{"type":"Feature","id":116,"geometry":{"type":"Point","coordinates":[50.204681864604439,26.299049575913717]},"properties":{"OBJECTID":116,"Road_Name":"22nd Street","TreeType":"Tree","GlobalID":"{58D1C5F4-2E14-4E94-8565-D62AC83F90C3}","created_user":null,"created_date":null,"last_edited_user":"RASOO","last_edited_date":1769535551000,"VALIDATIONSTATUS":0}},{"type":"Feature","id":117,"geometry":{"type":"Point","coordinates":[50.20471209960381,26.299045256913043]},"properties":{"OBJECTID":117,"Road_Name":"22nd Street","TreeType":"Tree","GlobalID":"{461E3339-7236-4970-857A-561099433F64}","created_user":null,"created_date":null,"last_edited_user":"RASOO","last_edited_date":1769535551000,"VALIDATIONSTATUS":0}},{"type":"Feature","id":118,"geometry":{"type":"Point","coordinates":[50.204747950603014,26.299037913912215]},"properties":{"OBJECTID":118,"Road_Name":"22nd Street","TreeType":"Tree","GlobalID":"{59C315C0-1872-4C25-B18A-C2CA316732B1}","created_user":null,"created_date":null,"last_edited_user":"RASOO","last_edited_date":1769535551000,"VALIDATIONSTATUS":0}},{"type":"Feature","id":119,"geometry":{"type":"Point","coordinates":[50.204783368602293,26.299031866911402]},"properties":{"OBJECTID":119,"Road_Name":"22nd Street","TreeType":"Tree","GlobalID":"{A9C9DF6E-22BC-49F0-AD08-C02E43726ECA}","created_user":null,"created_date":null,"last_edited_user":"RASOO","last_edited_date":1769535551000,"VALIDATIONSTATUS":0}},{"type":"Feature","id":120,"geometry":{"type":"Point","coordinates":[50.204213430607197,26.298876099924616]},"properties":{"OBJECTID":120,"Road_Name":"22nd Street","TreeType":"Tree","GlobalID":"{EE6F0710-1011-4B6A-9C57-A6C9F454F620}","created_user":null,"created_date":null,"last_edited_user":"RASOO","last_edited_date":1769535551000,"VALIDATIONSTATUS":0}},{"type":"Feature","id":121,"geometry":{"type":"Point","coordinates":[50.207340237537821,26.298255867851392]},"properties":{"OBJECTID":121,"Road_Name":"Prince Abdul Rahman Street","TreeType":"Tree","GlobalID":"{98F1DC78-28FC-4675-9425-1F15F53F537D}","created_user":null,"created_date":null,"last_edited_user":"RASOO","last_edited_date":1769535551000,"VALIDATIONSTATUS":0}},{"type":"Feature","id":122,"geometry":{"type":"Point","coordinates":[50.20736125854048,26.298359947850944]},"properties":{"OBJECTID":122,"Road_Name":"22nd Street","TreeType":"Tree","GlobalID":"{4868E487-88B5-4A34-9F5E-B726571D6FE8}","created_user":null,"created_date":null,"last_edited_user":"RASOO","last_edited_date":1769535551000,"VALIDATIONSTATUS":0}},{"type":"Feature","id":124,"geometry":{"type":"Point","coordinates":[50.20885672848172,26.297175296815617]},"properties":{"OBJECTID":124,"Road_Name":"King Abdulaziz Road","TreeType":"Palm Tree","GlobalID":"{6D21ED3A-893E-4D74-9F31-58C9620E0E92}","created_user":null,"created_date":null,"last_edited_user":"RASOO","last_edited_date":1769535551000,"VALIDATIONSTATUS":0}},{"type":"Feature","id":125,"geometry":{"type":"Point","coordinates":[50.20839915449379,26.297332605826384]},"properties":{"OBJECTID":125,"Road_Name":"King Abdulaziz Road","TreeType":"Palm Tree","GlobalID":"{5249ACD4-A14A-4419-9AAD-F8B9D3796404}","created_user":null,"created_date":null,"last_edited_user":"RASOO","last_edited_date":1769535551000,"VALIDATIONSTATUS":0}},{"type":"Feature","id":132,"geometry":{"type":"Point","coordinates":[50.20835528548627,26.297044423827302]},"properties":{"OBJECTID":132,"Road_Name":"King Abdulaziz Road","TreeType":"Palm Tree","GlobalID":"{67B1C17C-A576-4857-B939-FC5E60BD5A7C}","created_user":null,"created_date":null,"last_edited_user":"RASOO","last_edited_date":1769535551000,"VALIDATIONSTATUS":0}},{"type":"Feature","id":133,"geometry":{"type":"Point","coordinates":[50.20832221548325,26.296921591828038]},"properties":{"OBJECTID":133,"Road_Name":"King Abdulaziz Road","TreeType":"Palm Tree","GlobalID":"{6E6D635D-497E-4B88-9218-B7902B3F28FC}","created_user":null,"created_date":null,"last_edited_user":"RASOO","last_edited_date":1769535551000,"VALIDATIONSTATUS":0}},{"type":"Feature","id":134,"geometry":{"type":"Point","coordinates":[50.20829049547914,26.296759615828716]},"properties":{"OBJECTID":134,"Road_Name":"King Abdulaziz Road","TreeType":"Palm Tree","GlobalID":"{D1C1EDC6-63A9-4AA0-8933-D7457B05925F}","created_user":null,"created_date":null,"last_edited_user":"RASOO","last_edited_date":1769535551000,"VALIDATIONSTATUS":0}},{"type":"Feature","id":135,"geometry":{"type":"Point","coordinates":[50.208261474476046,26.296634759829324]},"properties":{"OBJECTID":135,"Road_Name":"King Abdulaziz Road","TreeType":"Palm Tree","GlobalID":"{22D51FA5-82E0-41FC-9537-E83C5E52CC01}","created_user":null,"created_date":null,"last_edited_user":"RASOO","last_edited_date":1769535551000,"VALIDATIONSTATUS":0}},{"type":"Feature","id":136,"geometry":{"type":"Point","coordinates":[50.208233804472592,26.296499104829913]},"properties":{"OBJECTID":136,"Road_Name":"King Abdulaziz Road","TreeType":"Palm Tree","GlobalID":"{B515E6FA-6745-4A71-A481-077AA6FA6E0D}","created_user":null,"created_date":null,"last_edited_user":"RASOO","last_edited_date":1769535551000,"VALIDATIONSTATUS":0}},{"type":"Feature","id":138,"geometry":{"type":"Point","coordinates":[50.208742677467818,26.296624636818102]},"properties":{"OBJECTID":138,"Road_Name":"King Abdulaziz Road","TreeType":"Palm Tree","GlobalID":"{2D81374A-5949-46F3-90DE-80B756B754CC}","created_user":null,"created_date":null,"last_edited_user":"RASOO","last_edited_date":1769535551000,"VALIDATIONSTATUS":0}},{"type":"Feature","id":139,"geometry":{"type":"Point","coordinates":[50.208124411459735,26.295989120832346]},"properties":{"OBJECTID":139,"Road_Name":"King Abdulaziz Road","TreeType":"Palm Tree","GlobalID":"{F402AA02-FF7B-43C3-B70E-C76F5516FB05}","created_user":null,"created_date":null,"last_edited_user":"RASOO","last_edited_date":1769535551000,"VALIDATIONSTATUS":0}},{"type":"Feature","id":140,"geometry":{"type":"Point","coordinates":[50.208106727455238,26.295822237832667]},"properties":{"OBJECTID":140,"Road_Name":"King Abdulaziz Road","TreeType":"Palm Tree","GlobalID":"{36D1DF51-B198-4178-9825-2779A2A7FEC0}","created_user":null,"created_date":null,"last_edited_user":"RASOO","last_edited_date":1769535551000,"VALIDATIONSTATUS":0}},{"type":"Feature","id":141,"geometry":{"type":"Point","coordinates":[50.208077403451838,26.29568796283332]},"properties":{"OBJECTID":141,"Road_Name":"King Abdulaziz Road","TreeType":"Palm Tree","GlobalID":"{A2708F4E-79C2-41BB-AEA2-FC126A0B5FD9}","created_user":null,"created_date":null,"last_edited_user":"RASOO","last_edited_date":1769535551000,"VALIDATIONSTATUS":0}},{"type":"Feature","id":142,"geometry":{"type":"Point","coordinates":[50.208046856448483,26.295553571833967]},"properties":{"OBJECTID":142,"Road_Name":"King Abdulaziz Road","TreeType":"Palm Tree","GlobalID":"{B262F4DC-CB95-446D-BD54-33AAF16FE9E0}","created_user":null,"created_date":null,"last_edited_user":"RASOO","last_edited_date":1769535551000,"VALIDATIONSTATUS":0}},{"type":"Feature","id":143,"geometry":{"type":"Point","coordinates":[50.20854493244358,26.295666954822366]},"properties":{"OBJECTID":143,"Road_Name":"King Abdulaziz Road","TreeType":"Palm Tree","GlobalID":"{63FC23AF-3928-4B28-B49A-7255334C24AD}","created_user":null,"created_date":null,"last_edited_user":"RASOO","last_edited_date":1769535551000,"VALIDATIONSTATUS":0}},{"type":"Feature","id":144,"geometry":{"type":"Point","coordinates":[50.20801932644482,26.29541071383456]},"properties":{"OBJECTID":144,"Road_Name":"King Abdulaziz Road","TreeType":"Palm Tree","GlobalID":"{4156FF86-5E90-4C4F-9883-7202C002E3DC}","created_user":null,"created_date":null,"last_edited_user":"RASOO","last_edited_date":1769535551000,"VALIDATIONSTATUS":0}},{"type":"Feature","id":145,"geometry":{"type":"Point","coordinates":[50.207990165441124,26.295264714835206]},"properties":{"OBJECTID":145,"Road_Name":"King Abdulaziz Road","TreeType":"Palm Tree","GlobalID":"{6332988F-033F-4869-9BB5-0808F33A9B62}","created_user":null,"created_date":null,"last_edited_user":"RASOO","last_edited_date":1769535551000,"VALIDATIONSTATUS":0}},{"type":"Feature","id":146,"geometry":{"type":"Point","coordinates":[50.208463616432162,26.295224493824136]},"properties":{"OBJECTID":146,"Road_Name":"King Abdulaziz Road","TreeType":"Palm Tree","GlobalID":"{66376392-A984-4002-93DD-F067E2F29C30}","created_user":null,"created_date":null,"last_edited_user":"RASOO","last_edited_date":1769535551000,"VALIDATIONSTATUS":0}},{"type":"Feature","id":147,"geometry":{"type":"Point","coordinates":[50.207959120437451,26.295119611835862]},"properties":{"OBJECTID":147,"Road_Name":"King Abdulaziz Road","TreeType":"Palm Tree","GlobalID":"{F04DE1D1-A553-40EA-B1D6-0485E2B37682}","created_user":null,"created_date":null,"last_edited_user":"RASOO","last_edited_date":1769535551000,"VALIDATIONSTATUS":0}},{"type":"Feature","id":149,"geometry":{"type":"Point","coordinates":[50.20072487658198,26.295997655005081]},"properties":{"OBJECTID":149,"Road_Name":"Prince Sattam Street","TreeType":"Tree","GlobalID":"{7AFB7DD7-164E-46AF-A19D-69D9F507B8C9}","created_user":null,"created_date":null,"last_edited_user":"RASOO","last_edited_date":1769535551000,"VALIDATIONSTATUS":0}},{"type":"Feature","id":150,"geometry":{"type":"Point","coordinates":[50.20076402059162,26.296356702004299]},"properties":{"OBJECTID":150,"Road_Name":"Prince Sattam Street","TreeType":"Tree","GlobalID":"{C0B5E57B-E6BB-4B22-A1FD-5B975CCC2F3F}","created_user":null,"created_date":null,"last_edited_user":"RASOO","last_edited_date":1769535551000,"VALIDATIONSTATUS":0}},{"type":"Feature","id":151,"geometry":{"type":"Point","coordinates":[50.200667510595615,26.296439714006585]},"properties":{"OBJECTID":151,"Road_Name":"17th Street","TreeType":"Tree","GlobalID":"{10D78B33-7F8E-4F19-A28C-66AD84785D45}","created_user":null,"created_date":null,"last_edited_user":"RASOO","last_edited_date":1769535551000,"VALIDATIONSTATUS":0}},{"type":"Feature","id":152,"geometry":{"type":"Point","coordinates":[50.201124211612409,26.297285375996225]},"properties":{"OBJECTID":152,"Road_Name":"Prince Sattam Street","TreeType":"Tree","GlobalID":"{A5CAD05B-7F30-4D1C-8479-F467D8126975}","created_user":null,"created_date":null,"last_edited_user":"RASOO","last_edited_date":1769535551000,"VALIDATIONSTATUS":0}},{"type":"Feature","id":153,"geometry":{"type":"Point","coordinates":[50.20110824561138,26.297241421996542]},"properties":{"OBJECTID":153,"Road_Name":"Prince Sattam Street","TreeType":"Tree","GlobalID":"{0D139A3D-0D35-47D3-8518-2911485FEED7}","created_user":null,"created_date":null,"last_edited_user":"RASOO","last_edited_date":1769535551000,"VALIDATIONSTATUS":0}},{"type":"Feature","id":154,"geometry":{"type":"Point","coordinates":[50.201210002615618,26.297446177994257]},"properties":{"OBJECTID":154,"Road_Name":"19th Street","TreeType":"Tree","GlobalID":"{8D336E01-D538-4E81-A78F-B5422F654F2C}","created_user":null,"created_date":null,"last_edited_user":"RASOO","last_edited_date":1769535551000,"VALIDATIONSTATUS":0}},{"type":"Feature","id":155,"geometry":{"type":"Point","coordinates":[50.201151033619318,26.297541444995684]},"properties":{"OBJECTID":155,"Road_Name":"Prince Sattam Street","TreeType":"Tree","GlobalID":"{66367A19-DC18-4A2C-ABDD-667F094CBADD}","created_user":null,"created_date":null,"last_edited_user":"RASOO","last_edited_date":1769535551000,"VALIDATIONSTATUS":0}},{"type":"Feature","id":156,"geometry":{"type":"Point","coordinates":[50.201287067571435,26.295954376991972]},"properties":{"OBJECTID":156,"Road_Name":"Prince Abdulmajid Street","TreeType":"Tree","GlobalID":"{BFD6A7A0-1C44-4C0D-8DF5-9248DD835413}","created_user":null,"created_date":null,"last_edited_user":"RASOO","last_edited_date":1769535551000,"VALIDATIONSTATUS":0}},{"type":"Feature","id":157,"geometry":{"type":"Point","coordinates":[50.201944039538212,26.295175079976353]},"properties":{"OBJECTID":157,"Road_Name":"16th Street","TreeType":"Tree","GlobalID":"{E801B0BB-3CCA-42EA-8383-80A306E30C4A}","created_user":null,"created_date":null,"last_edited_user":"RASOO","last_edited_date":1769535551000,"VALIDATIONSTATUS":0}},{"type":"Feature","id":158,"geometry":{"type":"Point","coordinates":[50.202018911536797,26.295167697974634]},"properties":{"OBJECTID":158,"Road_Name":"16th Street","TreeType":"Tree","GlobalID":"{91A02A3D-787D-4AE3-B63B-5B8697164B22}","created_user":null,"created_date":null,"last_edited_user":"RASOO","last_edited_date":1769535551000,"VALIDATIONSTATUS":0}},{"type":"Feature","id":159,"geometry":{"type":"Point","coordinates":[50.202170763533431,26.295138170971025]},"properties":{"OBJECTID":159,"Road_Name":"16th Street","TreeType":"Tree","GlobalID":"{879B9B2C-BB06-4C2F-9D6F-C0A4120094E1}","created_user":null,"created_date":null,"last_edited_user":"RASOO","last_edited_date":1769535551000,"VALIDATIONSTATUS":0}},{"type":"Feature","id":160,"geometry":{"type":"Point","coordinates":[50.202262507531536,26.295125516968902]},"properties":{"OBJECTID":160,"Road_Name":"16th Street","TreeType":"Tree","GlobalID":"{9F768C6F-03B4-4401-8904-9022E1888720}","created_user":null,"created_date":null,"last_edited_user":"RASOO","last_edited_date":1769535551000,"VALIDATIONSTATUS":0}},{"type":"Feature","id":161,"geometry":{"type":"Point","coordinates":[50.202509062587801,26.297223082963825]},"properties":{"OBJECTID":161,"Road_Name":"19th Street","TreeType":"Tree","GlobalID":"{3D34CAAE-8ED9-4D94-BD7B-7D82BBECC0C3}","created_user":null,"created_date":null,"last_edited_user":"RASOO","last_edited_date":1769535551000,"VALIDATIONSTATUS":0}},{"type":"Feature","id":162,"geometry":{"type":"Point","coordinates":[50.202277696594692,26.297331578969263]},"properties":{"OBJECTID":162,"Road_Name":"Prince Mashhour Street","TreeType":"Tree","GlobalID":"{4039BF61-0B46-4155-9C6D-DF736AE18C32}","created_user":null,"created_date":null,"last_edited_user":"RASOO","last_edited_date":1769535551000,"VALIDATIONSTATUS":0}},{"type":"Feature","id":163,"geometry":{"type":"Point","coordinates":[50.20230751560905,26.297847553968783]},"properties":{"OBJECTID":163,"Road_Name":"Prince Mashhour Street","TreeType":"Tree","GlobalID":"{616CAAB3-F45D-4EEF-A45C-296C9F516BB3}","created_user":null,"created_date":null,"last_edited_user":"RASOO","last_edited_date":1769535551000,"VALIDATIONSTATUS":0}},{"type":"Feature","id":164,"geometry":{"type":"Point","coordinates":[50.202439120612645,26.298048673965759]},"properties":{"OBJECTID":164,"Road_Name":"Prince Mashhour Street","TreeType":"Tree","GlobalID":"{B25A858D-E695-47A0-88DC-3946DE9055AC}","created_user":null,"created_date":null,"last_edited_user":"RASOO","last_edited_date":1769535551000,"VALIDATIONSTATUS":0}},{"type":"Feature","id":165,"geometry":{"type":"Point","coordinates":[50.202570725611515,26.298083767962694]},"properties":{"OBJECTID":165,"Road_Name":"20th Street","TreeType":"Tree","GlobalID":"{D6D2694D-27DE-4E8B-BC33-AA90EBC7FCE6}","created_user":null,"created_date":null,"last_edited_user":"RASOO","last_edited_date":1769535551000,"VALIDATIONSTATUS":0}},{"type":"Feature","id":166,"geometry":{"type":"Point","coordinates":[50.202499861619003,26.298303784964435]},"properties":{"OBJECTID":166,"Road_Name":"Prince Mashhour Street","TreeType":"Tree","GlobalID":"{0A293C54-E67B-4C51-B95B-E6D08BF2F495}","created_user":null,"created_date":null,"last_edited_user":"RASOO","last_edited_date":1769535551000,"VALIDATIONSTATUS":0}},{"type":"Feature","id":167,"geometry":{"type":"Point","coordinates":[50.202506610615949,26.298202550964234]},"properties":{"OBJECTID":167,"Road_Name":"Prince Mashhour Street","TreeType":"Tree","GlobalID":"{9C6AF44C-6AA5-466A-8EB0-E9BF1EA74994}","created_user":null,"created_date":null,"last_edited_user":"RASOO","last_edited_date":1769535551000,"VALIDATIONSTATUS":0}},{"type":"Feature","id":168,"geometry":{"type":"Point","coordinates":[50.202393227635739,26.298825481967103]},"properties":{"OBJECTID":168,"Road_Name":"Prince Mashhour Street","TreeType":"Tree","GlobalID":"{533BCDE9-34ED-4F94-ACA3-AA6761EDE84D}","created_user":null,"created_date":null,"last_edited_user":"RASOO","last_edited_date":1769535551000,"VALIDATIONSTATUS":0}},{"type":"Feature","id":169,"geometry":{"type":"Point","coordinates":[50.20227579463743,26.298817383969826]},"properties":{"OBJECTID":169,"Road_Name":"Prince Mashhour Street","TreeType":"Tree","GlobalID":"{57B1A162-A7CB-449E-95D1-02BB01A4E234}","created_user":null,"created_date":null,"last_edited_user":"RASOO","last_edited_date":1769535551000,"VALIDATIONSTATUS":0}},{"type":"Feature","id":170,"geometry":{"type":"Point","coordinates":[50.202956768613774,26.298384097953807]},"properties":{"OBJECTID":170,"Road_Name":"Prince Hathool Street","TreeType":"Tree","GlobalID":"{9164D251-6559-4B86-ABD9-17C2EA23D3E8}","created_user":null,"created_date":null,"last_edited_user":"RASOO","last_edited_date":1769535551000,"VALIDATIONSTATUS":0}},{"type":"Feature","id":171,"geometry":{"type":"Point","coordinates":[50.203062052606867,26.298205249951273]},"properties":{"OBJECTID":171,"Road_Name":"Prince Hathool Street","TreeType":"Tree","GlobalID":"{54ACABBE-EEE8-4289-AFCA-29A93BDD819F}","created_user":null,"created_date":null,"last_edited_user":"RASOO","last_edited_date":1769535551000,"VALIDATIONSTATUS":0}},{"type":"Feature","id":172,"geometry":{"type":"Point","coordinates":[50.202941731607474,26.298157074954034]},"properties":{"OBJECTID":172,"Road_Name":"Prince Hathool Street","TreeType":"Tree","GlobalID":"{02B42B56-43D9-4797-BDB6-65280FA06562}","created_user":null,"created_date":null,"last_edited_user":"RASOO","last_edited_date":1769535551000,"VALIDATIONSTATUS":0}},{"type":"Feature","id":173,"geometry":{"type":"Point","coordinates":[50.202694907563163,26.296473458959259]},"properties":{"OBJECTID":173,"Road_Name":"Prince Hathool Street","TreeType":"Palm Tree","GlobalID":"{EEC8AFCF-C1F9-4DD5-91DB-F28A6C118B25}","created_user":null,"created_date":null,"last_edited_user":"RASOO","last_edited_date":1769535551000,"VALIDATIONSTATUS":0}},{"type":"Feature","id":174,"geometry":{"type":"Point","coordinates":[50.202923023559357,26.296471433953911]},"properties":{"OBJECTID":174,"Road_Name":"Prince Hathool Street","TreeType":"Tree","GlobalID":"{8C2EE0AB-20C8-40ED-9486-604871693A43}","created_user":null,"created_date":null,"last_edited_user":"RASOO","last_edited_date":1769535551000,"VALIDATIONSTATUS":0}},{"type":"Feature","id":175,"geometry":{"type":"Point","coordinates":[50.202916274556969,26.296385046954022]},"properties":{"OBJECTID":175,"Road_Name":"Prince Hathool Street","TreeType":"Tree","GlobalID":"{B495B23B-938A-427C-AAA3-3B2ED75E56AC}","created_user":null,"created_date":null,"last_edited_user":"RASOO","last_edited_date":1769535551000,"VALIDATIONSTATUS":0}},{"type":"Feature","id":176,"geometry":{"type":"Point","coordinates":[50.202599746550561,26.295980107961316]},"properties":{"OBJECTID":176,"Road_Name":"Prince Hathool Street","TreeType":"Tree","GlobalID":"{5D967617-2253-42C6-9735-06E5338E2B1E}","created_user":null,"created_date":null,"last_edited_user":"RASOO","last_edited_date":1769535551000,"VALIDATIONSTATUS":0}},{"type":"Feature","id":177,"geometry":{"type":"Point","coordinates":[50.202916948525058,26.29527348895364]},"properties":{"OBJECTID":177,"Road_Name":"Prince Abdul Salam Street","TreeType":"Tree","GlobalID":"{4B7B29FE-4258-4A1F-A862-54CA68E11219}","created_user":null,"created_date":null,"last_edited_user":"RASOO","last_edited_date":1769535551000,"VALIDATIONSTATUS":0}},{"type":"Feature","id":178,"geometry":{"type":"Point","coordinates":[50.202960142527381,26.295379447952669]},"properties":{"OBJECTID":178,"Road_Name":"Prince Abdul Salam Street","TreeType":"Tree","GlobalID":"{1022E7E7-F7D8-44C2-A1E0-1EF29443297C}","created_user":null,"created_date":null,"last_edited_user":"RASOO","last_edited_date":1769535551000,"VALIDATIONSTATUS":0}},{"type":"Feature","id":179,"geometry":{"type":"Point","coordinates":[50.202981739529683,26.295471908952205]},"properties":{"OBJECTID":179,"Road_Name":"Prince Abdul Salam Street","TreeType":"Tree","GlobalID":"{DD45D0D9-7580-406E-B4C9-9BD97B9C681C}","created_user":null,"created_date":null,"last_edited_user":"RASOO","last_edited_date":1769535551000,"VALIDATIONSTATUS":0}},{"type":"Feature","id":180,"geometry":{"type":"Point","coordinates":[50.202908850524466,26.295249191953847]},"properties":{"OBJECTID":180,"Road_Name":"Prince Abdul Salam Street","TreeType":"Tree","GlobalID":"{0D84FB07-8B38-4D8A-9AEE-B8677857D559}","created_user":null,"created_date":null,"last_edited_user":"RASOO","last_edited_date":1769535551000,"VALIDATIONSTATUS":0}},{"type":"Feature","id":181,"geometry":{"type":"Point","coordinates":[50.202927072525704,26.295303183953454]},"properties":{"OBJECTID":181,"Road_Name":"Prince Abdul Salam Street","TreeType":"Tree","GlobalID":"{FC9E3E3F-850F-4995-B8D4-348E0D48E6E5}","created_user":null,"created_date":null,"last_edited_user":"RASOO","last_edited_date":1769535551000,"VALIDATIONSTATUS":0}},{"type":"Feature","id":182,"geometry":{"type":"Point","coordinates":[50.20294461952696,26.295355825953063]},"properties":{"OBJECTID":182,"Road_Name":"Prince Abdul Salam Street","TreeType":"Tree","GlobalID":"{3356F976-BF6C-4240-9D78-A6D56607C78D}","created_user":null,"created_date":null,"last_edited_user":"RASOO","last_edited_date":1769535551000,"VALIDATIONSTATUS":0}},{"type":"Feature","id":183,"geometry":{"type":"Point","coordinates":[50.202968241528716,26.295432089952509]},"properties":{"OBJECTID":183,"Road_Name":"Prince Abdul Salam Street","TreeType":"Tree","GlobalID":"{C7FB3A4B-BF3A-4F17-822A-C08F73FDB48D}","created_user":null,"created_date":null,"last_edited_user":"RASOO","last_edited_date":1769535551000,"VALIDATIONSTATUS":0}},{"type":"Feature","id":185,"geometry":{"type":"Point","coordinates":[50.203142446532716,26.295670976948536]},"properties":{"OBJECTID":185,"Road_Name":"Prince Abdul Salam Street","TreeType":"Tree","GlobalID":"{BD03B850-5EB4-4092-BF07-8D1A9F10E57A}","created_user":null,"created_date":null,"last_edited_user":"RASOO","last_edited_date":1769535551000,"VALIDATIONSTATUS":0}},{"type":"Feature","id":186,"geometry":{"type":"Point","coordinates":[50.203138550535996,26.295783395948682]},"properties":{"OBJECTID":186,"Road_Name":"Prince Abdul Salam Street","TreeType":"Tree","GlobalID":"{6F99B821-49AC-4379-9D94-717BE0CC17A5}","created_user":null,"created_date":null,"last_edited_user":"RASOO","last_edited_date":1769535551000,"VALIDATIONSTATUS":0}},{"type":"Feature","id":188,"geometry":{"type":"Point","coordinates":[50.200311763597284,26.296293892014866]},"properties":{"OBJECTID":188,"Road_Name":"Al Amir Humud Bin Abdulaziz Street","TreeType":"Tree","GlobalID":"{D0C6E954-AC99-452B-A27F-BFB6E3F0F52F}","created_user":null,"created_date":null,"last_edited_user":"RASOO","last_edited_date":1769535551000,"VALIDATIONSTATUS":0}},{"type":"Feature","id":189,"geometry":{"type":"Point","coordinates":[50.200319875598744,26.296347880014675]},"properties":{"OBJECTID":189,"Road_Name":"Al Amir Humud Bin Abdulaziz Street","TreeType":"Tree","GlobalID":"{10FEDA51-17E7-4718-B336-67DCB46BFA04}","created_user":null,"created_date":null,"last_edited_user":"RASOO","last_edited_date":1769535551000,"VALIDATIONSTATUS":0}},{"type":"Feature","id":190,"geometry":{"type":"Point","coordinates":[50.200330102600297,26.29640936501448]},"properties":{"OBJECTID":190,"Road_Name":"Al Amir Humud Bin Abdulaziz Street","TreeType":"Tree","GlobalID":"{5420D732-45A8-4D18-90C3-CD0A5E08C7CA}","created_user":null,"created_date":null,"last_edited_user":"RASOO","last_edited_date":1769535551000,"VALIDATIONSTATUS":0}},{"type":"Feature","id":191,"geometry":{"type":"Point","coordinates":[50.200339534601696,26.296463048014239]},"properties":{"OBJECTID":191,"Road_Name":"Al Amir Humud Bin Abdulaziz Street","TreeType":"Tree","GlobalID":"{49D93F9E-5B7F-4402-8F4A-ED0AF23CA896}","created_user":null,"created_date":null,"last_edited_user":"RASOO","last_edited_date":1769535551000,"VALIDATIONSTATUS":0}},{"type":"Feature","id":192,"geometry":{"type":"Point","coordinates":[50.201549052604989,26.297271626986294]},"properties":{"OBJECTID":192,"Road_Name":"19th Street","TreeType":"Tree","GlobalID":"{88091DEB-8E35-4F60-B23E-1A48253983A4}","created_user":null,"created_date":null,"last_edited_user":"RASOO","last_edited_date":1769535551000,"VALIDATIONSTATUS":0}},{"type":"Feature","id":193,"geometry":{"type":"Point","coordinates":[50.20169200960185,26.297245020982949]},"properties":{"OBJECTID":193,"Road_Name":"19th Street","TreeType":"Tree","GlobalID":"{C6D2EB81-0D7A-46A5-9B90-B039A1703C27}","created_user":null,"created_date":null,"last_edited_user":"RASOO","last_edited_date":1769535551000,"VALIDATIONSTATUS":0}},{"type":"Feature","id":194,"geometry":{"type":"Point","coordinates":[50.201607823608022,26.297411008984955]},"properties":{"OBJECTID":194,"Road_Name":"Prince Abdulmajid Street","TreeType":"Palm Tree","GlobalID":"{6CFC2F65-96F0-470F-AED5-B645466659E8}","created_user":null,"created_date":null,"last_edited_user":"RASOO","last_edited_date":1769535551000,"VALIDATIONSTATUS":0}},{"type":"Feature","id":195,"geometry":{"type":"Point","coordinates":[50.201719806606874,26.297434835982354]},"properties":{"OBJECTID":195,"Road_Name":"Prince Abdulmajid Street","TreeType":"Palm Tree","GlobalID":"{656B62D1-9FDD-45BE-899C-B4B672138295}","created_user":null,"created_date":null,"last_edited_user":"RASOO","last_edited_date":1769535551000,"VALIDATIONSTATUS":0}},{"type":"Feature","id":196,"geometry":{"type":"Point","coordinates":[50.202685483578804,26.297011847959638]},"properties":{"OBJECTID":196,"Road_Name":"Prince Hathool Street","TreeType":"Palm Tree","GlobalID":"{00456AF8-F163-4970-B05D-086F64CEAFBF}","created_user":null,"created_date":null,"last_edited_user":"RASOO","last_edited_date":1769535551000,"VALIDATIONSTATUS":0}},{"type":"Feature","id":197,"geometry":{"type":"Point","coordinates":[50.200775101676101,26.299301214005045]},"properties":{"OBJECTID":197,"Road_Name":"Al Amir Humud Bin Abdulaziz Street","TreeType":"Tree","GlobalID":"{1AFFB06B-9B22-4651-B21C-D657A4899BAA}","created_user":null,"created_date":null,"last_edited_user":"RASOO","last_edited_date":1769535551000,"VALIDATIONSTATUS":0}},{"type":"Feature","id":198,"geometry":{"type":"Point","coordinates":[50.207389727539699,26.298350428850284]},"properties":{"OBJECTID":198,"Road_Name":"22nd Street","TreeType":"Tree","GlobalID":"{8FA7AB06-0CD9-4DC9-95F7-CE2AF5872BAE}","created_user":null,"created_date":null,"last_edited_user":"RASOO","last_edited_date":1769535551000,"VALIDATIONSTATUS":0}},{"type":"Feature","id":199,"geometry":{"type":"Point","coordinates":[50.204912355588242,26.298617627908222]},"properties":{"OBJECTID":199,"Road_Name":"Prince Miqren Bin Abdulxziz St.","TreeType":"Palm Tree","GlobalID":"{4B47E447-B111-4EF1-A7BF-E513091083DD}","created_user":null,"created_date":null,"last_edited_user":"RASOO","last_edited_date":1769535551000,"VALIDATIONSTATUS":0}},{"type":"Feature","id":200,"geometry":{"type":"Point","coordinates":[50.2048999465866,26.298554339908456]},"properties":{"OBJECTID":200,"Road_Name":"Prince Miqren Bin Abdulxziz St.","TreeType":"Palm Tree","GlobalID":"{53914D7A-813C-40DF-AA6A-CF9214E52C72}","created_user":null,"created_date":null,"last_edited_user":"RASOO","last_edited_date":1769535551000,"VALIDATIONSTATUS":0}},{"type":"Feature","id":201,"geometry":{"type":"Point","coordinates":[50.204880711585332,26.298497876908918]},"properties":{"OBJECTID":201,"Road_Name":"Prince Miqren Bin Abdulaziz Street","TreeType":"Palm Tree","GlobalID":"{5D869F58-E247-47D5-B63E-E19C818DB5C8}","created_user":null,"created_date":null,"last_edited_user":"RASOO","last_edited_date":1769535551000,"VALIDATIONSTATUS":0}},{"type":"Feature","id":202,"geometry":{"type":"Point","coordinates":[50.204867681583167,26.298416594909202]},"properties":{"OBJECTID":202,"Road_Name":"Prince Miqren Bin Abdulaziz Street","TreeType":"Palm Tree","GlobalID":"{3D3D454A-4392-4A00-A027-6E76099AEF6F}","created_user":null,"created_date":null,"last_edited_user":"RASOO","last_edited_date":1769535551000,"VALIDATIONSTATUS":0}},{"type":"Feature","id":203,"geometry":{"type":"Point","coordinates":[50.204854651580987,26.298333451909432]},"properties":{"OBJECTID":203,"Road_Name":"Prince Miqren Bin Abdulaziz Street","TreeType":"Palm Tree","GlobalID":"{9B67EDB2-A3F3-42A0-B565-0F41F6EBF35B}","created_user":null,"created_date":null,"last_edited_user":"RASOO","last_edited_date":1769535551000,"VALIDATIONSTATUS":0}},{"type":"Feature","id":204,"geometry":{"type":"Point","coordinates":[50.204839760579254,26.298263338909763]},"properties":{"OBJECTID":204,"Road_Name":"Prince Miqren Bin Abdulaziz Street","TreeType":"Palm Tree","GlobalID":"{0C873848-18EC-442D-8D3C-8DE35493DF0F}","created_user":null,"created_date":null,"last_edited_user":"RASOO","last_edited_date":1769535551000,"VALIDATIONSTATUS":0}},{"type":"Feature","id":205,"geometry":{"type":"Point","coordinates":[50.204824869578061,26.298212459910083]},"properties":{"OBJECTID":205,"Road_Name":"Prince Miqren Bin Abdulaziz Street","TreeType":"Palm Tree","GlobalID":"{0B0147D7-2A43-4AAC-9C3E-5E1AA5314E9A}","created_user":null,"created_date":null,"last_edited_user":"RASOO","last_edited_date":1769535551000,"VALIDATIONSTATUS":0}},{"type":"Feature","id":206,"geometry":{"type":"Point","coordinates":[50.204809357576018,26.298133039910457]},"properties":{"OBJECTID":206,"Road_Name":"Prince Miqren Bin Abdulxziz St.","TreeType":"Palm Tree","GlobalID":"{411C3908-0972-4A2A-A41B-D63D3DEEF980}","created_user":null,"created_date":null,"last_edited_user":"RASOO","last_edited_date":1769535551000,"VALIDATIONSTATUS":0}},{"type":"Feature","id":207,"geometry":{"type":"Point","coordinates":[50.204801911574151,26.298064787910601]},"properties":{"OBJECTID":207,"Road_Name":"Prince Miqren Bin Abdulaziz Street","TreeType":"Palm Tree","GlobalID":"{A250F9D1-E03B-4AEA-8A67-8690A789F2D6}","created_user":null,"created_date":null,"last_edited_user":"RASOO","last_edited_date":1769535551000,"VALIDATIONSTATUS":0}},{"type":"Feature","id":208,"geometry":{"type":"Point","coordinates":[50.204785779572589,26.298000878910951]},"properties":{"OBJECTID":208,"Road_Name":"Prince Miqren Bin Abdulaziz Street","TreeType":"Palm Tree","GlobalID":"{E3DF9706-60E0-4354-8F9E-15F1B70DA163}","created_user":null,"created_date":null,"last_edited_user":"RASOO","last_edited_date":1769535551000,"VALIDATIONSTATUS":0}},{"type":"Feature","id":209,"geometry":{"type":"Point","coordinates":[50.20463872755446,26.297285475914126]},"properties":{"OBJECTID":209,"Road_Name":"Prince Miqren Bin Abdulaziz Street","TreeType":"Palm Tree","GlobalID":"{B04F9FD4-7CBD-4A51-B2EB-1B101531253B}","created_user":null,"created_date":null,"last_edited_user":"RASOO","last_edited_date":1769535551000,"VALIDATIONSTATUS":0}},{"type":"Feature","id":210,"geometry":{"type":"Point","coordinates":[50.204651137556219,26.297353106913885]},"properties":{"OBJECTID":210,"Road_Name":"Prince Miqren Bin Abdulaziz Street","TreeType":"Palm Tree","GlobalID":"{A8BBDE58-B1E0-47A1-AD59-C5AE84908B43}","created_user":null,"created_date":null,"last_edited_user":"RASOO","last_edited_date":1769535551000,"VALIDATIONSTATUS":0}},{"type":"Feature","id":211,"geometry":{"type":"Point","coordinates":[50.204668510557937,26.297423219913501]},"properties":{"OBJECTID":211,"Road_Name":"Prince Miqren Bin Abdulaziz Street","TreeType":"Palm Tree","GlobalID":"{FFE3170B-C83A-4769-AF8C-B64132AC14BA}","created_user":null,"created_date":null,"last_edited_user":"RASOO","last_edited_date":1769535551000,"VALIDATIONSTATUS":0}},{"type":"Feature","id":212,"geometry":{"type":"Point","coordinates":[50.204679058559393,26.297480923913255]},"properties":{"OBJECTID":212,"Road_Name":"Prince Miqren Bin Abdulaziz Street","TreeType":"Palm Tree","GlobalID":"{F44C77BA-1F26-44F0-9857-553814E84521}","created_user":null,"created_date":null,"last_edited_user":"RASOO","last_edited_date":1769535551000,"VALIDATIONSTATUS":0}},{"type":"Feature","id":213,"geometry":{"type":"Point","coordinates":[50.204695687561674,26.29756905591292]},"properties":{"OBJECTID":213,"Road_Name":"Prince Miqren Bin Abdulaziz Street","TreeType":"Palm Tree","GlobalID":"{99AB93BB-D42C-4D5C-84D5-C2B6B321C53D}","created_user":null,"created_date":null,"last_edited_user":"RASOO","last_edited_date":1769535551000,"VALIDATIONSTATUS":0}},{"type":"Feature","id":214,"geometry":{"type":"Point","coordinates":[50.204546898543065,26.296835633916153]},"properties":{"OBJECTID":214,"Road_Name":"Prince Miqren Bin Abdulaziz Street","TreeType":"Palm Tree","GlobalID":"{566FF91A-2F72-4144-978E-65E5C5CEE211}","created_user":null,"created_date":null,"last_edited_user":"RASOO","last_edited_date":1769535551000,"VALIDATIONSTATUS":0}},{"type":"Feature","id":215,"geometry":{"type":"Point","coordinates":[50.204532006540944,26.296754351916469]},"properties":{"OBJECTID":215,"Road_Name":"Prince Miqren Bin Abdulaziz Street","TreeType":"Palm Tree","GlobalID":"{D0B7D6CF-548B-41F8-9E34-935173EB8928}","created_user":null,"created_date":null,"last_edited_user":"RASOO","last_edited_date":1769535551000,"VALIDATIONSTATUS":0}},{"type":"Feature","id":216,"geometry":{"type":"Point","coordinates":[50.204513392539013,26.296676172916872]},"properties":{"OBJECTID":216,"Road_Name":"Prince Miqren Bin Abdulaziz Street","TreeType":"Palm Tree","GlobalID":"{0E02261F-0A8F-4330-A641-78CA1F065384}","created_user":null,"created_date":null,"last_edited_user":"RASOO","last_edited_date":1769535551000,"VALIDATIONSTATUS":0}},{"type":"Feature","id":217,"geometry":{"type":"Point","coordinates":[50.204502844537046,26.296601095917072]},"properties":{"OBJECTID":217,"Road_Name":"Prince Miqren Bin Abdulaziz Street","TreeType":"Palm Tree","GlobalID":"{290D52E4-181F-4BA6-AC94-F33C17C3CA69}","created_user":null,"created_date":null,"last_edited_user":"RASOO","last_edited_date":1769535551000,"VALIDATIONSTATUS":0}},{"type":"Feature","id":218,"geometry":{"type":"Point","coordinates":[50.204485471535101,26.29652477791749]},"properties":{"OBJECTID":218,"Road_Name":"Prince Miqren Bin Abdulaziz Street","TreeType":"Palm Tree","GlobalID":"{5C170E44-BB9A-4366-BA80-22FABE975E64}","created_user":null,"created_date":null,"last_edited_user":"RASOO","last_edited_date":1769535551000,"VALIDATIONSTATUS":0}},{"type":"Feature","id":219,"geometry":{"type":"Point","coordinates":[50.204469959532993,26.296441013917804]},"properties":{"OBJECTID":219,"Road_Name":"Prince Miqren Bin Abdulaziz Street","TreeType":"Palm Tree","GlobalID":"{C513277D-15F9-4F84-A212-BFB2472FF47A}","created_user":null,"created_date":null,"last_edited_user":"RASOO","last_edited_date":1769535551000,"VALIDATIONSTATUS":0}},{"type":"Feature","id":220,"geometry":{"type":"Point","coordinates":[50.204453827531147,26.296369038918144]},"properties":{"OBJECTID":220,"Road_Name":"Prince Miqren Bin Abdulaziz Street","TreeType":"Palm Tree","GlobalID":"{57FCA91B-A2EB-4335-B984-71F354A9A304}","created_user":null,"created_date":null,"last_edited_user":"RASOO","last_edited_date":1769535551000,"VALIDATIONSTATUS":0}},{"type":"Feature","id":221,"geometry":{"type":"Point","coordinates":[50.204443279529393,26.296300786918348]},"properties":{"OBJECTID":221,"Road_Name":"Prince Miqren Bin Abdulaziz Street","TreeType":"Palm Tree","GlobalID":"{1E11891B-DDFB-43BD-8BC1-CF34CC976633}","created_user":null,"created_date":null,"last_edited_user":"RASOO","last_edited_date":1769535551000,"VALIDATIONSTATUS":0}},{"type":"Feature","id":222,"geometry":{"type":"Point","coordinates":[50.204424044527727,26.296233155918802]},"properties":{"OBJECTID":222,"Road_Name":"Prince Miqren Bin Abdulaziz Street","TreeType":"Palm Tree","GlobalID":"{BAC7887F-9FF3-4B8E-834D-571D7015B563}","created_user":null,"created_date":null,"last_edited_user":"RASOO","last_edited_date":1769535551000,"VALIDATIONSTATUS":0}},{"type":"Feature","id":223,"geometry":{"type":"Point","coordinates":[50.204410394526178,26.296170487919095]},"properties":{"OBJECTID":223,"Road_Name":"Prince Miqren Bin Abdulaziz Street","TreeType":"Palm Tree","GlobalID":"{FB6E57D3-2DC7-485C-9DD7-BF21A10E1725}","created_user":null,"created_date":null,"last_edited_user":"RASOO","last_edited_date":1769535551000,"VALIDATIONSTATUS":0}},{"type":"Feature","id":224,"geometry":{"type":"Point","coordinates":[50.204396743524292,26.296097272919397]},"properties":{"OBJECTID":224,"Road_Name":"Prince Miqren Bin Abdulaziz Street","TreeType":"Palm Tree","GlobalID":"{ACADA302-3DBF-40E9-A3D7-DF04928D5F24}","created_user":null,"created_date":null,"last_edited_user":"RASOO","last_edited_date":1769535551000,"VALIDATIONSTATUS":0}},{"type":"Feature","id":225,"geometry":{"type":"Point","coordinates":[50.204315462514025,26.295693345921123]},"properties":{"OBJECTID":225,"Road_Name":"Prince Miqren Bin Abdulaziz Street","TreeType":"Palm Tree","GlobalID":"{F8603532-6C17-464C-9C48-061A97D099CE}","created_user":null,"created_date":null,"last_edited_user":"RASOO","last_edited_date":1769535551000,"VALIDATIONSTATUS":0}},{"type":"Feature","id":226,"geometry":{"type":"Point","coordinates":[50.204290643510582,26.295558703921689]},"properties":{"OBJECTID":226,"Road_Name":"Prince Miqren Bin Abdulaziz Street","TreeType":"Palm Tree","GlobalID":"{AA3DDEA0-B32B-4658-A26B-1B6168447B77}","created_user":null,"created_date":null,"last_edited_user":"RASOO","last_edited_date":1769535551000,"VALIDATIONSTATUS":0}},{"type":"Feature","id":227,"geometry":{"type":"Point","coordinates":[50.204279474508816,26.295491071921894]},"properties":{"OBJECTID":227,"Road_Name":"Prince Miqren Bin Abdulaziz Street","TreeType":"Palm Tree","GlobalID":"{903E5536-D7FB-448E-9EB9-DBE0AB8770FB}","created_user":null,"created_date":null,"last_edited_user":"RASOO","last_edited_date":1769535551000,"VALIDATIONSTATUS":0}},{"type":"Feature","id":228,"geometry":{"type":"Point","coordinates":[50.204264583506948,26.295418476922269]},"properties":{"OBJECTID":228,"Road_Name":"Prince Miqren Bin Abdulaziz Street","TreeType":"Palm Tree","GlobalID":"{3CDC7899-5C40-43AC-B117-AEE83A044876}","created_user":null,"created_date":null,"last_edited_user":"RASOO","last_edited_date":1769535551000,"VALIDATIONSTATUS":0}},{"type":"Feature","id":229,"geometry":{"type":"Point","coordinates":[50.204252174505193,26.295348983922523]},"properties":{"OBJECTID":229,"Road_Name":"Prince Miqren Bin Abdulaziz Street","TreeType":"Palm Tree","GlobalID":"{BE28BB58-DA2C-4CA0-BFF8-F6F9577D8AAA}","created_user":null,"created_date":null,"last_edited_user":"RASOO","last_edited_date":1769535551000,"VALIDATIONSTATUS":0}},{"type":"Feature","id":230,"geometry":{"type":"Point","coordinates":[50.20423355950367,26.295285075922919]},"properties":{"OBJECTID":230,"Road_Name":"Prince Miqren Bin Abdulaziz Street","TreeType":"Palm Tree","GlobalID":"{FF675FBA-F52D-46B2-90F3-63B42139C61A}","created_user":null,"created_date":null,"last_edited_user":"RASOO","last_edited_date":1769535551000,"VALIDATIONSTATUS":0}},{"type":"Feature","id":231,"geometry":{"type":"Point","coordinates":[50.204225493502413,26.295237298923073]},"properties":{"OBJECTID":231,"Road_Name":"Prince Miqren Bin Abdulaziz Street","TreeType":"Palm Tree","GlobalID":"{D1C73566-4BD5-4236-A286-FCA8DB94AD07}","created_user":null,"created_date":null,"last_edited_user":"RASOO","last_edited_date":1769535551000,"VALIDATIONSTATUS":0}},{"type":"Feature","id":232,"geometry":{"type":"Point","coordinates":[50.204214945501072,26.295183938923319]},"properties":{"OBJECTID":232,"Road_Name":"Prince Miqren Bin Abdulaziz Street","TreeType":"Palm Tree","GlobalID":"{C7F755DB-EFC2-43A7-8678-E3D525F68598}","created_user":null,"created_date":null,"last_edited_user":"RASOO","last_edited_date":1769535551000,"VALIDATIONSTATUS":0}},{"type":"Feature","id":233,"geometry":{"type":"Point","coordinates":[50.201896405656967,26.299279260978867]},"properties":{"OBJECTID":233,"Road_Name":"22nd Street","TreeType":"Palm Tree","GlobalID":"{14355F99-BB85-45CB-8193-38FC3157AD10}","created_user":null,"created_date":null,"last_edited_user":"RASOO","last_edited_date":1769535551000,"VALIDATIONSTATUS":0}},{"type":"Feature","id":234,"geometry":{"type":"Point","coordinates":[50.20146042465732,26.299042116988986]},"properties":{"OBJECTID":234,"Road_Name":"Prince Sattam Street","TreeType":"Tree","GlobalID":"{B250469D-C9AD-432E-9F50-AD640EC8DC3A}","created_user":null,"created_date":null,"last_edited_user":"RASOO","last_edited_date":1769535551000,"VALIDATIONSTATUS":0}},{"type":"Feature","id":235,"geometry":{"type":"Point","coordinates":[50.201335772661324,26.299108395991862]},"properties":{"OBJECTID":235,"Road_Name":"Prince Sattam Street","TreeType":"Tree","GlobalID":"{A760D1B8-1196-4A6E-9440-FE42F0B3EC82}","created_user":null,"created_date":null,"last_edited_user":"RASOO","last_edited_date":1769535551000,"VALIDATIONSTATUS":0}},{"type":"Feature","id":236,"geometry":{"type":"Point","coordinates":[50.204751750544482,26.297003664911404]},"properties":{"OBJECTID":236,"Road_Name":"Prince Miqren Bin Abdulaziz Street","TreeType":"Tree","GlobalID":"{E417271B-5B40-4EEA-97F0-2735DE3A32B4}","created_user":null,"created_date":null,"last_edited_user":"RASOO","last_edited_date":1769535551000,"VALIDATIONSTATUS":0}},{"type":"Feature","id":237,"geometry":{"type":"Point","coordinates":[50.204160171522197,26.295888925924849]},"properties":{"OBJECTID":237,"Road_Name":"17th Street","TreeType":"Tree","GlobalID":"{09CA3060-B109-406E-BA45-ADE43040B93A}","created_user":null,"created_date":null,"last_edited_user":"RASOO","last_edited_date":1769535551000,"VALIDATIONSTATUS":0}},{"type":"Feature","id":238,"geometry":{"type":"Point","coordinates":[50.203139892512745,26.294974181948366]},"properties":{"OBJECTID":238,"Road_Name":"16th Street","TreeType":"Tree","GlobalID":"{5984E28C-2458-4F86-9315-DEF7B33A55E6}","created_user":null,"created_date":null,"last_edited_user":"RASOO","last_edited_date":1769535551000,"VALIDATIONSTATUS":0}},{"type":"Feature","id":239,"geometry":{"type":"Point","coordinates":[50.204862531483869,26.294958372908138]},"properties":{"OBJECTID":239,"Road_Name":"Prince Ahmad Street","TreeType":"Tree","GlobalID":"{273EFBC0-67FE-43C8-9E35-945745677143}","created_user":null,"created_date":null,"last_edited_user":"RASOO","last_edited_date":1769535551000,"VALIDATIONSTATUS":0}},{"type":"Feature","id":240,"geometry":{"type":"Point","coordinates":[50.204875909485914,26.295036812907842]},"properties":{"OBJECTID":240,"Road_Name":"Prince Ahmad Street","TreeType":"Tree","GlobalID":"{0A453C33-2245-46AE-949A-BD44A5501D95}","created_user":null,"created_date":null,"last_edited_user":"RASOO","last_edited_date":1769535551000,"VALIDATIONSTATUS":0}},{"type":"Feature","id":241,"geometry":{"type":"Point","coordinates":[50.204662479480284,26.294717579912739]},"properties":{"OBJECTID":241,"Road_Name":"16th Street","TreeType":"Tree","GlobalID":"{110406E6-EB05-4454-B99D-13FE9E358CC7}","created_user":null,"created_date":null,"last_edited_user":"RASOO","last_edited_date":1769535551000,"VALIDATIONSTATUS":0}},{"type":"Feature","id":242,"geometry":{"type":"Point","coordinates":[50.205887724461945,26.294782642884122]},"properties":{"OBJECTID":242,"Road_Name":"Prince Methab Street","TreeType":"Tree","GlobalID":"{E4DCB78F-6745-41BD-A6ED-6750DCB83E76}","created_user":null,"created_date":null,"last_edited_user":"RASOO","last_edited_date":1769535551000,"VALIDATIONSTATUS":0}},{"type":"Feature","id":243,"geometry":{"type":"Point","coordinates":[50.205910222463586,26.294853785883632]},"properties":{"OBJECTID":243,"Road_Name":"Prince Methab Street","TreeType":"Tree","GlobalID":"{672AA5E0-6268-4C32-A757-8A2CB7E3149B}","created_user":null,"created_date":null,"last_edited_user":"RASOO","last_edited_date":1769535551000,"VALIDATIONSTATUS":0}},{"type":"Feature","id":244,"geometry":{"type":"Point","coordinates":[50.208369831490302,26.29719335182698]},"properties":{"OBJECTID":244,"Road_Name":"King Abdulaziz Road","TreeType":"Palm Tree","GlobalID":"{2F5A9C23-B8C1-4E08-8416-6DD279B65E1F}","created_user":null,"created_date":null,"last_edited_user":"RASOO","last_edited_date":1769535551000,"VALIDATIONSTATUS":0}},{"type":"Feature","id":245,"geometry":{"type":"Point","coordinates":[50.208599754450326,26.295934098821199]},"properties":{"OBJECTID":245,"Road_Name":"King Abdulaziz Road","TreeType":"Palm Tree","GlobalID":"{0A136B24-BE15-47EE-9469-F1990117C9B2}","created_user":null,"created_date":null,"last_edited_user":"RASOO","last_edited_date":1769535551000,"VALIDATIONSTATUS":0}},{"type":"Feature","id":246,"geometry":{"type":"Point","coordinates":[50.208499642435662,26.295365609823346]},"properties":{"OBJECTID":246,"Road_Name":"King Abdulaziz Road","TreeType":"Palm Tree","GlobalID":"{CFEA35A9-7832-4B86-B059-102A253588F3}","created_user":null,"created_date":null,"last_edited_user":"RASOO","last_edited_date":1769535551000,"VALIDATIONSTATUS":0}},{"type":"Feature","id":247,"geometry":{"type":"Point","coordinates":[50.208501073438065,26.295450739823355]},"properties":{"OBJECTID":247,"Road_Name":"King Abdulaziz Road","TreeType":"Palm Tree","GlobalID":"{598A1EB9-412A-4185-8175-B108CCFEADCA}","created_user":null,"created_date":null,"last_edited_user":"RASOO","last_edited_date":1769535551000,"VALIDATIONSTATUS":0}},{"type":"Feature","id":248,"geometry":{"type":"Point","coordinates":[50.208586346445948,26.295774993821492]},"properties":{"OBJECTID":248,"Road_Name":"King Abdulaziz Road","TreeType":"Palm Tree","GlobalID":"{CDF7C4F8-F416-4351-833D-9F0EC4A38F58}","created_user":null,"created_date":null,"last_edited_user":"RASOO","last_edited_date":1769535551000,"VALIDATIONSTATUS":0}},{"type":"Feature","id":249,"geometry":{"type":"Point","coordinates":[50.208833763478516,26.297049363816129]},"properties":{"OBJECTID":249,"Road_Name":"King Abdulaziz Road","TreeType":"Palm Tree","GlobalID":"{D052E4AD-BF3F-496E-8160-D3BBDDFEFD87}","created_user":null,"created_date":null,"last_edited_user":"RASOO","last_edited_date":1769535551000,"VALIDATIONSTATUS":0}},{"type":"Feature","id":250,"geometry":{"type":"Point","coordinates":[50.207170206516977,26.29743431685506]},"properties":{"OBJECTID":250,"Road_Name":"20th Street","TreeType":"Tree","GlobalID":"{44B87D16-0501-4EA1-A3C5-29F02C1E92CA}","created_user":null,"created_date":null,"last_edited_user":"RASOO","last_edited_date":1769535551000,"VALIDATIONSTATUS":0}},{"type":"Feature","id":251,"geometry":{"type":"Point","coordinates":[50.20704048651978,26.297455936858146]},"properties":{"OBJECTID":251,"Road_Name":"Prince Abdul Rahman Street","TreeType":"Tree","GlobalID":"{E0F7390A-A9D7-4A74-83FC-3D76C0FC464C}","created_user":null,"created_date":null,"last_edited_user":"RASOO","last_edited_date":1769535551000,"VALIDATIONSTATUS":0}},{"type":"Feature","id":252,"geometry":{"type":"Point","coordinates":[50.207057078522247,26.297551466857747]},"properties":{"OBJECTID":252,"Road_Name":"Prince Abdul Rahman Street","TreeType":"Tree","GlobalID":"{17D31E5F-8EFE-4AC2-9217-898FD3B9D40C}","created_user":null,"created_date":null,"last_edited_user":"RASOO","last_edited_date":1769535551000,"VALIDATIONSTATUS":0}},{"type":"Feature","id":253,"geometry":{"type":"Point","coordinates":[50.206977134519967,26.297427780859572]},"properties":{"OBJECTID":253,"Road_Name":"20th Street","TreeType":"Tree","GlobalID":"{9FD3AD5F-5DFE-4EF5-9837-706527180089}","created_user":null,"created_date":null,"last_edited_user":"RASOO","last_edited_date":1769535551000,"VALIDATIONSTATUS":0}},{"type":"Feature","id":254,"geometry":{"type":"Point","coordinates":[50.206625181528061,26.297505712867824]},"properties":{"OBJECTID":254,"Road_Name":"20th Street","TreeType":"Palm Tree","GlobalID":"{25233308-99F0-45DA-95D2-E7A79EAE2E08}","created_user":null,"created_date":null,"last_edited_user":"RASOO","last_edited_date":1769535551000,"VALIDATIONSTATUS":0}},{"type":"Feature","id":255,"geometry":{"type":"Point","coordinates":[50.206596521529747,26.297547947868541]},"properties":{"OBJECTID":255,"Road_Name":"Prince Methab Street","TreeType":"Palm Tree","GlobalID":"{9C68C979-F268-44C3-9842-BC8B597AD508}","created_user":null,"created_date":null,"last_edited_user":"RASOO","last_edited_date":1769535551000,"VALIDATIONSTATUS":0}},{"type":"Feature","id":256,"geometry":{"type":"Point","coordinates":[50.205841643544701,26.297635401886168]},"properties":{"OBJECTID":256,"Road_Name":"20th Street","TreeType":"Tree","GlobalID":"{4F7438CE-D5AD-4BC4-9231-503D87454CE3}","created_user":null,"created_date":null,"last_edited_user":"RASOO","last_edited_date":1769535551000,"VALIDATIONSTATUS":0}},{"type":"Feature","id":257,"geometry":{"type":"Point","coordinates":[50.205888780545507,26.297691965885065]},"properties":{"OBJECTID":257,"Road_Name":"Prince Mashari Street","TreeType":"Tree","GlobalID":"{C8F051BE-5290-47D9-A5FC-7E11A4A928E3}","created_user":null,"created_date":null,"last_edited_user":"RASOO","last_edited_date":1769535551000,"VALIDATIONSTATUS":0}},{"type":"Feature","id":258,"geometry":{"type":"Point","coordinates":[50.206022334541657,26.297634615881968]},"properties":{"OBJECTID":258,"Road_Name":"Prince Mashari Street","TreeType":"Palm Tree","GlobalID":"{BC635F9E-92BF-4F60-837E-52C228A7AA1E}","created_user":null,"created_date":null,"last_edited_user":"RASOO","last_edited_date":1769535551000,"VALIDATIONSTATUS":0}},{"type":"Feature","id":259,"geometry":{"type":"Point","coordinates":[50.206081255544824,26.297778382880626]},"properties":{"OBJECTID":259,"Road_Name":"Prince Mashari Street","TreeType":"Tree","GlobalID":"{2F06CD00-74A0-4636-BC31-BEC8A909907B}","created_user":null,"created_date":null,"last_edited_user":"RASOO","last_edited_date":1769535551000,"VALIDATIONSTATUS":0}},{"type":"Feature","id":260,"geometry":{"type":"Point","coordinates":[50.20606397154657,26.297827876881044]},"properties":{"OBJECTID":260,"Road_Name":"Prince Mashari Street","TreeType":"Tree","GlobalID":"{40B96347-E4E0-47EA-9BE6-C1F2738EE96B}","created_user":null,"created_date":null,"last_edited_user":"RASOO","last_edited_date":1769535551000,"VALIDATIONSTATUS":0}},{"type":"Feature","id":261,"geometry":{"type":"Point","coordinates":[50.205623243549553,26.297678610891293]},"properties":{"OBJECTID":261,"Road_Name":"20th Street","TreeType":"Palm Tree","GlobalID":"{ED9D5BDB-4BFE-4D17-9516-73AFB24E24FF}","created_user":null,"created_date":null,"last_edited_user":"RASOO","last_edited_date":1769535551000,"VALIDATIONSTATUS":0}},{"type":"Feature","id":263,"geometry":{"type":"Point","coordinates":[50.205057477561553,26.297772694904548]},"properties":{"OBJECTID":263,"Road_Name":"20th Street","TreeType":"Tree","GlobalID":"{AED3C3B5-FF30-4482-B866-32DBAC24AB47}","created_user":null,"created_date":null,"last_edited_user":"RASOO","last_edited_date":1769535551000,"VALIDATIONSTATUS":0}},{"type":"Feature","id":264,"geometry":{"type":"Point","coordinates":[50.202945257608377,26.298190350953977]},"properties":{"OBJECTID":264,"Road_Name":"Prince Hathool Street","TreeType":"Tree","GlobalID":"{919A31FE-78E9-4CBC-BD5C-407931A1F86B}","created_user":null,"created_date":null,"last_edited_user":"RASOO","last_edited_date":1769535551000,"VALIDATIONSTATUS":0}},{"type":"Feature","id":265,"geometry":{"type":"Point","coordinates":[50.201662354630052,26.298209117983973]},"properties":{"OBJECTID":265,"Road_Name":"20th Street","TreeType":"Palm Tree","GlobalID":"{0B0DA7C1-CD81-4494-9DDE-624C3482681A}","created_user":null,"created_date":null,"last_edited_user":"RASOO","last_edited_date":1769535551000,"VALIDATIONSTATUS":0}},{"type":"Feature","id":266,"geometry":{"type":"Point","coordinates":[50.200601439631917,26.297664692008535]},"properties":{"OBJECTID":266,"Road_Name":"Al Amir Humud Bin Abdulaziz Street","TreeType":"Tree","GlobalID":"{AEDE7702-FDF4-4DE8-B208-0CF31BCDF6B7}","created_user":null,"created_date":null,"last_edited_user":"RASOO","last_edited_date":1769535551000,"VALIDATIONSTATUS":0}},{"type":"Feature","id":267,"geometry":{"type":"Point","coordinates":[50.200605349628823,26.297559999008435]},"properties":{"OBJECTID":267,"Road_Name":"19th Street","TreeType":"Palm Tree","GlobalID":"{9E0F57B7-B8C3-4935-9D5A-EA90531C0405}","created_user":null,"created_date":null,"last_edited_user":"RASOO","last_edited_date":1769535551000,"VALIDATIONSTATUS":0}},{"type":"Feature","id":268,"geometry":{"type":"Point","coordinates":[50.200688756627237,26.297551745006462]},"properties":{"OBJECTID":268,"Road_Name":"19th Street","TreeType":"Tree","GlobalID":"{11FDE657-49C4-4666-9516-518FB6B9A65F}","created_user":null,"created_date":null,"last_edited_user":"RASOO","last_edited_date":1769535551000,"VALIDATIONSTATUS":0}},{"type":"Feature","id":269,"geometry":{"type":"Point","coordinates":[50.203776717557083,26.296881447934137]},"properties":{"OBJECTID":269,"Road_Name":"19th Street","TreeType":"Tree","GlobalID":"{B950454D-913F-4423-8E5A-A6AB92D6F7BE}","created_user":null,"created_date":null,"last_edited_user":"RASOO","last_edited_date":1769535551000,"VALIDATIONSTATUS":0}},{"type":"Feature","id":270,"geometry":{"type":"Point","coordinates":[50.20382151655491,26.296833254933063]},"properties":{"OBJECTID":270,"Road_Name":"Prince MamdouhStreet","TreeType":"Tree","GlobalID":"{D28721AA-29B1-4C36-9AC1-8CB9E5DB235F}","created_user":null,"created_date":null,"last_edited_user":"RASOO","last_edited_date":1769535551000,"VALIDATIONSTATUS":0}},{"type":"Feature","id":271,"geometry":{"type":"Point","coordinates":[50.203608382564816,26.29705453293813]},"properties":{"OBJECTID":271,"Road_Name":"19th Street","TreeType":"Tree","GlobalID":"{10ADE7E6-B359-4287-81AD-6A0F9BB012DE}","created_user":null,"created_date":null,"last_edited_user":"RASOO","last_edited_date":1769535551000,"VALIDATIONSTATUS":0}},{"type":"Feature","id":272,"geometry":{"type":"Point","coordinates":[50.203465841564196,26.296951360941407]},"properties":{"OBJECTID":272,"Road_Name":"19th Street","TreeType":"Tree","GlobalID":"{7A0B4F93-8BA3-4A34-BB40-41039706D778}","created_user":null,"created_date":null,"last_edited_user":"RASOO","last_edited_date":1769535551000,"VALIDATIONSTATUS":0}},{"type":"Feature","id":273,"geometry":{"type":"Point","coordinates":[50.202834170576956,26.297033442956195]},"properties":{"OBJECTID":273,"Road_Name":"Prince Hathool Street","TreeType":"Palm Tree","GlobalID":"{DB8E2765-C621-4415-8B0A-5B4E6EB26B9E}","created_user":null,"created_date":null,"last_edited_user":"RASOO","last_edited_date":1769535551000,"VALIDATIONSTATUS":0}},{"type":"Feature","id":274,"geometry":{"type":"Point","coordinates":[50.202434280589237,26.297230685965602]},"properties":{"OBJECTID":274,"Road_Name":"19th Street","TreeType":"Tree","GlobalID":"{9681DE6D-1F9A-400B-B47E-B121D0886BF0}","created_user":null,"created_date":null,"last_edited_user":"RASOO","last_edited_date":1769535551000,"VALIDATIONSTATUS":0}},{"type":"Feature","id":275,"geometry":{"type":"Point","coordinates":[50.202363847591016,26.297252926967271]},"properties":{"OBJECTID":275,"Road_Name":"19th Street","TreeType":"Tree","GlobalID":"{8CED430C-7462-41C3-9DEB-AB81C439DF32}","created_user":null,"created_date":null,"last_edited_user":"RASOO","last_edited_date":1769535551000,"VALIDATIONSTATUS":0}},{"type":"Feature","id":276,"geometry":{"type":"Point","coordinates":[50.20231046759212,26.297260340968492]},"properties":{"OBJECTID":276,"Road_Name":"19th Street","TreeType":"Tree","GlobalID":"{50CD90E4-1F16-49B0-B237-F7EA2908DEAC}","created_user":null,"created_date":null,"last_edited_user":"RASOO","last_edited_date":1769535551000,"VALIDATIONSTATUS":0}},{"type":"Feature","id":277,"geometry":{"type":"Point","coordinates":[50.206222681482345,26.295684246876636]},"properties":{"OBJECTID":277,"Road_Name":"Prince Methab Street","TreeType":"Palm Tree","GlobalID":"{2F359577-2D44-4F62-B063-15FB07416797}","created_user":null,"created_date":null,"last_edited_user":"RASOO","last_edited_date":1769535551000,"VALIDATIONSTATUS":0}},{"type":"Feature","id":278,"geometry":{"type":"Point","coordinates":[50.206093393485432,26.295718565879628]},"properties":{"OBJECTID":278,"Road_Name":"Prince Methab Street","TreeType":"Tree","GlobalID":"{5C36B8EA-AF06-42CA-B720-22825A1F0D00}","created_user":null,"created_date":null,"last_edited_user":"RASOO","last_edited_date":1769535551000,"VALIDATIONSTATUS":0}},{"type":"Feature","id":279,"geometry":{"type":"Point","coordinates":[50.206124242488848,26.295853792878994]},"properties":{"OBJECTID":279,"Road_Name":"Prince Methab Street","TreeType":"Tree","GlobalID":"{2C0D343C-2541-4B9E-94E1-85BFAF101174}","created_user":null,"created_date":null,"last_edited_user":"RASOO","last_edited_date":1769535551000,"VALIDATIONSTATUS":0}},{"type":"Feature","id":280,"geometry":{"type":"Point","coordinates":[50.205661722495542,26.295823102889766]},"properties":{"OBJECTID":280,"Road_Name":"Prince Mashari Street","TreeType":"Palm Tree","GlobalID":"{F5316C62-11D0-4639-9A14-5B421B09FF0B}","created_user":null,"created_date":null,"last_edited_user":"RASOO","last_edited_date":1769535551000,"VALIDATIONSTATUS":0}},{"type":"Feature","id":281,"geometry":{"type":"Point","coordinates":[50.205068781502739,26.295732642903548]},"properties":{"OBJECTID":281,"Road_Name":"17th Street","TreeType":"Tree","GlobalID":"{955F3D8F-30E5-4284-B5C6-9169CF39C99B}","created_user":null,"created_date":null,"last_edited_user":"RASOO","last_edited_date":1769535551000,"VALIDATIONSTATUS":0}},{"type":"Feature","id":282,"geometry":{"type":"Point","coordinates":[50.20491229250527,26.295731322907237]},"properties":{"OBJECTID":282,"Road_Name":"Prince Ahmad Street","TreeType":"Tree","GlobalID":"{2550AA34-CA35-429C-BBDC-23C6AE2A0277}","created_user":null,"created_date":null,"last_edited_user":"RASOO","last_edited_date":1769535551000,"VALIDATIONSTATUS":0}},{"type":"Feature","id":283,"geometry":{"type":"Point","coordinates":[50.20210703457272,26.29646788997298]},"properties":{"OBJECTID":283,"Road_Name":"Prince Mashhour Street","TreeType":"Palm Tree","GlobalID":"{585F2D24-E3DF-43B7-9287-B7433F16E172}","created_user":null,"created_date":null,"last_edited_user":"RASOO","last_edited_date":1769535551000,"VALIDATIONSTATUS":0}},{"type":"Feature","id":284,"geometry":{"type":"Point","coordinates":[50.202108976574273,26.296523538972949]},"properties":{"OBJECTID":284,"Road_Name":"Prince Mashhour Street","TreeType":"Palm Tree","GlobalID":"{1A418832-F6DF-4C92-ACD4-9665AC71D7D8}","created_user":null,"created_date":null,"last_edited_user":"RASOO","last_edited_date":1769535551000,"VALIDATIONSTATUS":0}},{"type":"Feature","id":285,"geometry":{"type":"Point","coordinates":[50.202029384575567,26.296523538974807]},"properties":{"OBJECTID":285,"Road_Name":"Prince Mashhour Street","TreeType":"Tree","GlobalID":"{D0BA1F28-487F-4627-9956-434EDC51F5C7}","created_user":null,"created_date":null,"last_edited_user":"RASOO","last_edited_date":1769535551000,"VALIDATIONSTATUS":0}},{"type":"Feature","id":286,"geometry":{"type":"Point","coordinates":[50.200845219595479,26.296536481002466]},"properties":{"OBJECTID":286,"Road_Name":"Prince Sattam Street","TreeType":"Palm Tree","GlobalID":"{F1595B92-B65D-4823-83BE-DAA122A09030}","created_user":null,"created_date":null,"last_edited_user":"RASOO","last_edited_date":1769535551000,"VALIDATIONSTATUS":0}},{"type":"Feature","id":287,"geometry":{"type":"Point","coordinates":[50.200857514597203,26.296604425002233]},"properties":{"OBJECTID":287,"Road_Name":"Prince Sattam Street","TreeType":"Palm Tree","GlobalID":"{7D4673D2-A28D-4D94-A0CD-EFF56A9B85EA}","created_user":null,"created_date":null,"last_edited_user":"RASOO","last_edited_date":1769535551000,"VALIDATIONSTATUS":0}},{"type":"Feature","id":288,"geometry":{"type":"Point","coordinates":[50.204769348488,26.29504827691034]},"properties":{"OBJECTID":288,"Road_Name":"Prince Ahmad Street","TreeType":"Tree","GlobalID":"{422D5B96-BF18-42B3-A885-421E45DA11DE}","created_user":null,"created_date":null,"last_edited_user":"RASOO","last_edited_date":1769535551000,"VALIDATIONSTATUS":0}},{"type":"Feature","id":289,"geometry":{"type":"Point","coordinates":[50.204796133489282,26.29510854390972]},"properties":{"OBJECTID":289,"Road_Name":"Prince Ahmad Street","TreeType":"Tree","GlobalID":"{D8B4CCB7-02F6-4E74-A45B-0DC1B9E0E975}","created_user":null,"created_date":null,"last_edited_user":"RASOO","last_edited_date":1769535551000,"VALIDATIONSTATUS":0}},{"type":"Feature","id":290,"geometry":{"type":"Point","coordinates":[50.200501742663889,26.298719565011265]},"properties":{"OBJECTID":290,"Road_Name":"Al Amir Humud Bin Abdulaziz Street","TreeType":"Tree","GlobalID":"{D4E167B5-5B01-4960-90D3-D2FB67E34D3B}","created_user":null,"created_date":null,"last_edited_user":"RASOO","last_edited_date":1769535551000,"VALIDATIONSTATUS":0}},{"type":"Feature","id":291,"geometry":{"type":"Point","coordinates":[50.200502950664379,26.298737090011215]},"properties":{"OBJECTID":291,"Road_Name":"Al Amir Humud Bin Abdulaziz Street","TreeType":"Tree","GlobalID":"{D9992AB6-B03B-4BC5-83B6-3B5DB532FDC9}","created_user":null,"created_date":null,"last_edited_user":"RASOO","last_edited_date":1769535551000,"VALIDATIONSTATUS":0}},{"type":"Feature","id":292,"geometry":{"type":"Point","coordinates":[50.200509598664908,26.298760659011066]},"properties":{"OBJECTID":292,"Road_Name":"Al Amir Humud Bin Abdulaziz Street","TreeType":"Tree","GlobalID":"{3F1CA61D-7091-4149-BBE7-6217B82F381E}","created_user":null,"created_date":null,"last_edited_user":"RASOO","last_edited_date":1769535551000,"VALIDATIONSTATUS":0}},{"type":"Feature","id":293,"geometry":{"type":"Point","coordinates":[50.200512620665521,26.298782414010994]},"properties":{"OBJECTID":293,"Road_Name":"Al Amir Humud Bin Abdulaziz Street","TreeType":"Tree","GlobalID":"{02EBF190-39D0-4BCC-B158-48193E606F88}","created_user":null,"created_date":null,"last_edited_user":"RASOO","last_edited_date":1769535551000,"VALIDATIONSTATUS":0}},{"type":"Feature","id":294,"geometry":{"type":"Point","coordinates":[50.200524102666293,26.298816257010767]},"properties":{"OBJECTID":294,"Road_Name":"Al Amir Humud Bin Abdulaziz Street","TreeType":"Tree","GlobalID":"{77B8E1AE-08D1-48EE-8DB2-ECB33762EC51}","created_user":null,"created_date":null,"last_edited_user":"RASOO","last_edited_date":1769535551000,"VALIDATIONSTATUS":0}},{"type":"Feature","id":295,"geometry":{"type":"Point","coordinates":[50.200676240689617,26.299715414007505]},"properties":{"OBJECTID":295,"Road_Name":"Al Amir Humud Bin Abdulaziz Street","TreeType":"Tree","GlobalID":"{7F7429B0-2E47-4FEE-AB7D-30614B715FC1}","created_user":null,"created_date":null,"last_edited_user":"RASOO","last_edited_date":1769535551000,"VALIDATIONSTATUS":0}},{"type":"Feature","id":296,"geometry":{"type":"Point","coordinates":[50.201353233667696,26.299340808991587]},"properties":{"OBJECTID":296,"Road_Name":"Al Amir Humud Bin Abdulaziz Street","TreeType":"Tree","GlobalID":"{F66C2926-DF04-46AE-AA38-CA1A7C8EC683}","created_user":null,"created_date":null,"last_edited_user":"RASOO","last_edited_date":1769535551000,"VALIDATIONSTATUS":0}},{"type":"Feature","id":297,"geometry":{"type":"Point","coordinates":[50.201129483662072,26.299015720996685]},"properties":{"OBJECTID":297,"Road_Name":"Prince Sattam Street","TreeType":"Tree","GlobalID":"{78DDEBAF-865A-46D9-945F-2A6FD5685D3E}","created_user":null,"created_date":null,"last_edited_user":"RASOO","last_edited_date":1769535551000,"VALIDATIONSTATUS":0}},{"type":"Feature","id":298,"geometry":{"type":"Point","coordinates":[50.20116442066125,26.299009110995868]},"properties":{"OBJECTID":298,"Road_Name":"Prince Sattam Street","TreeType":"Tree","GlobalID":"{41A6DFE1-C4BE-4B65-B869-13DDCBBAC3B1}","created_user":null,"created_date":null,"last_edited_user":"RASOO","last_edited_date":1769535551000,"VALIDATIONSTATUS":0}},{"type":"Feature","id":299,"geometry":{"type":"Point","coordinates":[50.201181417660948,26.299006278995449]},"properties":{"OBJECTID":299,"Road_Name":"Prince Sattam Street","TreeType":"Tree","GlobalID":"{332468E3-FDD8-421C-84F1-45E40CB93F52}","created_user":null,"created_date":null,"last_edited_user":"RASOO","last_edited_date":1769535551000,"VALIDATIONSTATUS":0}},{"type":"Feature","id":300,"geometry":{"type":"Point","coordinates":[50.201213521660371,26.2990062789947]},"properties":{"OBJECTID":300,"Road_Name":"Prince Sattam Street","TreeType":"Tree","GlobalID":"{6A0763EC-2BF8-4B35-874C-5B40A3D7806E}","created_user":null,"created_date":null,"last_edited_user":"RASOO","last_edited_date":1769535551000,"VALIDATIONSTATUS":0}},{"type":"Feature","id":301,"geometry":{"type":"Point","coordinates":[50.201322111655578,26.298901465992124]},"properties":{"OBJECTID":301,"Road_Name":"Prince Sattam Street","TreeType":"Tree","GlobalID":"{78BEDA31-54E3-401D-BF85-B1667B82BB48}","created_user":null,"created_date":null,"last_edited_user":"RASOO","last_edited_date":1769535551000,"VALIDATIONSTATUS":0}},{"type":"Feature","id":304,"geometry":{"type":"Point","coordinates":[50.201937010651669,26.299117209977837]},"properties":{"OBJECTID":304,"Road_Name":"Prince Abdulmajid Street","TreeType":"Tree","GlobalID":"{CFFA5FC0-036E-4E9C-A48E-01DDCEEA7B0B}","created_user":null,"created_date":null,"last_edited_user":"RASOO","last_edited_date":1769535551000,"VALIDATIONSTATUS":0}},{"type":"Feature","id":305,"geometry":{"type":"Point","coordinates":[50.201943658652418,26.299148633977687]},"properties":{"OBJECTID":305,"Road_Name":"Prince Abdulmajid Street","TreeType":"Tree","GlobalID":"{9AC015D8-47CD-4EC0-B849-6218F34CDDFE}","created_user":null,"created_date":null,"last_edited_user":"RASOO","last_edited_date":1769535551000,"VALIDATIONSTATUS":0}},{"type":"Feature","id":306,"geometry":{"type":"Point","coordinates":[50.203483474623312,26.299017495941701]},"properties":{"OBJECTID":306,"Road_Name":"22nd Street","TreeType":"Palm Tree","GlobalID":"{ED678CE7-53E3-43FE-9CB1-D172CACEF9A6}","created_user":null,"created_date":null,"last_edited_user":"RASOO","last_edited_date":1769535551000,"VALIDATIONSTATUS":0}},{"type":"Feature","id":307,"geometry":{"type":"Point","coordinates":[50.203669702617525,26.298924357937324]},"properties":{"OBJECTID":307,"Road_Name":"Prince Abdul Salam Street","TreeType":"Tree","GlobalID":"{84706176-EDF5-4ECD-A085-710375907F64}","created_user":null,"created_date":null,"last_edited_user":"RASOO","last_edited_date":1769535551000,"VALIDATIONSTATUS":0}},{"type":"Feature","id":308,"geometry":{"type":"Point","coordinates":[50.203648817618976,26.298961873937849]},"properties":{"OBJECTID":308,"Road_Name":"22nd Street","TreeType":"Tree","GlobalID":"{CCFF3C6E-3CAD-435E-A657-F35DBA99DD4D}","created_user":null,"created_date":null,"last_edited_user":"RASOO","last_edited_date":1769535551000,"VALIDATIONSTATUS":0}},{"type":"Feature","id":309,"geometry":{"type":"Point","coordinates":[50.203620583619973,26.298980825938518]},"properties":{"OBJECTID":309,"Road_Name":"22nd Street","TreeType":"Tree","GlobalID":"{573D5C9C-437A-4F7E-B1FD-D42A9B705222}","created_user":null,"created_date":null,"last_edited_user":"RASOO","last_edited_date":1769535551000,"VALIDATIONSTATUS":0}},{"type":"Feature","id":310,"geometry":{"type":"Point","coordinates":[50.203669702616601,26.298892255937329]},"properties":{"OBJECTID":310,"Road_Name":"Prince Abdul Salam Street","TreeType":"Tree","GlobalID":"{324C5666-8B00-4C49-80B2-26BFC248ACEC}","created_user":null,"created_date":null,"last_edited_user":"RASOO","last_edited_date":1769535551000,"VALIDATIONSTATUS":0}},{"type":"Feature","id":311,"geometry":{"type":"Point","coordinates":[50.204072689610229,26.298900861927923]},"properties":{"OBJECTID":311,"Road_Name":"22nd Street","TreeType":"Tree","GlobalID":"{72E7194B-EF9C-406A-9981-EA4E57F7965B}","created_user":null,"created_date":null,"last_edited_user":"RASOO","last_edited_date":1769535551000,"VALIDATIONSTATUS":0}},{"type":"Feature","id":312,"geometry":{"type":"Point","coordinates":[50.204118013609317,26.298895422926851]},"properties":{"OBJECTID":312,"Road_Name":"22nd Street","TreeType":"Tree","GlobalID":"{E2ADA300-968A-4837-8EC1-E065CE75461F}","created_user":null,"created_date":null,"last_edited_user":"RASOO","last_edited_date":1769535551000,"VALIDATIONSTATUS":0}},{"type":"Feature","id":313,"geometry":{"type":"Point","coordinates":[50.204198993607712,26.298885753924957]},"properties":{"OBJECTID":313,"Road_Name":"22nd Street","TreeType":"Tree","GlobalID":"{A7E8954F-5150-44AF-8BC3-F6CCEE744675}","created_user":null,"created_date":null,"last_edited_user":"RASOO","last_edited_date":1769535551000,"VALIDATIONSTATUS":0}},{"type":"Feature","id":314,"geometry":{"type":"Point","coordinates":[50.204240691606124,26.298853724923958]},"properties":{"OBJECTID":314,"Road_Name":"Prince Mamdouh Street","TreeType":"Tree","GlobalID":"{A3C52F97-ECAE-4350-B595-6CCA9BD1A403}","created_user":null,"created_date":null,"last_edited_user":"RASOO","last_edited_date":1769535551000,"VALIDATIONSTATUS":0}},{"type":"Feature","id":315,"geometry":{"type":"Point","coordinates":[50.205632448574974,26.298569692891398]},"properties":{"OBJECTID":315,"Road_Name":"Prince Ahmad Street","TreeType":"Tree","GlobalID":"{C64A2264-3931-4315-8C5A-C4500867A3B3}","created_user":null,"created_date":null,"last_edited_user":"RASOO","last_edited_date":1769535551000,"VALIDATIONSTATUS":0}},{"type":"Feature","id":316,"geometry":{"type":"Point","coordinates":[50.205644534575661,26.298599908891095]},"properties":{"OBJECTID":316,"Road_Name":"Prince Ahmad Street","TreeType":"Tree","GlobalID":"{7F7115C2-CF81-4804-871B-4B9F7B2CB361}","created_user":null,"created_date":null,"last_edited_user":"RASOO","last_edited_date":1769535551000,"VALIDATIONSTATUS":0}},{"type":"Feature","id":317,"geometry":{"type":"Point","coordinates":[50.205741226570382,26.298471187888783]},"properties":{"OBJECTID":317,"Road_Name":"Prince Ahmad Street","TreeType":"Tree","GlobalID":"{09685E1F-3947-4566-A0F0-3A8A1424A242}","created_user":null,"created_date":null,"last_edited_user":"RASOO","last_edited_date":1769535551000,"VALIDATIONSTATUS":0}},{"type":"Feature","id":318,"geometry":{"type":"Point","coordinates":[50.206609639549995,26.298260882868444]},"properties":{"OBJECTID":318,"Road_Name":"Prince Methab Street","TreeType":"Tree","GlobalID":"{75D16C6A-FFAD-4D93-AB63-A0E323AFDF17}","created_user":null,"created_date":null,"last_edited_user":"RASOO","last_edited_date":1769535551000,"VALIDATIONSTATUS":0}},{"type":"Feature","id":319,"geometry":{"type":"Point","coordinates":[50.206620517551833,26.298330984868212]},"properties":{"OBJECTID":319,"Road_Name":"Prince Methab Street","TreeType":"Tree","GlobalID":"{4FDC0DCD-CE1A-447B-972F-7A55058B2ACF}","created_user":null,"created_date":null,"last_edited_user":"RASOO","last_edited_date":1769535551000,"VALIDATIONSTATUS":0}},{"type":"Feature","id":320,"geometry":{"type":"Point","coordinates":[50.207349403540469,26.298353876851206]},"properties":{"OBJECTID":320,"Road_Name":"22nd Street","TreeType":"Palm Tree","GlobalID":"{1F3D8762-5284-40F8-8AB4-B0862BE883FC}","created_user":null,"created_date":null,"last_edited_user":"RASOO","last_edited_date":1769535551000,"VALIDATIONSTATUS":0}},{"type":"Feature","id":321,"geometry":{"type":"Point","coordinates":[50.207337027539673,26.298318293851484]},"properties":{"OBJECTID":321,"Road_Name":"Prince Abdul Rahman Street","TreeType":"Palm Tree","GlobalID":"{3A948EF8-8BB7-468E-B358-A57F979FE0BB}","created_user":null,"created_date":null,"last_edited_user":"RASOO","last_edited_date":1769535551000,"VALIDATIONSTATUS":0}},{"type":"Feature","id":322,"geometry":{"type":"Point","coordinates":[50.207279834533445,26.298069916852739]},"properties":{"OBJECTID":322,"Road_Name":"Prince Abdul Rahman Street","TreeType":"Tree","GlobalID":"{C33D2B13-707A-45D3-BD13-AB7708693C71}","created_user":null,"created_date":null,"last_edited_user":"RASOO","last_edited_date":1769535551000,"VALIDATIONSTATUS":0}},{"type":"Feature","id":323,"geometry":{"type":"Point","coordinates":[50.207276208532853,26.298048160852851]},"properties":{"OBJECTID":323,"Road_Name":"Prince Abdul Rahman Street","TreeType":"Tree","GlobalID":"{89FDCBE0-F6F1-4441-9362-AD9F33FFD6BD}","created_user":null,"created_date":null,"last_edited_user":"RASOO","last_edited_date":1769535551000,"VALIDATIONSTATUS":0}},{"type":"Feature","id":324,"geometry":{"type":"Point","coordinates":[50.207267747532171,26.298019153853012]},"properties":{"OBJECTID":324,"Road_Name":"Prince Abdul Rahman Street","TreeType":"Tree","GlobalID":"{59EEF524-96FE-457E-B3F5-92AFB16E3F35}","created_user":null,"created_date":null,"last_edited_user":"RASOO","last_edited_date":1769535551000,"VALIDATIONSTATUS":0}},{"type":"Feature","id":325,"geometry":{"type":"Point","coordinates":[50.208813607475612,26.296937414816526]},"properties":{"OBJECTID":325,"Road_Name":"King Abdulaziz Road","TreeType":"Palm Tree","GlobalID":"{A1DC3068-3EE4-4C3C-A1BE-361A9DEAD7DB}","created_user":null,"created_date":null,"last_edited_user":"RASOO","last_edited_date":1769535551000,"VALIDATIONSTATUS":0}},{"type":"Feature","id":326,"geometry":{"type":"Point","coordinates":[50.208774326472223,26.296796607817427]},"properties":{"OBJECTID":326,"Road_Name":"King Abdulaziz Road","TreeType":"Palm Tree","GlobalID":"{37EBC572-0B13-4C18-B4ED-DAB6FC333A11}","created_user":null,"created_date":null,"last_edited_user":"RASOO","last_edited_date":1769535551000,"VALIDATIONSTATUS":0}},{"type":"Feature","id":327,"geometry":{"type":"Point","coordinates":[50.207643732432935,26.294781405843125]},"properties":{"OBJECTID":327,"Road_Name":"King Abdulaziz Road","TreeType":"Tree","GlobalID":"{F1E3E249-BF4E-4269-857A-124E1C17B5B9}","created_user":null,"created_date":null,"last_edited_user":"RASOO","last_edited_date":1769535551000,"VALIDATIONSTATUS":0}},{"type":"Feature","id":328,"geometry":{"type":"Point","coordinates":[50.206237980445664,26.294417385875814]},"properties":{"OBJECTID":328,"Road_Name":"16th Street","TreeType":"Palm Tree","GlobalID":"{06B81E70-66B8-4D80-9AB2-172777D89AF0}","created_user":null,"created_date":null,"last_edited_user":"RASOO","last_edited_date":1769535551000,"VALIDATIONSTATUS":0}},{"type":"Feature","id":329,"geometry":{"type":"Point","coordinates":[50.206274844444927,26.29441315587496]},"properties":{"OBJECTID":329,"Road_Name":"16th Street","TreeType":"Palm Tree","GlobalID":"{11597FE1-83B2-47CF-8384-67AF9988A78F}","created_user":null,"created_date":null,"last_edited_user":"RASOO","last_edited_date":1769535551000,"VALIDATIONSTATUS":0}},{"type":"Feature","id":330,"geometry":{"type":"Point","coordinates":[50.206314729444074,26.294405299874064]},"properties":{"OBJECTID":330,"Road_Name":"16th Street","TreeType":"Palm Tree","GlobalID":"{CC93F5FB-12F4-4078-A499-D53CC00C30E4}","created_user":null,"created_date":null,"last_edited_user":"RASOO","last_edited_date":1769535551000,"VALIDATIONSTATUS":0}},{"type":"Feature","id":331,"geometry":{"type":"Point","coordinates":[50.206346758443388,26.29439925587327]},"properties":{"OBJECTID":331,"Road_Name":"16th Street","TreeType":"Palm Tree","GlobalID":"{6C2FA62B-DC2A-40BE-8ECC-4FB214082009}","created_user":null,"created_date":null,"last_edited_user":"RASOO","last_edited_date":1769535551000,"VALIDATIONSTATUS":0}},{"type":"Feature","id":332,"geometry":{"type":"Point","coordinates":[50.206381809442782,26.29439865187247]},"properties":{"OBJECTID":332,"Road_Name":"16th Street","TreeType":"Palm Tree","GlobalID":"{4AE83EAA-C305-4F7D-B876-EF7B5B4DF54A}","created_user":null,"created_date":null,"last_edited_user":"RASOO","last_edited_date":1769535551000,"VALIDATIONSTATUS":0}},{"type":"Feature","id":333,"geometry":{"type":"Point","coordinates":[50.203690303539908,26.29623488893591]},"properties":{"OBJECTID":333,"Road_Name":"Prince Mamdouh Street","TreeType":"Tree","GlobalID":"{84EF440F-AE94-4658-9794-D2CA92C74513}","created_user":null,"created_date":null,"last_edited_user":"RASOO","last_edited_date":1769535551000,"VALIDATIONSTATUS":0}},{"type":"Feature","id":334,"geometry":{"type":"Point","coordinates":[50.202148334546216,26.295570132971697]},"properties":{"OBJECTID":334,"Road_Name":"Prince Mashhour Street","TreeType":"Tree","GlobalID":"{E038FEFD-4B21-4180-AC66-050E63830A49}","created_user":null,"created_date":null,"last_edited_user":"RASOO","last_edited_date":1769535551000,"VALIDATIONSTATUS":0}},{"type":"Feature","id":335,"geometry":{"type":"Point","coordinates":[50.202133415548857,26.295652622972074]},"properties":{"OBJECTID":335,"Road_Name":"Prince Mashhour Street","TreeType":"Tree","GlobalID":"{4CB89E41-93D8-409F-8BA7-D412C41C4F76}","created_user":null,"created_date":null,"last_edited_user":"RASOO","last_edited_date":1769535551000,"VALIDATIONSTATUS":0}},{"type":"Feature","id":336,"geometry":{"type":"Point","coordinates":[50.20215275355006,26.295707011971658]},"properties":{"OBJECTID":336,"Road_Name":"Prince Mashhour Street","TreeType":"Tree","GlobalID":"{14A378E7-03A3-4756-B8EC-09F5AFE10990}","created_user":null,"created_date":null,"last_edited_user":"RASOO","last_edited_date":1769535551000,"VALIDATIONSTATUS":0}},{"type":"Feature","id":337,"geometry":{"type":"Point","coordinates":[50.20071312561501,26.297139722005777]},"properties":{"OBJECTID":337,"Road_Name":"Al Amir Humud Bin Abdulaziz Street","TreeType":"Tree","GlobalID":"{1573784B-9D6F-4D7D-8937-56C4E4348826}","created_user":null,"created_date":null,"last_edited_user":"RASOO","last_edited_date":1769535551000,"VALIDATIONSTATUS":0}},{"type":"Feature","id":338,"geometry":{"type":"Point","coordinates":[50.200944711588377,26.296346387000074]},"properties":{"OBJECTID":338,"Road_Name":"Prince Sattam Street","TreeType":"Palm Tree","GlobalID":"{88F52A23-940A-415B-A498-0014F0E3CF6A}","created_user":null,"created_date":null,"last_edited_user":"RASOO","last_edited_date":1769535551000,"VALIDATIONSTATUS":0}},{"type":"Feature","id":340,"geometry":{"type":"Point","coordinates":[50.200925977587026,26.296289580000472]},"properties":{"OBJECTID":340,"Road_Name":"Prince Sattam Street","TreeType":"Palm Tree","GlobalID":"{7A82BAAE-521B-4A76-9D89-5ADEAAF6DA50}","created_user":null,"created_date":null,"last_edited_user":"RASOO","last_edited_date":1769535551000,"VALIDATIONSTATUS":0}},{"type":"Feature","id":341,"geometry":{"type":"Point","coordinates":[50.200928394585823,26.296248486000422]},"properties":{"OBJECTID":341,"Road_Name":"Prince Sattam Street","TreeType":"Tree","GlobalID":"{D7DAD7BD-FAD2-427F-BE8F-E69CF88671CA}","created_user":null,"created_date":null,"last_edited_user":"RASOO","last_edited_date":1769535551000,"VALIDATIONSTATUS":0}},{"type":"Feature","id":342,"geometry":{"type":"Point","coordinates":[50.200930811584428,26.296200745000338]},"properties":{"OBJECTID":342,"Road_Name":"Prince Sattam Street","TreeType":"Tree","GlobalID":"{543456B8-D353-4101-80FF-8FB746669784}","created_user":null,"created_date":null,"last_edited_user":"RASOO","last_edited_date":1769535551000,"VALIDATIONSTATUS":0}},{"type":"Feature","id":343,"geometry":{"type":"Point","coordinates":[50.201131447586469,26.296387480995715]},"properties":{"OBJECTID":343,"Road_Name":"17th Street","TreeType":"Tree","GlobalID":"{AFC10362-D3CB-4490-B006-8FDD855DAED4}","created_user":null,"created_date":null,"last_edited_user":"RASOO","last_edited_date":1769535551000,"VALIDATIONSTATUS":0}},{"type":"Feature","id":344,"geometry":{"type":"Point","coordinates":[50.201005264588801,26.296396834998713]},"properties":{"OBJECTID":344,"Road_Name":"17th Street","TreeType":"Tree","GlobalID":"{96022C7D-66E6-408B-9976-F41BEB87E588}","created_user":null,"created_date":null,"last_edited_user":"RASOO","last_edited_date":1769535551000,"VALIDATIONSTATUS":0}},{"type":"Feature","id":345,"geometry":{"type":"Point","coordinates":[50.200936806588835,26.296358546000253]},"properties":{"OBJECTID":345,"Road_Name":"Prince Sattam Street","TreeType":"Tree","GlobalID":"{2C643740-5DAA-4292-9D7D-A086DCB584C0}","created_user":null,"created_date":null,"last_edited_user":"RASOO","last_edited_date":1769535551000,"VALIDATIONSTATUS":0}},{"type":"Feature","id":346,"geometry":{"type":"Point","coordinates":[50.202002277580398,26.296675742975506]},"properties":{"OBJECTID":346,"Road_Name":"Prince Mashhour Street","TreeType":"Tree","GlobalID":"{16B46F99-FFBE-4AAB-A4D2-17E6E9508C1E}","created_user":null,"created_date":null,"last_edited_user":"RASOO","last_edited_date":1769535551000,"VALIDATIONSTATUS":0}},{"type":"Feature","id":347,"geometry":{"type":"Point","coordinates":[50.202021615577436,26.296583280975028]},"properties":{"OBJECTID":347,"Road_Name":"Prince Mashhour Street","TreeType":"Tree","GlobalID":"{61856383-C3C5-448F-A4AA-B9C6062C0CE2}","created_user":null,"created_date":null,"last_edited_user":"RASOO","last_edited_date":1769535551000,"VALIDATIONSTATUS":0}},{"type":"Feature","id":348,"geometry":{"type":"Point","coordinates":[50.202652170553684,26.296119198960128]},"properties":{"OBJECTID":348,"Road_Name":"Prince Hathool Street","TreeType":"Palm Tree","GlobalID":"{732E0038-B7CE-4235-BB93-041AD520C509}","created_user":null,"created_date":null,"last_edited_user":"RASOO","last_edited_date":1769535551000,"VALIDATIONSTATUS":0}},{"type":"Feature","id":349,"geometry":{"type":"Point","coordinates":[50.202658232571927,26.296757061960218]},"properties":{"OBJECTID":349,"Road_Name":"Prince Hathool Street","TreeType":"Tree","GlobalID":"{582EC42F-4467-437A-8320-E5F815A56AB4}","created_user":null,"created_date":null,"last_edited_user":"RASOO","last_edited_date":1769535551000,"VALIDATIONSTATUS":0}},{"type":"Feature","id":350,"geometry":{"type":"Point","coordinates":[50.205430604488654,26.295450174895041]},"properties":{"OBJECTID":350,"Road_Name":"Prince Mashari Street","TreeType":"Palm Tree","GlobalID":"{03FAA646-9F25-48DB-9941-F46E219E507A}","created_user":null,"created_date":null,"last_edited_user":"RASOO","last_edited_date":1769535551000,"VALIDATIONSTATUS":0}},{"type":"Feature","id":351,"geometry":{"type":"Point","coordinates":[50.205448129489952,26.295504563894664]},"properties":{"OBJECTID":351,"Road_Name":"Prince Mashari Street","TreeType":"Palm Tree","GlobalID":"{7AC7CA62-D5FF-4B01-A569-D0C43682BE5E}","created_user":null,"created_date":null,"last_edited_user":"RASOO","last_edited_date":1769535551000,"VALIDATIONSTATUS":0}},{"type":"Feature","id":352,"geometry":{"type":"Point","coordinates":[50.205642721491166,26.295659874890127]},"properties":{"OBJECTID":352,"Road_Name":"17th Street","TreeType":"Palm Tree","GlobalID":"{E23FE9C0-0919-48EE-A913-A8EFBBF59DCA}","created_user":null,"created_date":null,"last_edited_user":"RASOO","last_edited_date":1769535551000,"VALIDATIONSTATUS":0}},{"type":"Feature","id":353,"geometry":{"type":"Point","coordinates":[50.206284060493793,26.296118442875322]},"properties":{"OBJECTID":353,"Road_Name":"Prince Methab Street","TreeType":"Tree","GlobalID":"{965C7305-5958-49EE-B529-DDE627AA6636}","created_user":null,"created_date":null,"last_edited_user":"RASOO","last_edited_date":1769535551000,"VALIDATIONSTATUS":0}},{"type":"Feature","id":354,"geometry":{"type":"Point","coordinates":[50.206269103491508,26.296030740875654]},"properties":{"OBJECTID":354,"Road_Name":"Prince Methab Street","TreeType":"Tree","GlobalID":"{8973FC73-5C5A-438F-B447-53AEE00F7A27}","created_user":null,"created_date":null,"last_edited_user":"RASOO","last_edited_date":1769535551000,"VALIDATIONSTATUS":0}},{"type":"Feature","id":355,"geometry":{"type":"Point","coordinates":[50.206837990477766,26.295879484862343]},"properties":{"OBJECTID":355,"Road_Name":"Prince Abdul Rahman Street","TreeType":"Tree","GlobalID":"{FE8B7C8D-7807-4EE7-8FA6-881CA687DE04}","created_user":null,"created_date":null,"last_edited_user":"RASOO","last_edited_date":1769535551000,"VALIDATIONSTATUS":0}},{"type":"Feature","id":356,"geometry":{"type":"Point","coordinates":[50.207515799493329,26.296808867846803]},"properties":{"OBJECTID":356,"Road_Name":"Prince Abdul Mohshin Street","TreeType":"Palm Tree","GlobalID":"{2AE048A5-7ECD-4EC9-8625-A966B2787979}","created_user":null,"created_date":null,"last_edited_user":"RASOO","last_edited_date":1769535551000,"VALIDATIONSTATUS":0}},{"type":"Feature","id":357,"geometry":{"type":"Point","coordinates":[50.20752349049625,26.296914864846659]},"properties":{"OBJECTID":357,"Road_Name":"Prince Abdul Mohshin Street","TreeType":"Palm Tree","GlobalID":"{11083A15-FFDB-4D0C-9E11-E3BFA901C5F7}","created_user":null,"created_date":null,"last_edited_user":"RASOO","last_edited_date":1769535551000,"VALIDATIONSTATUS":0}},{"type":"Feature","id":358,"geometry":{"type":"Point","coordinates":[50.20750987652292,26.297835460847296]},"properties":{"OBJECTID":358,"Road_Name":"Prince Abdul Rahman Street","TreeType":"Palm Tree","GlobalID":"{BCB71DAE-1C0B-40C8-9614-1F822A45FCD2}","created_user":null,"created_date":null,"last_edited_user":"RASOO","last_edited_date":1769535551000,"VALIDATIONSTATUS":0}},{"type":"Feature","id":359,"geometry":{"type":"Point","coordinates":[50.207459417522124,26.29777756584847]},"properties":{"OBJECTID":359,"Road_Name":"Prince Abdul Rahman Street","TreeType":"Palm Tree","GlobalID":"{1FF054B3-1836-40AD-AF0B-6B2742AB3422}","created_user":null,"created_date":null,"last_edited_user":"RASOO","last_edited_date":1769535551000,"VALIDATIONSTATUS":0}},{"type":"Feature","id":360,"geometry":{"type":"Point","coordinates":[50.20743604751793,26.297618753848951]},"properties":{"OBJECTID":360,"Road_Name":"Prince Abdul Rahman Street","TreeType":"Palm Tree","GlobalID":"{F9F4952F-A331-4EE8-970B-7E8FDFC83845}","created_user":null,"created_date":null,"last_edited_user":"RASOO","last_edited_date":1769535551000,"VALIDATIONSTATUS":0}},{"type":"Feature","id":361,"geometry":{"type":"Point","coordinates":[50.207620354514361,26.297600694844643]},"properties":{"OBJECTID":361,"Road_Name":"Prince Abdul Mohshin Street","TreeType":"Palm Tree","GlobalID":"{39630888-D903-4A65-BFFD-4CF40D214FEE}","created_user":null,"created_date":null,"last_edited_user":"RASOO","last_edited_date":1769535551000,"VALIDATIONSTATUS":0}},{"type":"Feature","id":362,"geometry":{"type":"Point","coordinates":[50.207659658513258,26.297585291843689]},"properties":{"OBJECTID":362,"Road_Name":"Prince Abdul Mohshin Street","TreeType":"Palm Tree","GlobalID":"{69899181-AD98-40F0-A9C6-29B3B1FFA5D4}","created_user":null,"created_date":null,"last_edited_user":"RASOO","last_edited_date":1769535551000,"VALIDATIONSTATUS":0}},{"type":"Feature","id":363,"geometry":{"type":"Point","coordinates":[50.207659658515063,26.297647966843741]},"properties":{"OBJECTID":363,"Road_Name":"Prince Abdul Mohshin Street","TreeType":"Palm Tree","GlobalID":"{BAC3ECF8-9DB5-4B00-85FB-D9B4A3C0D0A9}","created_user":null,"created_date":null,"last_edited_user":"RASOO","last_edited_date":1769535551000,"VALIDATIONSTATUS":0}},{"type":"Feature","id":364,"geometry":{"type":"Point","coordinates":[50.207678779517082,26.297728169843314]},"properties":{"OBJECTID":364,"Road_Name":"Prince Abdul Mohshin Street","TreeType":"Palm Tree","GlobalID":"{DC32D9E9-5B1B-4B35-8CF1-3E1B9669C2B6}","created_user":null,"created_date":null,"last_edited_user":"RASOO","last_edited_date":1769535551000,"VALIDATIONSTATUS":0}},{"type":"Feature","id":365,"geometry":{"type":"Point","coordinates":[50.207695245518934,26.297802529842926]},"properties":{"OBJECTID":365,"Road_Name":"Prince Abdul Mohshin Street","TreeType":"Palm Tree","GlobalID":"{FDFCFD91-D7CF-4C1C-87F4-3FE132FBD974}","created_user":null,"created_date":null,"last_edited_user":"RASOO","last_edited_date":1769535551000,"VALIDATIONSTATUS":0}},{"type":"Feature","id":366,"geometry":{"type":"Point","coordinates":[50.207660189519821,26.297814214843765]},"properties":{"OBJECTID":366,"Road_Name":"Prince Abdul Mohshin Street","TreeType":"Tree","GlobalID":"{CECE790F-272C-4F7B-BE93-1ACC5BD1CF9B}","created_user":null,"created_date":null,"last_edited_user":"RASOO","last_edited_date":1769535551000,"VALIDATIONSTATUS":0}},{"type":"Feature","id":367,"geometry":{"type":"Point","coordinates":[50.207605481521043,26.297824837845084]},"properties":{"OBJECTID":367,"Road_Name":"Prince Abdul Mohshin Street","TreeType":"Tree","GlobalID":"{4D4C6690-CFDC-4B92-8B0D-9E4E7C2D3E32}","created_user":null,"created_date":null,"last_edited_user":"RASOO","last_edited_date":1769535551000,"VALIDATIONSTATUS":0}},{"type":"Feature","id":368,"geometry":{"type":"Point","coordinates":[50.207351064524147,26.29778659585099]},"properties":{"OBJECTID":368,"Road_Name":"Prince Abdul Rahman Street","TreeType":"Tree","GlobalID":"{370ED26C-6A57-4709-9920-0C73B64AB3A9}","created_user":null,"created_date":null,"last_edited_user":"RASOO","last_edited_date":1769535551000,"VALIDATIONSTATUS":0}},{"type":"Feature","id":369,"geometry":{"type":"Point","coordinates":[50.207275641525115,26.297777034852729]},"properties":{"OBJECTID":369,"Road_Name":"Prince Abdul Rahman Street","TreeType":"Tree","GlobalID":"{58CF47CB-0618-477E-8A26-89AF27130049}","created_user":null,"created_date":null,"last_edited_user":"RASOO","last_edited_date":1769535551000,"VALIDATIONSTATUS":0}},{"type":"Feature","id":370,"geometry":{"type":"Point","coordinates":[50.20732623352179,26.297691520851554]},"properties":{"OBJECTID":370,"Road_Name":"Prince Abdul Rahman Street","TreeType":"Palm Tree","GlobalID":"{FB33EBB3-E754-4102-B5C4-77AF60778167}","created_user":null,"created_date":null,"last_edited_user":"RASOO","last_edited_date":1769535551000,"VALIDATIONSTATUS":0}},{"type":"Feature","id":371,"geometry":{"type":"Point","coordinates":[50.207209015524882,26.297729720854306]},"properties":{"OBJECTID":371,"Road_Name":"Prince Abdul Rahman Street","TreeType":"Palm Tree","GlobalID":"{45D1DB95-136E-4543-8B41-67B51BCBB4FE}","created_user":null,"created_date":null,"last_edited_user":"RASOO","last_edited_date":1769535551000,"VALIDATIONSTATUS":0}},{"type":"Feature","id":372,"geometry":{"type":"Point","coordinates":[50.207434951470127,26.295954514848376]},"properties":{"OBJECTID":372,"Road_Name":"Prince Abdul Mohshin Street","TreeType":"Tree","GlobalID":"{49C10D88-F3CB-4737-A9A0-50B15ECC7364}","created_user":null,"created_date":null,"last_edited_user":"RASOO","last_edited_date":1769535551000,"VALIDATIONSTATUS":0}},{"type":"Feature","id":374,"geometry":{"type":"Point","coordinates":[50.206817073497703,26.296560354863054]},"properties":{"OBJECTID":374,"Road_Name":"19th Street","TreeType":"Tree","GlobalID":"{CF37FCAD-0FCB-42BB-B74C-15A8D954FAD3}","created_user":null,"created_date":null,"last_edited_user":"RASOO","last_edited_date":1769535551000,"VALIDATIONSTATUS":0}},{"type":"Feature","id":376,"geometry":{"type":"Point","coordinates":[50.202810986574313,26.296927819956675]},"properties":{"OBJECTID":376,"Road_Name":"Prince Hathool Street","TreeType":"Tree","GlobalID":"{1F8B9E81-9B5D-4A8D-A910-8ABF3B06EDF3}","created_user":null,"created_date":null,"last_edited_user":"RASOO","last_edited_date":1769535551000,"VALIDATIONSTATUS":0}},{"type":"Feature","id":377,"geometry":{"type":"Point","coordinates":[50.201895815600828,26.297326257978231]},"properties":{"OBJECTID":377,"Road_Name":"19th Street","TreeType":"Palm Tree","GlobalID":"{593C62F4-0FD0-4EA6-A733-247D84CCCAC2}","created_user":null,"created_date":null,"last_edited_user":"RASOO","last_edited_date":1769535551000,"VALIDATIONSTATUS":0}},{"type":"Feature","id":378,"geometry":{"type":"Point","coordinates":[50.201634720611466,26.297546028984382]},"properties":{"OBJECTID":378,"Road_Name":"Prince Abdulmajid Street","TreeType":"Palm Tree","GlobalID":"{5FCADF93-9EFC-4F12-962D-BE836D5EB1FB}","created_user":null,"created_date":null,"last_edited_user":"RASOO","last_edited_date":1769535551000,"VALIDATIONSTATUS":0}},{"type":"Feature","id":379,"geometry":{"type":"Point","coordinates":[50.201611328609623,26.2974686129849]},"properties":{"OBJECTID":379,"Road_Name":"Prince Abdulmajid Street","TreeType":"Palm Tree","GlobalID":"{CE92EC3F-E855-4FA9-B937-CF2B948DFE43}","created_user":null,"created_date":null,"last_edited_user":"RASOO","last_edited_date":1769535551000,"VALIDATIONSTATUS":0}},{"type":"Feature","id":380,"geometry":{"type":"Point","coordinates":[50.201728843608642,26.297502029982159]},"properties":{"OBJECTID":380,"Road_Name":"Prince Abdulmajid Street","TreeType":"Palm Tree","GlobalID":"{B9BF7D31-29F3-4C05-B3C1-8E5A2C2082B1}","created_user":null,"created_date":null,"last_edited_user":"RASOO","last_edited_date":1769535551000,"VALIDATIONSTATUS":0}},{"type":"Feature","id":381,"geometry":{"type":"Point","coordinates":[50.201785652612379,26.297664657980889]},"properties":{"OBJECTID":381,"Road_Name":"Prince Abdulmajid Street","TreeType":"Palm Tree","GlobalID":"{E0CCDBB9-A7A6-42D2-B989-C0DDB594BD50}","created_user":null,"created_date":null,"last_edited_user":"RASOO","last_edited_date":1769535551000,"VALIDATIONSTATUS":0}},{"type":"Feature","id":383,"geometry":{"type":"Point","coordinates":[50.201506934606051,26.297284910987269]},"properties":{"OBJECTID":383,"Road_Name":"19th Street","TreeType":"Palm Tree","GlobalID":"{14FD98C6-34CC-487F-A37D-236A4707557D}","created_user":null,"created_date":null,"last_edited_user":"RASOO","last_edited_date":1769535551000,"VALIDATIONSTATUS":0}},{"type":"Feature","id":384,"geometry":{"type":"Point","coordinates":[50.201548393603446,26.297217987986308]},"properties":{"OBJECTID":384,"Road_Name":"19th Street","TreeType":"Palm Tree","GlobalID":"{6A55BEA4-1BE4-474C-99ED-4182CEC0ADA3}","created_user":null,"created_date":null,"last_edited_user":"RASOO","last_edited_date":1769535551000,"VALIDATIONSTATUS":0}},{"type":"Feature","id":385,"geometry":{"type":"Point","coordinates":[50.201518142609665,26.297417151987073]},"properties":{"OBJECTID":385,"Road_Name":"19th Street","TreeType":"Tree","GlobalID":"{837B7ABD-35BB-423F-854F-90B8B9F424E0}","created_user":null,"created_date":null,"last_edited_user":"RASOO","last_edited_date":1769535551000,"VALIDATIONSTATUS":0}},{"type":"Feature","id":386,"geometry":{"type":"Point","coordinates":[50.201407882608187,26.297301821989567]},"properties":{"OBJECTID":386,"Road_Name":"19th Street","TreeType":"Palm Tree","GlobalID":"{68FC3A71-4F2B-4963-AA5F-8B7DF64D0680}","created_user":null,"created_date":null,"last_edited_user":"RASOO","last_edited_date":1769535551000,"VALIDATIONSTATUS":0}},{"type":"Feature","id":387,"geometry":{"type":"Point","coordinates":[50.201366693609032,26.297308158990539]},"properties":{"OBJECTID":387,"Road_Name":"19th Street","TreeType":"Palm Tree","GlobalID":"{E134AD85-469C-4DB4-8F2C-A59F19B9C3C4}","created_user":null,"created_date":null,"last_edited_user":"RASOO","last_edited_date":1769535551000,"VALIDATIONSTATUS":0}},{"type":"Feature","id":388,"geometry":{"type":"Point","coordinates":[50.201276077651038,26.298716193993123]},"properties":{"OBJECTID":388,"Road_Name":"Prince Sattam Street","TreeType":"Tree","GlobalID":"{B5B9340B-9AD8-4B98-989A-E6D8B9B0C383}","created_user":null,"created_date":null,"last_edited_user":"RASOO","last_edited_date":1769535551000,"VALIDATIONSTATUS":0}},{"type":"Feature","id":389,"geometry":{"type":"Point","coordinates":[50.201741274625128,26.298082167982045]},"properties":{"OBJECTID":389,"Road_Name":"Prince Abdulmajid Street","TreeType":"Tree","GlobalID":"{D8E1AC09-4990-4381-BDAD-CC85A4E3912D}","created_user":null,"created_date":null,"last_edited_user":"RASOO","last_edited_date":1769535551000,"VALIDATIONSTATUS":0}},{"type":"Feature","id":390,"geometry":{"type":"Point","coordinates":[50.201753531626814,26.29814849898181]},"properties":{"OBJECTID":390,"Road_Name":"Prince Abdulmajid Street","TreeType":"Tree","GlobalID":"{D45DC246-2235-4AF1-B343-CB7B43E92880}","created_user":null,"created_date":null,"last_edited_user":"RASOO","last_edited_date":1769535551000,"VALIDATIONSTATUS":0}},{"type":"Feature","id":391,"geometry":{"type":"Point","coordinates":[50.201762182627746,26.298184547981638]},"properties":{"OBJECTID":391,"Road_Name":"Prince Abdulmajid Street","TreeType":"Tree","GlobalID":"{C8B29D68-ADED-446A-A47B-86CABBC39F70}","created_user":null,"created_date":null,"last_edited_user":"RASOO","last_edited_date":1769535551000,"VALIDATIONSTATUS":0}},{"type":"Feature","id":392,"geometry":{"type":"Point","coordinates":[50.202153678623297,26.298255925972491]},"properties":{"OBJECTID":392,"Road_Name":"20th Street","TreeType":"Tree","GlobalID":"{AC9F2CC0-2489-4289-B4BC-7DD173F67FE8}","created_user":null,"created_date":null,"last_edited_user":"RASOO","last_edited_date":1769535551000,"VALIDATIONSTATUS":0}},{"type":"Feature","id":393,"geometry":{"type":"Point","coordinates":[50.201722528622099,26.297966809982473]},"properties":{"OBJECTID":393,"Road_Name":"Prince Abdulmajid Street","TreeType":"Tree","GlobalID":"{E4EB4122-3DE1-4AE9-8FEE-C51A52E931B7}","created_user":null,"created_date":null,"last_edited_user":"RASOO","last_edited_date":1769535551000,"VALIDATIONSTATUS":0}},{"type":"Feature","id":394,"geometry":{"type":"Point","coordinates":[50.201955954633583,26.298499560977206]},"properties":{"OBJECTID":394,"Road_Name":"Prince Abdulmajid Street","TreeType":"Palm Tree","GlobalID":"{509909B3-7A28-4F41-8A22-30B89DF508BC}","created_user":null,"created_date":null,"last_edited_user":"RASOO","last_edited_date":1769535551000,"VALIDATIONSTATUS":0}},{"type":"Feature","id":395,"geometry":{"type":"Point","coordinates":[50.201843827636637,26.29854201297983]},"properties":{"OBJECTID":395,"Road_Name":"Prince Abdulmajid Street","TreeType":"Tree","GlobalID":"{B99501D6-C4D0-4A44-936B-AFF3F3EF2D49}","created_user":null,"created_date":null,"last_edited_user":"RASOO","last_edited_date":1769535551000,"VALIDATIONSTATUS":0}},{"type":"Feature","id":396,"geometry":{"type":"Point","coordinates":[50.201834137635565,26.298497715980044]},"properties":{"OBJECTID":396,"Road_Name":"Prince Abdulmajid Street","TreeType":"Tree","GlobalID":"{B1FFED70-EE54-482F-BB3C-6773B58418E3}","created_user":null,"created_date":null,"last_edited_user":"RASOO","last_edited_date":1769535551000,"VALIDATIONSTATUS":0}},{"type":"Feature","id":397,"geometry":{"type":"Point","coordinates":[50.201834137639679,26.298641220980087]},"properties":{"OBJECTID":397,"Road_Name":"Prince Abdulmajid Street","TreeType":"Tree","GlobalID":"{2E6BA358-0477-4485-9A5F-0D169E3DEFCC}","created_user":null,"created_date":null,"last_edited_user":"RASOO","last_edited_date":1769535551000,"VALIDATIONSTATUS":0}},{"type":"Feature","id":398,"geometry":{"type":"Point","coordinates":[50.2018655146396,26.298657370979384]},"properties":{"OBJECTID":398,"Road_Name":"Prince Abdulmajid Street","TreeType":"Tree","GlobalID":"{8AE7AD88-9530-4E4D-9C75-E0BC90B1F80F}","created_user":null,"created_date":null,"last_edited_user":"RASOO","last_edited_date":1769535551000,"VALIDATIONSTATUS":0}},{"type":"Feature","id":400,"geometry":{"type":"Point","coordinates":[50.203143952585918,26.297523538949147]},"properties":{"OBJECTID":400,"Road_Name":"Prince Hathool Street","TreeType":"Palm Tree","GlobalID":"{2F4C72E3-9F82-44B7-AC6F-1D42D360A6A4}","created_user":null,"created_date":null,"last_edited_user":"RASOO","last_edited_date":1769535551000,"VALIDATIONSTATUS":0}},{"type":"Feature","id":401,"geometry":{"type":"Point","coordinates":[50.202634575603078,26.297826938961094]},"properties":{"OBJECTID":401,"Road_Name":"Prince Hathool Street","TreeType":"Tree","GlobalID":"{FA7788D6-85C5-4621-848B-EC3C712E124E}","created_user":null,"created_date":null,"last_edited_user":"RASOO","last_edited_date":1769535551000,"VALIDATIONSTATUS":0}},{"type":"Feature","id":402,"geometry":{"type":"Point","coordinates":[50.203731570604965,26.298523364935772]},"properties":{"OBJECTID":402,"Road_Name":"Prince Abdul Salam Street","TreeType":"Palm Tree","GlobalID":"{20A416F5-FA78-47E4-A485-B57A8CEC9303}","created_user":null,"created_date":null,"last_edited_user":"RASOO","last_edited_date":1769535551000,"VALIDATIONSTATUS":0}},{"type":"Feature","id":403,"geometry":{"type":"Point","coordinates":[50.203746204606702,26.29859138593546]},"properties":{"OBJECTID":403,"Road_Name":"Prince Abdul Salam Street","TreeType":"Palm Tree","GlobalID":"{92241008-2AD6-42C0-899C-96E198AB6183}","created_user":null,"created_date":null,"last_edited_user":"RASOO","last_edited_date":1769535551000,"VALIDATIONSTATUS":0}},{"type":"Feature","id":404,"geometry":{"type":"Point","coordinates":[50.203580827606245,26.298481626939218]},"properties":{"OBJECTID":404,"Road_Name":"Prince Abdul Salam Street","TreeType":"Tree","GlobalID":"{1A65D5DC-0BFA-4D17-9883-47118DA87098}","created_user":null,"created_date":null,"last_edited_user":"RASOO","last_edited_date":1769535551000,"VALIDATIONSTATUS":0}},{"type":"Feature","id":405,"geometry":{"type":"Point","coordinates":[50.203643303612374,26.298729429937882]},"properties":{"OBJECTID":405,"Road_Name":"Prince Abdul Salam Street","TreeType":"Palm Tree","GlobalID":"{EB943E64-9170-49A1-A32A-2938F145EA38}","created_user":null,"created_date":null,"last_edited_user":"RASOO","last_edited_date":1769535551000,"VALIDATIONSTATUS":0}},{"type":"Feature","id":406,"geometry":{"type":"Point","coordinates":[50.203794505585797,26.297892044934056]},"properties":{"OBJECTID":406,"Road_Name":"20th Street","TreeType":"Palm Tree","GlobalID":"{389011F8-A236-41EA-A8D5-48F962D7833C}","created_user":null,"created_date":null,"last_edited_user":"RASOO","last_edited_date":1769535551000,"VALIDATIONSTATUS":0}},{"type":"Feature","id":407,"geometry":{"type":"Point","coordinates":[50.204089558571631,26.29756811692706]},"properties":{"OBJECTID":407,"Road_Name":"Prince MamdouhStreet","TreeType":"Tree","GlobalID":"{5AB35144-5A87-49C4-A23A-67D7B34F2586}","created_user":null,"created_date":null,"last_edited_user":"RASOO","last_edited_date":1769535551000,"VALIDATIONSTATUS":0}},{"type":"Feature","id":408,"geometry":{"type":"Point","coordinates":[50.204110558573454,26.297643192926628]},"properties":{"OBJECTID":408,"Road_Name":"Prince MamdouhStreet","TreeType":"Tree","GlobalID":"{30FFA198-8114-44E7-A738-9BF0FFDAF0F8}","created_user":null,"created_date":null,"last_edited_user":"RASOO","last_edited_date":1769535551000,"VALIDATIONSTATUS":0}},{"type":"Feature","id":409,"geometry":{"type":"Point","coordinates":[50.204003457575936,26.297669442929099]},"properties":{"OBJECTID":409,"Road_Name":"Prince MamdouhStreet","TreeType":"Tree","GlobalID":"{D5A2F4BD-AEAE-49A6-BA59-1852C679381C}","created_user":null,"created_date":null,"last_edited_user":"RASOO","last_edited_date":1769535551000,"VALIDATIONSTATUS":0}},{"type":"Feature","id":410,"geometry":{"type":"Point","coordinates":[50.204236560575836,26.297798593923705]},"properties":{"OBJECTID":410,"Road_Name":"20th Street","TreeType":"Palm Tree","GlobalID":"{3A0A5DA4-F941-43FA-AD64-41A7006029D1}","created_user":null,"created_date":null,"last_edited_user":"RASOO","last_edited_date":1769535551000,"VALIDATIONSTATUS":0}},{"type":"Feature","id":411,"geometry":{"type":"Point","coordinates":[50.204328436586181,26.298211248921703]},"properties":{"OBJECTID":411,"Road_Name":"Prince MamdouhStreet","TreeType":"Tree","GlobalID":"{A8EEBD23-1CED-4F62-94BE-8F30DDF5A7C1}","created_user":null,"created_date":null,"last_edited_user":"RASOO","last_edited_date":1769535551000,"VALIDATIONSTATUS":0}},{"type":"Feature","id":412,"geometry":{"type":"Point","coordinates":[50.205561150558459,26.297952945892817]},"properties":{"OBJECTID":412,"Road_Name":"Prince Ahmad Street","TreeType":"Palm Tree","GlobalID":"{CE8C3A51-C334-4ECE-8554-8D7A03781C23}","created_user":null,"created_date":null,"last_edited_user":"RASOO","last_edited_date":1769535551000,"VALIDATIONSTATUS":0}},{"type":"Feature","id":413,"geometry":{"type":"Point","coordinates":[50.205540150560878,26.298024871893361]},"properties":{"OBJECTID":413,"Road_Name":"Prince Ahmad Street","TreeType":"Palm Tree","GlobalID":"{0DC4BEA9-EAEF-4E0B-90F0-CF97337003EB}","created_user":null,"created_date":null,"last_edited_user":"RASOO","last_edited_date":1769535551000,"VALIDATIONSTATUS":0}},{"type":"Feature","id":414,"geometry":{"type":"Point","coordinates":[50.205587925562121,26.298096272892284]},"properties":{"OBJECTID":414,"Road_Name":"Prince Ahmad Street","TreeType":"Palm Tree","GlobalID":"{4F469572-66CE-4353-9E1E-E87775BC35D8}","created_user":null,"created_date":null,"last_edited_user":"RASOO","last_edited_date":1769535551000,"VALIDATIONSTATUS":0}},{"type":"Feature","id":415,"geometry":{"type":"Point","coordinates":[50.205578475565346,26.298202848892487]},"properties":{"OBJECTID":415,"Road_Name":"Prince Ahmad Street","TreeType":"Palm Tree","GlobalID":"{064B1512-53FE-41DC-A720-41996AAD2822}","created_user":null,"created_date":null,"last_edited_user":"RASOO","last_edited_date":1769535551000,"VALIDATIONSTATUS":0}},{"type":"Feature","id":416,"geometry":{"type":"Point","coordinates":[50.205860174554196,26.297977784885894]},"properties":{"OBJECTID":416,"Road_Name":"Prince Mashari Street","TreeType":"Tree","GlobalID":"{B593FA7F-2A9D-4086-B829-D53EBD20A47D}","created_user":null,"created_date":null,"last_edited_user":"RASOO","last_edited_date":1769535551000,"VALIDATIONSTATUS":0}},{"type":"Feature","id":417,"geometry":{"type":"Point","coordinates":[50.205902404551317,26.297900970884861]},"properties":{"OBJECTID":417,"Road_Name":"Prince Mashari Street","TreeType":"Tree","GlobalID":"{9C0DE747-4914-4FE2-86E6-6008382805C7}","created_user":null,"created_date":null,"last_edited_user":"RASOO","last_edited_date":1769535551000,"VALIDATIONSTATUS":0}},{"type":"Feature","id":418,"geometry":{"type":"Point","coordinates":[50.205806853560382,26.298162357887154]},"properties":{"OBJECTID":418,"Road_Name":"Prince Mashari Street","TreeType":"Tree","GlobalID":"{DCEDE154-347A-4D3F-85A0-6C00FBC363EA}","created_user":null,"created_date":null,"last_edited_user":"RASOO","last_edited_date":1769535551000,"VALIDATIONSTATUS":0}},{"type":"Feature","id":419,"geometry":{"type":"Point","coordinates":[50.205672451555827,26.297927220890205]},"properties":{"OBJECTID":419,"Road_Name":"Prince Ahmad Street","TreeType":"Tree","GlobalID":"{ED6AD33A-28AD-4528-986A-30A3C6398BA5}","created_user":null,"created_date":null,"last_edited_user":"RASOO","last_edited_date":1769535551000,"VALIDATIONSTATUS":0}},{"type":"Feature","id":420,"geometry":{"type":"Point","coordinates":[50.20582982255187,26.297879346886564]},"properties":{"OBJECTID":420,"Road_Name":"Prince Mashari Street","TreeType":"Palm Tree","GlobalID":"{2C369CB8-6105-4C5A-BC0E-68A71153B14B}","created_user":null,"created_date":null,"last_edited_user":"RASOO","last_edited_date":1769535551000,"VALIDATIONSTATUS":0}},{"type":"Feature","id":422,"geometry":{"type":"Point","coordinates":[50.207129583514615,26.297327759856]},"properties":{"OBJECTID":422,"Road_Name":"20th Street","TreeType":"Palm Tree","GlobalID":"{EA60AC97-061F-43A7-9B13-0860C151B098}","created_user":null,"created_date":null,"last_edited_user":"RASOO","last_edited_date":1769535551000,"VALIDATIONSTATUS":0}},{"type":"Feature","id":423,"geometry":{"type":"Point","coordinates":[50.207168672513788,26.297321738855096]},"properties":{"OBJECTID":423,"Road_Name":"20th Street","TreeType":"Palm Tree","GlobalID":"{22761FDE-A8FE-4C2A-9A5A-68907A42130B}","created_user":null,"created_date":null,"last_edited_user":"RASOO","last_edited_date":1769535551000,"VALIDATIONSTATUS":0}},{"type":"Feature","id":424,"geometry":{"type":"Point","coordinates":[50.207201072512952,26.297310937854323]},"properties":{"OBJECTID":424,"Road_Name":"20th Street","TreeType":"Palm Tree","GlobalID":"{4440312B-0639-4BB0-9DA9-E1523591AD69}","created_user":null,"created_date":null,"last_edited_user":"RASOO","last_edited_date":1769535551000,"VALIDATIONSTATUS":0}},{"type":"Feature","id":425,"geometry":{"type":"Point","coordinates":[50.207279753511372,26.297301285852502]},"properties":{"OBJECTID":425,"Road_Name":"20th Street","TreeType":"Palm Tree","GlobalID":"{BE603764-36CE-488C-90D1-BCB24C2E46FF}","created_user":null,"created_date":null,"last_edited_user":"RASOO","last_edited_date":1769535551000,"VALIDATIONSTATUS":0}},{"type":"Feature","id":426,"geometry":{"type":"Point","coordinates":[50.207319847510668,26.297300329851556]},"properties":{"OBJECTID":426,"Road_Name":"20th Street","TreeType":"Palm Tree","GlobalID":"{03057022-E4D2-4CAA-B846-28975E1C627A}","created_user":null,"created_date":null,"last_edited_user":"RASOO","last_edited_date":1769535551000,"VALIDATIONSTATUS":0}},{"type":"Feature","id":427,"geometry":{"type":"Point","coordinates":[50.207112785513466,26.297277678856386]},"properties":{"OBJECTID":427,"Road_Name":"Prince Abdul Rahman Street","TreeType":"Palm Tree","GlobalID":"{F7240595-1BD3-4422-95D9-0A4160CA02FB}","created_user":null,"created_date":null,"last_edited_user":"RASOO","last_edited_date":1769535551000,"VALIDATIONSTATUS":0}},{"type":"Feature","id":428,"geometry":{"type":"Point","coordinates":[50.206922831505935,26.296906730860691]},"properties":{"OBJECTID":428,"Road_Name":"Prince Abdul Rahman Street","TreeType":"Tree","GlobalID":"{61455085-C8E7-4694-8C82-6729B0BA085F}","created_user":null,"created_date":null,"last_edited_user":"RASOO","last_edited_date":1769535551000,"VALIDATIONSTATUS":0}},{"type":"Feature","id":429,"geometry":{"type":"Point","coordinates":[50.206875641501298,26.296719762861755]},"properties":{"OBJECTID":429,"Road_Name":"Prince Abdul Rahman Street","TreeType":"Tree","GlobalID":"{80D7F9AC-CE3F-4CA3-B91A-FF1B30C930FF}","created_user":null,"created_date":null,"last_edited_user":"RASOO","last_edited_date":1769535551000,"VALIDATIONSTATUS":0}},{"type":"Feature","id":430,"geometry":{"type":"Point","coordinates":[50.20752074549452,26.296853638846688]},"properties":{"OBJECTID":430,"Road_Name":"Prince Abdul Mohshin Street","TreeType":"Palm Tree","GlobalID":"{D45205FA-C742-4061-A9CB-9CD89B6D577E}","created_user":null,"created_date":null,"last_edited_user":"RASOO","last_edited_date":1769535551000,"VALIDATIONSTATUS":0}},{"type":"Feature","id":431,"geometry":{"type":"Point","coordinates":[50.203808972549908,26.296650172933322]},"properties":{"OBJECTID":431,"Road_Name":"Prince MamdouhStreet","TreeType":"Tree","GlobalID":"{DC588B22-EB43-412D-A41F-F53ED42DA11C}","created_user":null,"created_date":null,"last_edited_user":"RASOO","last_edited_date":1769535551000,"VALIDATIONSTATUS":0}},{"type":"Feature","id":432,"geometry":{"type":"Point","coordinates":[50.207208790442117,26.294850016853328]},"properties":{"OBJECTID":432,"Road_Name":"Prince Abdul Mohshin Street","TreeType":"Tree","GlobalID":"{FC69AE02-4B03-42AA-A51F-E50662F25EC6}","created_user":null,"created_date":null,"last_edited_user":"RASOO","last_edited_date":1769535551000,"VALIDATIONSTATUS":0}},{"type":"Feature","id":433,"geometry":{"type":"Point","coordinates":[50.207710125519483,26.297831412842626]},"properties":{"OBJECTID":433,"Road_Name":"Prince Abdul Mohshin Street","TreeType":"Tree","GlobalID":"{5EE4BD0F-F8F2-4ECE-BE4A-C32B4CA2F2B2}","created_user":null,"created_date":null,"last_edited_user":"RASOO","last_edited_date":1769535551000,"VALIDATIONSTATUS":0}},{"type":"Feature","id":434,"geometry":{"type":"Point","coordinates":[50.207189675522805,26.297646906854727]},"properties":{"OBJECTID":434,"Road_Name":"Prince Abdul Rahman Street","TreeType":"Palm Tree","GlobalID":"{32EFEE8C-AE05-48D4-AA90-50F2BCACF28E}","created_user":null,"created_date":null,"last_edited_user":"RASOO","last_edited_date":1769535551000,"VALIDATIONSTATUS":0}},{"type":"Feature","id":435,"geometry":{"type":"Point","coordinates":[50.20717371452016,26.297546481855044]},"properties":{"OBJECTID":435,"Road_Name":"Prince Abdul Rahman Street","TreeType":"Palm Tree","GlobalID":"{5E74AC36-745E-4CDB-A5BD-107747E4E9B7}","created_user":null,"created_date":null,"last_edited_user":"RASOO","last_edited_date":1769535551000,"VALIDATIONSTATUS":0}},{"type":"Feature","id":436,"geometry":{"type":"Point","coordinates":[50.207159378518703,26.297487344855369]},"properties":{"OBJECTID":436,"Road_Name":"Prince Abdul Rahman Street","TreeType":"Palm Tree","GlobalID":"{3F9F73FA-2F1C-41F4-8631-F17841B54F59}","created_user":null,"created_date":null,"last_edited_user":"RASOO","last_edited_date":1769535551000,"VALIDATIONSTATUS":0}},{"type":"Feature","id":437,"geometry":{"type":"Point","coordinates":[50.207152210517755,26.297450906855527]},"properties":{"OBJECTID":437,"Road_Name":"Prince Abdul Rahman Street","TreeType":"Palm Tree","GlobalID":"{85A6A58E-AC98-4585-B0F9-8BD1E79B2297}","created_user":null,"created_date":null,"last_edited_user":"RASOO","last_edited_date":1769535551000,"VALIDATIONSTATUS":0}},{"type":"Feature","id":438,"geometry":{"type":"Point","coordinates":[50.207087219525519,26.297683606857099]},"properties":{"OBJECTID":438,"Road_Name":"Prince Abdul Rahman Street","TreeType":"Palm Tree","GlobalID":"{5E9BFE83-2812-4B23-8B4F-2AEA5B9C8300}","created_user":null,"created_date":null,"last_edited_user":"RASOO","last_edited_date":1769535551000,"VALIDATIONSTATUS":0}},{"type":"Feature","id":439,"geometry":{"type":"Point","coordinates":[50.206938959505678,26.296907924860303]},"properties":{"OBJECTID":439,"Road_Name":"Prince Abdul Rahman Street","TreeType":"Palm Tree","GlobalID":"{E5927A5B-04F9-48D2-B69D-A2DFA5110FC1}","created_user":null,"created_date":null,"last_edited_user":"RASOO","last_edited_date":1769535551000,"VALIDATIONSTATUS":0}},{"type":"Feature","id":440,"geometry":{"type":"Point","coordinates":[50.201851270638535,26.298612207979662]},"properties":{"OBJECTID":440,"Road_Name":"Prince Abdulmajid Street","TreeType":"Tree","GlobalID":"{FE5AB96A-9843-425A-B94C-3C862A260C5F}","created_user":null,"created_date":null,"last_edited_user":"RASOO","last_edited_date":1769535551000,"VALIDATIONSTATUS":0}},{"type":"Feature","id":441,"geometry":{"type":"Point","coordinates":[50.201832537638836,26.298611443980104]},"properties":{"OBJECTID":441,"Road_Name":"Prince Abdulmajid Street","TreeType":"Palm Tree","GlobalID":"{9B57EAA1-02CB-4965-A559-EA858B7B9E7F}","created_user":null,"created_date":null,"last_edited_user":"RASOO","last_edited_date":1769535551000,"VALIDATIONSTATUS":0}},{"type":"Feature","id":444,"geometry":{"type":"Point","coordinates":[50.201944001636484,26.298594215977513]},"properties":{"OBJECTID":444,"Road_Name":"Prince Abdulmajid Street","TreeType":"Tree","GlobalID":"{CD8D880D-FF06-4FB3-9C84-38EB6A053C5D}","created_user":null,"created_date":null,"last_edited_user":"RASOO","last_edited_date":1769535551000,"VALIDATIONSTATUS":0}},{"type":"Feature","id":445,"geometry":{"type":"Point","coordinates":[50.203174174623001,26.298829965948865]},"properties":{"OBJECTID":445,"Road_Name":"Prince Hathool Street","TreeType":"Tree","GlobalID":"{BF9D7275-C5DF-4CAB-AC5A-DB4CEB72B6F9}","created_user":null,"created_date":null,"last_edited_user":"RASOO","last_edited_date":1769535551000,"VALIDATIONSTATUS":0}},{"type":"Feature","id":446,"geometry":{"type":"Point","coordinates":[50.202794444588605,26.297416095957228]},"properties":{"OBJECTID":446,"Road_Name":"Prince Hathool Street","TreeType":"Tree","GlobalID":"{7B5023F8-3212-4385-9306-A90323A01B75}","created_user":null,"created_date":null,"last_edited_user":"RASOO","last_edited_date":1769535551000,"VALIDATIONSTATUS":0}},{"type":"Feature","id":447,"geometry":{"type":"Point","coordinates":[50.202802091589646,26.297456148957089]},"properties":{"OBJECTID":447,"Road_Name":"Prince Hathool Street","TreeType":"Tree","GlobalID":"{180F4AC1-25E8-4247-957E-C963B19913FA}","created_user":null,"created_date":null,"last_edited_user":"RASOO","last_edited_date":1769535551000,"VALIDATIONSTATUS":0}},{"type":"Feature","id":448,"geometry":{"type":"Point","coordinates":[50.203210586568979,26.296971825947352]},"properties":{"OBJECTID":448,"Road_Name":"19th Street","TreeType":"Palm Tree","GlobalID":"{047B3537-2E45-4B08-B198-B0B6DE653721}","created_user":null,"created_date":null,"last_edited_user":"RASOO","last_edited_date":1769535551000,"VALIDATIONSTATUS":0}},{"type":"Feature","id":449,"geometry":{"type":"Point","coordinates":[50.202693993562157,26.296437595959272]},"properties":{"OBJECTID":449,"Road_Name":"Prince Hathool Street","TreeType":"Palm Tree","GlobalID":"{671AB788-97E1-4475-B994-CDE65C3275A1}","created_user":null,"created_date":null,"last_edited_user":"RASOO","last_edited_date":1769535551000,"VALIDATIONSTATUS":0}},{"type":"Feature","id":450,"geometry":{"type":"Point","coordinates":[50.203141449536759,26.295810334948634]},"properties":{"OBJECTID":450,"Road_Name":"Prince Abdul Salam Street","TreeType":"Palm Tree","GlobalID":"{CA281906-8864-4CF1-90AA-F8D7BD9AAB31}","created_user":null,"created_date":null,"last_edited_user":"RASOO","last_edited_date":1769535551000,"VALIDATIONSTATUS":0}},{"type":"Feature","id":451,"geometry":{"type":"Point","coordinates":[50.203127521551124,26.296303327949101]},"properties":{"OBJECTID":451,"Road_Name":"Prince Abdul Salam Street","TreeType":"Palm Tree","GlobalID":"{006FAE6B-2534-48E8-AF39-67AB841CEE1E}","created_user":null,"created_date":null,"last_edited_user":"RASOO","last_edited_date":1769535551000,"VALIDATIONSTATUS":0}},{"type":"Feature","id":452,"geometry":{"type":"Point","coordinates":[50.203079024552366,26.296318016950238]},"properties":{"OBJECTID":452,"Road_Name":"Prince Abdul Salam Street","TreeType":"Palm Tree","GlobalID":"{122378A2-80E9-4B40-8EB2-D6D9D4552069}","created_user":null,"created_date":null,"last_edited_user":"RASOO","last_edited_date":1769535551000,"VALIDATIONSTATUS":0}},{"type":"Feature","id":453,"geometry":{"type":"Point","coordinates":[50.202971770554669,26.296336120952731]},"properties":{"OBJECTID":453,"Road_Name":"Prince Abdul Salam Street","TreeType":"Palm Tree","GlobalID":"{4BE6F7E2-E584-4D71-B7DE-FB7F29562E74}","created_user":null,"created_date":null,"last_edited_user":"RASOO","last_edited_date":1769535551000,"VALIDATIONSTATUS":0}},{"type":"Feature","id":454,"geometry":{"type":"Point","coordinates":[50.203009274553729,26.296325925951844]},"properties":{"OBJECTID":454,"Road_Name":"Prince Abdul Salam Street","TreeType":"Palm Tree","GlobalID":"{0E083462-8A4F-481D-86F3-3538756374D4}","created_user":null,"created_date":null,"last_edited_user":"RASOO","last_edited_date":1769535551000,"VALIDATIONSTATUS":0}}]}